repayment_id,installment_id,loan_id,payment_date,principal_paid,interest_paid
R0000001,I001737-01,LN001737,2024-01-27,527777.78,114000.00
R0000002,I000391-01,LN000391,2024-02-01,1122222.23,121200.00
R0000003,I000382-01,LN000382,2024-02-05,991666.67,142800.00
R0000004,I000486-01,LN000486,2024-02-05,2044444.45,220800.00
R0000005,I000649-01,LN000649,2024-02-05,1191666.67,171600.00
R0000006,I000576-01,LN000576,2024-02-07,4400000.00,316800.00
R0000007,I000968-01,LN000968,2024-02-08,1266666.67,91200.00
R0000008,I001883-01,LN001883,2024-02-09,1566666.67,112800.00
R0000009,I000765-01,LN000765,2024-02-10,3416666.67,246000.00
R0000010,I000373-01,LN000373,2024-02-11,2433333.34,175200.00
R0000011,I001124-01,LN001124,2024-02-11,266666.67,38400.00
R0000012,I000211-01,LN000211,2024-02-12,3288888.89,355200.00
R0000013,I001147-01,LN001147,2024-02-13,1725000.00,248400.00
R0000014,I001792-01,LN001792,2024-02-13,1766666.67,190800.00
R0000015,I000246-01,LN000246,2024-02-14,3288888.89,355200.00
R0000016,I001451-01,LN001451,2024-02-15,4950000.00,356400.00
R0000017,I000384-01,LN000384,2024-02-16,633333.34,22800.00
R0000018,I000194-01,LN000194,2024-02-18,3155555.56,340800.00
R0000019,I001902-01,LN001902,2024-02-18,3733333.34,134400.00
R0000020,I000453-01,LN000453,2024-02-19,1005555.56,217200.00
R0000021,I001616-01,LN001616,2024-02-19,9233333.34,332400.00
R0000022,I000159-01,LN000159,2024-02-20,988888.89,213600.00
R0000023,I000761-01,LN000761,2024-02-20,555555.56,60000.00
R0000024,I000163-01,LN000163,2024-02-22,4033333.34,290400.00
R0000025,I000913-01,LN000913,2024-02-22,3133333.34,338400.00
R0000026,I000011-01,LN000011,2024-02-24,1916666.67,276000.00
R0000027,I001185-01,LN001185,2024-02-24,2666666.67,96000.00
R0000028,I001655-01,LN001655,2024-02-24,2466666.67,266400.00
R0000029,I000097-01,LN000097,2024-02-25,1495000.00,161460.00
R0000030,I001173-02,LN001173,2024-02-25,4100000.00,295200.00
R0000031,I001369-01,LN001369,2024-02-25,1341666.67,193200.00
R0000032,I000213-01,LN000213,2024-02-26,755555.56,163200.00
R0000033,I001249-01,LN001249,2024-02-26,2466666.67,266400.00
R0000034,I001629-01,LN001629,2024-02-26,1900000.00,136800.00
R0000035,I000349-01,LN000349,2024-02-27,4883333.34,351600.00
R0000036,I000369-01,LN000369,2024-02-29,377777.78,81600.00
R0000037,I000945-01,LN000945,2024-02-29,1733333.34,187200.00
R0000038,I000391-02,LN000391,2024-03-01,1122222.23,121200.00
R0000039,I000775-01,LN000775,2024-03-01,1208333.34,174000.00
R0000040,I001237-02,LN001237,2024-03-01,1533333.34,331200.00
R0000041,I001556-01,LN001556,2024-03-01,3433333.34,123600.00
R0000042,I001130-01,LN001130,2024-03-02,1825000.00,262800.00
R0000043,I001237-01,LN001237,2024-03-02,996666.67,215280.00
R0000044,I001686-01,LN001686,2024-03-02,1741666.67,250800.00
R0000045,I000243-01,LN000243,2024-03-03,450000.00,32400.00
R0000046,I000673-01,LN000673,2024-03-03,1066666.67,115200.00
R0000047,I000812-02,LN000812,2024-03-03,750000.00,54000.00
R0000048,I001261-01,LN001261,2024-03-03,761111.12,164400.00
R0000049,I001635-01,LN001635,2024-03-03,975000.00,140400.00
R0000050,I001737-02,LN001737,2024-03-03,527777.78,114000.00
R0000051,I000328-01,LN000328,2024-03-04,1008333.33,145200.00
R0000052,I001124-02,LN001124,2024-03-04,266666.67,38400.00
R0000053,I001894-01,LN001894,2024-03-04,1050000.00,226800.00
R0000054,I001411-01,LN001411,2024-03-05,2622222.23,283200.00
R0000055,I000725-01,LN000725,2024-03-06,1211111.12,261600.00
R0000056,I000322-01,LN000322,2024-03-07,766666.67,55200.00
R0000057,I000576-02,LN000576,2024-03-07,4400000.00,316800.00
R0000058,I001935-01,LN001935,2024-03-07,2583333.34,186000.00
R0000059,I000614-01,LN000614,2024-03-08,3516666.67,253200.00
R0000060,I001003-01,LN001003,2024-03-08,558333.34,80400.00
R0000061,I000424-01,LN000424,2024-03-09,3883333.34,279600.00
R0000062,I000759-01,LN000759,2024-03-10,4583333.34,330000.00
R0000063,I000765-02,LN000765,2024-03-10,3416666.67,246000.00
R0000064,I000565-01,LN000565,2024-03-11,3083333.34,222000.00
R0000065,I001883-02,LN001883,2024-03-11,1566666.67,112800.00
R0000066,I000459-01,LN000459,2024-03-12,3366666.67,242400.00
R0000067,I000649-02,LN000649,2024-03-12,1191666.67,171600.00
R0000068,I001399-01,LN001399,2024-03-12,1126666.67,162240.00
R0000069,I000373-02,LN000373,2024-03-13,2433333.34,175200.00
R0000070,I000029-01,LN000029,2024-03-16,1750000.00,126000.00
R0000071,I000114-01,LN000114,2024-03-16,2466666.67,177600.00
R0000072,I000246-02,LN000246,2024-03-16,3288888.89,355200.00
R0000073,I000403-01,LN000403,2024-03-16,2600000.00,187200.00
R0000074,I000758-01,LN000758,2024-03-16,1350000.00,97200.00
R0000075,I001596-01,LN001596,2024-03-16,488888.89,105600.00
R0000076,I001711-01,LN001711,2024-03-16,1566666.67,225600.00
R0000077,I001916-01,LN001916,2024-03-16,2216666.67,159600.00
R0000078,I000098-01,LN000098,2024-03-17,2250000.00,162000.00
R0000079,I000691-01,LN000691,2024-03-17,2200000.00,316800.00
R0000080,I000720-01,LN000720,2024-03-17,991666.67,142800.00
R0000081,I001090-01,LN001090,2024-03-17,2650000.00,190800.00
R0000082,I001345-01,LN001345,2024-03-17,1083333.34,234000.00
R0000083,I000194-02,LN000194,2024-03-18,1577777.78,170400.00
R0000084,I000384-02,LN000384,2024-03-18,633333.33,22800.00
R0000085,I000447-01,LN000447,2024-03-19,2108333.34,303600.00
R0000086,I000453-02,LN000453,2024-03-19,1005555.56,217200.00
R0000087,I001941-01,LN001941,2024-03-19,1750000.00,252000.00
R0000088,I000272-01,LN000272,2024-03-20,1450000.00,104400.00
R0000089,I000641-01,LN000641,2024-03-20,2050000.00,295200.00
R0000090,I001792-02,LN001792,2024-03-20,1766666.67,190800.00
R0000091,I000745-01,LN000745,2024-03-21,3066666.67,220800.00
R0000092,I000159-02,LN000159,2024-03-22,988888.89,213600.00
R0000093,I000563-01,LN000563,2024-03-22,3122222.23,337200.00
R0000094,I000816-01,LN000816,2024-03-22,1633333.34,58800.00
R0000095,I000243-02,LN000243,2024-03-23,450000.00,32400.00
R0000096,I001250-01,LN001250,2024-03-23,1311111.12,283200.00
R0000097,I001902-02,LN001902,2024-03-23,3733333.33,134400.00
R0000098,I000011-02,LN000011,2024-03-24,1916666.67,276000.00
R0000099,I000116-01,LN000116,2024-03-24,4300000.00,309600.00
R0000100,I000554-02,LN000554,2024-03-24,866666.67,124800.00
R0000101,I000959-02,LN000959,2024-03-24,966666.67,104400.00
R0000102,I001223-01,LN001223,2024-03-24,450000.00,32400.00
R0000103,I001451-02,LN001451,2024-03-24,4950000.00,356400.00
R0000104,I001610-01,LN001610,2024-03-24,4783333.34,344400.00
R0000105,I000486-02,LN000486,2024-03-25,2044444.45,220800.00
R0000106,I001508-01,LN001508,2024-03-25,2700000.00,291600.00
R0000107,I001904-01,LN001904,2024-03-25,1711111.12,184800.00
R0000108,I000213-02,LN000213,2024-03-26,755555.56,163200.00
R0000109,I000372-01,LN000372,2024-03-26,2277777.78,246000.00
R0000110,I000917-01,LN000917,2024-03-26,822222.22,177600.00
R0000111,I001044-01,LN001044,2024-03-26,1316666.67,94800.00
R0000112,I001701-01,LN001701,2024-03-26,2400000.00,172800.00
R0000113,I001919-01,LN001919,2024-03-26,1261111.12,272400.00
R0000114,I000082-01,LN000082,2024-03-27,1566666.67,112800.00
R0000115,I000163-02,LN000163,2024-03-27,4033333.34,290400.00
R0000116,I001459-02,LN001459,2024-03-27,8466666.67,304800.00
R0000117,I001952-01,LN001952,2024-03-27,2488888.89,268800.00
R0000118,I000055-01,LN000055,2024-03-28,300000.00,43200.00
R0000119,I000286-01,LN000286,2024-03-28,2644444.45,285600.00
R0000120,I000680-01,LN000680,2024-03-28,120000.00,25920.00
R0000121,I000725-02,LN000725,2024-03-28,1211111.12,261600.00
R0000122,I001249-02,LN001249,2024-03-28,2466666.67,266400.00
R0000123,I001751-01,LN001751,2024-03-28,1533333.34,220800.00
R0000124,I000283-01,LN000283,2024-03-29,4150000.00,298800.00
R0000125,I000486-03,LN000486,2024-03-29,2044444.45,220800.00
R0000126,I000702-01,LN000702,2024-03-29,722222.23,156000.00
R0000127,I001914-01,LN001914,2024-03-29,341666.67,49200.00
R0000128,I000909-01,LN000909,2024-03-30,1108333.34,159600.00
R0000129,I000418-02,LN000418,2024-03-31,3700000.00,133200.00
R0000130,I000340-01,LN000340,2024-04-01,2066666.67,223200.00
R0000131,I000391-03,LN000391,2024-04-01,1122222.22,121200.00
R0000132,I000673-02,LN000673,2024-04-01,1066666.67,115200.00
R0000133,I000709-01,LN000709,2024-04-01,150000.00,21600.00
R0000134,I000713-01,LN000713,2024-04-01,4800000.00,345600.00
R0000135,I001664-01,LN001664,2024-04-01,683333.34,49200.00
R0000136,I001737-03,LN001737,2024-04-01,422222.22,91200.00
R0000137,I000766-01,LN000766,2024-04-02,666666.67,96000.00
R0000138,I001124-03,LN001124,2024-04-02,266666.67,38400.00
R0000139,I001629-02,LN001629,2024-04-02,1900000.00,136800.00
R0000140,I001686-02,LN001686,2024-04-02,1741666.67,250800.00
R0000141,I000097-02,LN000097,2024-04-03,2300000.00,248400.00
R0000142,I000357-01,LN000357,2024-04-03,891666.67,128400.00
R0000143,I001003-02,LN001003,2024-04-03,558333.34,80400.00
R0000144,I001461-01,LN001461,2024-04-03,400000.00,86400.00
R0000145,I001464-02,LN001464,2024-04-03,633333.34,91200.00
R0000146,I001661-01,LN001661,2024-04-04,6666666.67,240000.00
R0000147,I001883-03,LN001883,2024-04-04,1566666.67,112800.00
R0000148,I000382-03,LN000382,2024-04-05,991666.67,142800.00
R0000149,I001635-02,LN001635,2024-04-05,975000.00,140400.00
R0000150,I000775-02,LN000775,2024-04-06,1208333.34,174000.00
R0000151,I000921-01,LN000921,2024-04-06,1922222.23,207600.00
R0000152,I001803-01,LN001803,2024-04-06,1888888.89,204000.00
R0000153,I000369-02,LN000369,2024-04-07,377777.78,81600.00
R0000154,I000433-01,LN000433,2024-04-07,977777.78,211200.00
R0000155,I001438-02,LN001438,2024-04-07,1044444.44,225600.00
R0000156,I001449-01,LN001449,2024-04-07,341666.67,49200.00
R0000157,I001464-03,LN001464,2024-04-07,633333.34,91200.00
R0000158,I001685-01,LN001685,2024-04-07,700000.00,75600.00
R0000159,I000720-02,LN000720,2024-04-08,991666.67,142800.00
R0000160,I000968-03,LN000968,2024-04-08,1266666.67,91200.00
R0000161,I000328-02,LN000328,2024-04-09,2016666.67,290400.00
R0000162,I000418-03,LN000418,2024-04-09,3700000.00,133200.00
R0000163,I000565-02,LN000565,2024-04-09,3083333.34,222000.00
R0000164,I000657-01,LN000657,2024-04-09,1758333.34,253200.00
R0000165,I000665-01,LN000665,2024-04-09,4200000.00,302400.00
R0000166,I001655-02,LN001655,2024-04-09,2466666.67,266400.00
R0000167,I001879-01,LN001879,2024-04-09,1700000.00,183600.00
R0000168,I000447-02,LN000447,2024-04-10,2108333.34,303600.00
R0000169,I000729-02,LN000729,2024-04-10,2044444.45,220800.00
R0000170,I000759-02,LN000759,2024-04-10,4583333.34,330000.00
R0000171,I000812-03,LN000812,2024-04-10,750000.00,54000.00
R0000172,I001237-03,LN001237,2024-04-10,1533333.34,331200.00
R0000173,I000384-03,LN000384,2024-04-11,633333.33,22800.00
R0000174,I000424-02,LN000424,2024-04-11,3883333.34,279600.00
R0000175,I000614-02,LN000614,2024-04-11,879166.66,63300.00
R0000176,I001130-02,LN001130,2024-04-11,1825000.00,262800.00
R0000177,I001596-02,LN001596,2024-04-11,488888.89,105600.00
R0000178,I000127-01,LN000127,2024-04-12,2355555.56,254400.00
R0000179,I000211-03,LN000211,2024-04-12,3288888.89,355200.00
R0000180,I000459-02,LN000459,2024-04-12,3366666.67,242400.00
R0000181,I000612-01,LN000612,2024-04-12,1283333.34,92400.00
R0000182,I000934-01,LN000934,2024-04-12,783333.34,112800.00
R0000183,I001616-03,LN001616,2024-04-12,9233333.33,332400.00
R0000184,I001888-01,LN001888,2024-04-12,238333.33,34320.00
R0000185,I000073-01,LN000073,2024-04-13,1104166.67,159000.00
R0000186,I000162-01,LN000162,2024-04-13,322222.22,69600.00
R0000187,I000913-02,LN000913,2024-04-13,3133333.34,338400.00
R0000188,I001754-01,LN001754,2024-04-13,6733333.34,242400.00
R0000189,I000246-03,LN000246,2024-04-14,3288888.89,355200.00
R0000190,I000745-02,LN000745,2024-04-14,3066666.67,220800.00
R0000191,I001411-02,LN001411,2024-04-14,2622222.23,283200.00
R0000192,I001935-02,LN001935,2024-04-14,2583333.34,186000.00
R0000193,I000691-02,LN000691,2024-04-15,2200000.00,316800.00
R0000194,I001094-01,LN001094,2024-04-15,350000.00,50400.00
R0000195,I001451-03,LN001451,2024-04-15,4950000.00,356400.00
R0000196,I000029-02,LN000029,2024-04-16,1750000.00,126000.00
R0000197,I000106-01,LN000106,2024-04-16,105555.56,22800.00
R0000198,I001369-02,LN001369,2024-04-16,1341666.67,193200.00
R0000199,I001711-02,LN001711,2024-04-16,1566666.67,225600.00
R0000200,I001649-01,LN001649,2024-04-17,2433333.34,175200.00
R0000201,I001660-01,LN001660,2024-04-17,877777.78,94800.00
R0000202,I001912-01,LN001912,2024-04-17,2275000.00,327600.00
R0000203,I000243-03,LN000243,2024-04-18,450000.00,32400.00
R0000204,I000272-02,LN000272,2024-04-18,1450000.00,104400.00
R0000205,I000340-03,LN000340,2024-04-18,2066666.67,223200.00
R0000206,I000349-03,LN000349,2024-04-18,4883333.33,351600.00
R0000207,I000802-01,LN000802,2024-04-18,2788888.89,301200.00
R0000208,I001147-03,LN001147,2024-04-18,1725000.00,248400.00
R0000209,I001903-02,LN001903,2024-04-18,2133333.34,307200.00
R0000210,I000453-03,LN000453,2024-04-19,1005555.56,217200.00
R0000211,I001044-02,LN001044,2024-04-19,1316666.67,94800.00
R0000212,I001055-02,LN001055,2024-04-19,3144444.45,339600.00
R0000213,I001345-02,LN001345,2024-04-19,1083333.34,234000.00
R0000214,I001701-02,LN001701,2024-04-19,2400000.00,172800.00
R0000215,I001961-01,LN001961,2024-04-19,3800000.00,273600.00
R0000216,I000097-03,LN000097,2024-04-20,2300000.00,248400.00
R0000217,I000159-03,LN000159,2024-04-20,988888.89,213600.00
R0000218,I000194-03,LN000194,2024-04-20,3155555.56,340800.00
R0000219,I000641-02,LN000641,2024-04-20,2050000.00,295200.00
R0000220,I001175-01,LN001175,2024-04-20,1983333.34,142800.00
R0000221,I001459-03,LN001459,2024-04-20,8466666.66,304800.00
R0000222,I001792-03,LN001792,2024-04-20,1766666.67,190800.00
R0000223,I000192-01,LN000192,2024-04-21,1766666.67,254400.00
R0000224,I000701-02,LN000701,2024-04-21,955555.56,103200.00
R0000225,I000816-02,LN000816,2024-04-21,1633333.33,58800.00
R0000226,I001394-01,LN001394,2024-04-21,1311111.12,141600.00
R0000227,I000116-02,LN000116,2024-04-22,4300000.00,309600.00
R0000228,I000623-01,LN000623,2024-04-22,2233333.34,321600.00
R0000229,I000913-03,LN000913,2024-04-22,3133333.34,338400.00
R0000230,I001087-01,LN001087,2024-04-22,2566666.67,92400.00
R0000231,I001223-02,LN001223,2024-04-22,450000.00,32400.00
R0000232,I001509-01,LN001509,2024-04-22,1433333.34,206400.00
R0000233,I001702-02,LN001702,2024-04-22,2355555.56,254400.00
R0000234,I000162-02,LN000162,2024-04-23,1288888.89,278400.00
R0000235,I000808-02,LN000808,2024-04-23,1416666.67,102000.00
R0000236,I000902-01,LN000902,2024-04-23,358333.34,51600.00
R0000237,I001687-01,LN001687,2024-04-23,3900000.00,280800.00
R0000238,I000369-03,LN000369,2024-04-24,377777.78,81600.00
R0000239,I000554-01,LN000554,2024-04-24,563333.33,81120.00
R0000240,I000758-02,LN000758,2024-04-25,1350000.00,97200.00
R0000241,I000761-03,LN000761,2024-04-25,555555.56,60000.00
R0000242,I000935-01,LN000935,2024-04-25,2033333.34,292800.00
R0000243,I000945-03,LN000945,2024-04-25,1733333.34,187200.00
R0000244,I001238-01,LN001238,2024-04-25,2100000.00,302400.00
R0000245,I001261-02,LN001261,2024-04-25,761111.12,164400.00
R0000246,I001508-02,LN001508,2024-04-25,2700000.00,291600.00
R0000247,I001902-03,LN001902,2024-04-25,3733333.33,134400.00
R0000248,I000372-02,LN000372,2024-04-26,2277777.78,246000.00
R0000249,I000812-04,LN000812,2024-04-26,750000.00,54000.00
R0000250,I001399-03,LN001399,2024-04-26,1408333.34,202800.00
R0000251,I001894-02,LN001894,2024-04-26,1050000.00,226800.00
R0000252,I000082-02,LN000082,2024-04-27,1566666.67,112800.00
R0000253,I000163-03,LN000163,2024-04-27,4033333.33,290400.00
R0000254,I001130-03,LN001130,2024-04-27,1825000.00,262800.00
R0000255,I001369-03,LN001369,2024-04-27,1341666.67,193200.00
R0000256,I001722-01,LN001722,2024-04-27,2177777.78,235200.00
R0000257,I001855-01,LN001855,2024-04-27,2555555.56,276000.00
R0000258,I000175-01,LN000175,2024-04-28,1225000.00,176400.00
R0000259,I000725-03,LN000725,2024-04-28,1211111.11,261600.00
R0000260,I001630-01,LN001630,2024-04-28,1072222.23,231600.00
R0000261,I001751-02,LN001751,2024-04-28,1533333.34,220800.00
R0000262,I000418-01,LN000418,2024-04-29,3700000.00,133200.00
R0000263,I000576-03,LN000576,2024-04-29,4400000.00,316800.00
R0000264,I000702-02,LN000702,2024-04-29,722222.23,156000.00
R0000265,I001456-01,LN001456,2024-04-29,1405555.56,303600.00
R0000266,I001772-01,LN001772,2024-04-29,1533333.34,110400.00
R0000267,I000114-02,LN000114,2024-04-30,2466666.67,177600.00
R0000268,I000286-02,LN000286,2024-04-30,2644444.45,285600.00
R0000269,I000340-02,LN000340,2024-04-30,2066666.67,223200.00
R0000270,I000560-01,LN000560,2024-04-30,722222.23,78000.00
R0000271,I000680-02,LN000680,2024-04-30,300000.00,64800.00
R0000272,I000937-01,LN000937,2024-04-30,5133333.34,184800.00
R0000273,I001185-03,LN001185,2024-04-30,2666666.66,96000.00
R0000274,I001250-02,LN001250,2024-04-30,1311111.12,283200.00
R0000275,I001655-03,LN001655,2024-04-30,2466666.67,266400.00
R0000276,I001830-01,LN001830,2024-04-30,161111.12,34800.00
R0000277,I000629-01,LN000629,2024-05-01,3150000.00,226800.00
R0000278,I000709-02,LN000709,2024-05-01,150000.00,21600.00
R0000279,I001027-01,LN001027,2024-05-01,400000.00,57600.00
R0000280,I001090-02,LN001090,2024-05-01,2650000.00,190800.00
R0000281,I001237-04,LN001237,2024-05-01,1533333.34,331200.00
R0000282,I001449-02,LN001449,2024-05-01,341666.67,49200.00
R0000283,I001664-02,LN001664,2024-05-01,683333.34,49200.00
R0000284,I001737-04,LN001737,2024-05-01,527777.78,114000.00
R0000285,I000349-02,LN000349,2024-05-02,4883333.34,351600.00
R0000286,I000351-01,LN000351,2024-05-02,3766666.67,271200.00
R0000287,I001147-02,LN001147,2024-05-02,1725000.00,248400.00
R0000288,I001685-02,LN001685,2024-05-02,700000.00,75600.00
R0000289,I000649-04,LN000649,2024-05-03,1191666.67,171600.00
R0000290,I001674-01,LN001674,2024-05-03,211111.12,22800.00
R0000291,I001046-01,LN001046,2024-05-04,225000.00,32400.00
R0000292,I001124-04,LN001124,2024-05-04,266666.67,38400.00
R0000293,I001661-02,LN001661,2024-05-04,6666666.67,240000.00
R0000294,I001686-03,LN001686,2024-05-04,1741666.67,250800.00
R0000295,I001894-03,LN001894,2024-05-04,1050000.00,226800.00
R0000296,I001952-02,LN001952,2024-05-04,2488888.89,268800.00
R0000297,I000127-02,LN000127,2024-05-05,2355555.56,254400.00
R0000298,I000283-02,LN000283,2024-05-05,4150000.00,298800.00
R0000299,I000486-04,LN000486,2024-05-05,2044444.45,220800.00
R0000300,I000729-03,LN000729,2024-05-05,2044444.45,220800.00
R0000301,I000929-02,LN000929,2024-05-05,1400000.00,100800.00
R0000302,I001249-03,LN001249,2024-05-05,2466666.67,266400.00
R0000303,I001261-03,LN001261,2024-05-05,761111.11,164400.00
R0000304,I001635-03,LN001635,2024-05-05,975000.00,140400.00
R0000305,I000391-04,LN000391,2024-05-06,729444.44,78780.00
R0000306,I000614-03,LN000614,2024-05-06,3516666.67,253200.00
R0000307,I000713-02,LN000713,2024-05-06,1920000.00,138240.00
R0000308,I000917-02,LN000917,2024-05-06,411111.11,88800.00
R0000309,I000921-02,LN000921,2024-05-06,1922222.23,207600.00
R0000310,I001173-04,LN001173,2024-05-06,2665000.00,191880.00
R0000311,I001630-02,LN001630,2024-05-06,1072222.23,231600.00
R0000312,I001903-03,LN001903,2024-05-06,2133333.34,307200.00
R0000313,I000098-02,LN000098,2024-05-07,2250000.00,162000.00
R0000314,I000766-02,LN000766,2024-05-07,666666.67,96000.00
R0000315,I001186-01,LN001186,2024-05-07,269444.44,58200.00
R0000316,I001559-01,LN001559,2024-05-07,1083333.33,78000.00
R0000317,I001629-03,LN001629,2024-05-07,1235000.00,88920.00
R0000318,I001879-02,LN001879,2024-05-07,1700000.00,183600.00
R0000319,I000775-03,LN000775,2024-05-08,1208333.34,174000.00
R0000320,I000968-04,LN000968,2024-05-08,1266666.67,91200.00
R0000321,I001003-03,LN001003,2024-05-08,223333.33,32160.00
R0000322,I001310-01,LN001310,2024-05-08,462222.22,49920.00
R0000323,I001415-01,LN001415,2024-05-08,200000.00,21600.00
R0000324,I001459-01,LN001459,2024-05-08,8466666.67,304800.00
R0000325,I001503-01,LN001503,2024-05-08,1650000.00,237600.00
R0000326,I001754-02,LN001754,2024-05-08,6733333.33,242400.00
R0000327,I001993-01,LN001993,2024-05-08,1533333.34,220800.00
R0000328,I000287-01,LN000287,2024-05-09,2033333.34,146400.00
R0000329,I000565-03,LN000565,2024-05-09,3083333.33,222000.00
R0000330,I000761-02,LN000761,2024-05-09,555555.56,60000.00
R0000331,I000788-01,LN000788,2024-05-09,1986666.67,143040.00
R0000332,I000816-03,LN000816,2024-05-09,1633333.33,58800.00
R0000333,I001610-02,LN001610,2024-05-09,3109166.67,223860.00
R0000334,I001616-02,LN001616,2024-05-09,6001666.66,216060.00
R0000335,I001720-01,LN001720,2024-05-09,1516666.67,218400.00
R0000336,I000232-03,LN000232,2024-05-10,9166666.66,330000.00
R0000337,I000357-02,LN000357,2024-05-10,356666.66,51360.00
R0000338,I000759-03,LN000759,2024-05-10,4583333.33,330000.00
R0000339,I000765-04,LN000765,2024-05-10,3416666.67,246000.00
R0000340,I000929-01,LN000929,2024-05-10,1400000.00,100800.00
R0000341,I001399-02,LN001399,2024-05-10,1408333.34,202800.00
R0000342,I001451-04,LN001451,2024-05-10,4950000.00,356400.00
R0000343,I001846-01,LN001846,2024-05-10,1750000.00,126000.00
R0000344,I000077-01,LN000077,2024-05-11,1883333.34,135600.00
R0000345,I000373-03,LN000373,2024-05-11,973333.33,70080.00
R0000346,I000373-04,LN000373,2024-05-11,2433333.33,175200.00
R0000347,I000657-02,LN000657,2024-05-11,1758333.34,253200.00
R0000348,I000696-03,LN000696,2024-05-11,3200000.00,345600.00
R0000349,I000949-01,LN000949,2024-05-11,3950000.00,284400.00
R0000350,I000964-02,LN000964,2024-05-11,1666666.67,180000.00
R0000351,I001792-04,LN001792,2024-05-11,1766666.67,190800.00
R0000352,I001803-02,LN001803,2024-05-11,1888888.89,204000.00
R0000353,I001904-03,LN001904,2024-05-11,1711111.11,184800.00
R0000354,I001990-01,LN001990,2024-05-11,1783333.34,256800.00
R0000355,I000382-04,LN000382,2024-05-12,991666.67,142800.00
R0000356,I000459-03,LN000459,2024-05-12,3366666.67,242400.00
R0000357,I000612-02,LN000612,2024-05-12,1283333.34,92400.00
R0000358,I000941-02,LN000941,2024-05-12,2058333.34,296400.00
R0000359,I001044-03,LN001044,2024-05-12,1316666.67,94800.00
R0000360,I001464-04,LN001464,2024-05-12,506666.67,72960.00
R0000361,I000403-02,LN000403,2024-05-13,2600000.00,187200.00
R0000362,I001042-01,LN001042,2024-05-13,606666.66,131040.00
R0000363,I001087-02,LN001087,2024-05-13,2566666.67,92400.00
R0000364,I001126-01,LN001126,2024-05-13,2316666.67,333600.00
R0000365,I001246-01,LN001246,2024-05-13,2083333.34,300000.00
R0000366,I001558-01,LN001558,2024-05-13,2650000.00,190800.00
R0000367,I000162-03,LN000162,2024-05-14,1288888.89,278400.00
R0000368,I000322-03,LN000322,2024-05-14,766666.67,55200.00
R0000369,I000808-03,LN000808,2024-05-14,1416666.67,102000.00
R0000370,I000945-02,LN000945,2024-05-14,1733333.34,187200.00
R0000371,I001916-02,LN001916,2024-05-14,1108333.33,79800.00
R0000372,I001916-03,LN001916,2024-05-14,2216666.67,159600.00
R0000373,I000159-04,LN000159,2024-05-15,988888.89,213600.00
R0000374,I000185-01,LN000185,2024-05-15,1177777.78,254400.00
R0000375,I000222-01,LN000222,2024-05-15,552083.33,79500.00
R0000376,I000222-02,LN000222,2024-05-15,2208333.34,318000.00
R0000377,I001080-01,LN001080,2024-05-15,716666.67,103200.00
R0000378,I001118-01,LN001118,2024-05-15,1866666.67,201600.00
R0000379,I001912-02,LN001912,2024-05-15,2275000.00,327600.00
R0000380,I000758-03,LN000758,2024-05-16,1350000.00,97200.00
R0000381,I001482-01,LN001482,2024-05-16,1233333.34,177600.00
R0000382,I001596-03,LN001596,2024-05-16,488888.89,105600.00
R0000383,I001630-03,LN001630,2024-05-16,1072222.23,231600.00
R0000384,I001779-01,LN001779,2024-05-16,1355555.56,146400.00
R0000385,I000011-04,LN000011,2024-05-17,1916666.67,276000.00
R0000386,I000540-01,LN000540,2024-05-17,3144444.45,339600.00
R0000387,I000585-02,LN000585,2024-05-17,1050000.00,75600.00
R0000388,I000691-03,LN000691,2024-05-17,2200000.00,316800.00
R0000389,I000813-01,LN000813,2024-05-17,3400000.00,244800.00
R0000390,I000268-01,LN000268,2024-05-18,2311111.12,249600.00
R0000391,I000272-03,LN000272,2024-05-18,1450000.00,104400.00
R0000392,I000340-04,LN000340,2024-05-18,2066666.67,223200.00
R0000393,I000353-01,LN000353,2024-05-18,1713333.33,246720.00
R0000394,I000601-02,LN000601,2024-05-18,1266666.67,91200.00
R0000395,I000649-03,LN000649,2024-05-18,1191666.67,171600.00
R0000396,I000802-02,LN000802,2024-05-18,2788888.89,301200.00
R0000397,I001854-01,LN001854,2024-05-18,3100000.00,334800.00
R0000398,I001919-02,LN001919,2024-05-18,1261111.12,272400.00
R0000399,I000230-01,LN000230,2024-05-19,716666.67,51600.00
R0000400,I000453-04,LN000453,2024-05-19,1005555.56,217200.00
R0000401,I000959-04,LN000959,2024-05-19,966666.67,104400.00
R0000402,I001055-03,LN001055,2024-05-19,3144444.45,339600.00
R0000403,I001394-02,LN001394,2024-05-19,1311111.11,141600.00
R0000404,I001941-03,LN001941,2024-05-19,1750000.00,252000.00
R0000405,I001961-02,LN001961,2024-05-19,3800000.00,273600.00
R0000406,I000194-04,LN000194,2024-05-20,3155555.56,340800.00
R0000407,I000847-01,LN000847,2024-05-20,2041666.67,294000.00
R0000408,I000909-02,LN000909,2024-05-20,1108333.34,159600.00
R0000409,I001369-04,LN001369,2024-05-20,1341666.67,193200.00
R0000410,I001702-03,LN001702,2024-05-20,2355555.56,254400.00
R0000411,I000403-03,LN000403,2024-05-21,2600000.00,187200.00
R0000412,I000433-02,LN000433,2024-05-21,977777.78,211200.00
R0000413,I000701-03,LN000701,2024-05-21,955555.56,103200.00
R0000414,I000917-03,LN000917,2024-05-21,1027777.78,222000.00
R0000415,I001250-03,LN001250,2024-05-21,1311111.11,283200.00
R0000416,I001486-01,LN001486,2024-05-21,394444.45,85200.00
R0000417,I001687-02,LN001687,2024-05-21,3900000.00,280800.00
R0000418,I001914-02,LN001914,2024-05-21,341666.67,49200.00
R0000419,I001935-03,LN001935,2024-05-21,2583333.33,186000.00
R0000420,I000011-03,LN000011,2024-05-22,958333.33,138000.00
R0000421,I000019-01,LN000019,2024-05-22,3000000.00,108000.00
R0000422,I000563-03,LN000563,2024-05-22,3122222.22,337200.00
R0000423,I000641-03,LN000641,2024-05-22,2050000.00,295200.00
R0000424,I001090-03,LN001090,2024-05-22,2650000.00,190800.00
R0000425,I001438-03,LN001438,2024-05-22,848611.11,183300.00
R0000426,I000114-03,LN000114,2024-05-23,2466666.67,177600.00
R0000427,I000243-04,LN000243,2024-05-23,450000.00,32400.00
R0000428,I000286-03,LN000286,2024-05-23,2644444.45,285600.00
R0000429,I000288-01,LN000288,2024-05-23,1288888.89,139200.00
R0000430,I000541-01,LN000541,2024-05-23,461111.12,99600.00
R0000431,I000765-03,LN000765,2024-05-23,3416666.67,246000.00
R0000432,I001147-04,LN001147,2024-05-23,862500.00,124200.00
R0000433,I001195-01,LN001195,2024-05-23,650000.00,46800.00
R0000434,I001415-02,LN001415,2024-05-23,500000.00,54000.00
R0000435,I000098-03,LN000098,2024-05-24,2250000.00,162000.00
R0000436,I000554-04,LN000554,2024-05-24,866666.67,124800.00
R0000437,I001223-03,LN001223,2024-05-24,450000.00,32400.00
R0000438,I001610-03,LN001610,2024-05-24,4783333.33,344400.00
R0000439,I001945-01,LN001945,2024-05-24,316666.67,45600.00
R0000440,I000097-04,LN000097,2024-05-25,2300000.00,248400.00
R0000441,I001452-02,LN001452,2024-05-25,688888.89,148800.00
R0000442,I001508-03,LN001508,2024-05-25,2700000.00,291600.00
R0000443,I000372-03,LN000372,2024-05-26,2277777.78,246000.00
R0000444,I000591-01,LN000591,2024-05-26,1277777.78,138000.00
R0000445,I001249-04,LN001249,2024-05-26,986666.66,106560.00
R0000446,I001345-03,LN001345,2024-05-26,1083333.34,234000.00
R0000447,I001655-04,LN001655,2024-05-26,2466666.67,266400.00
R0000448,I001701-03,LN001701,2024-05-26,2400000.00,172800.00
R0000449,I000082-03,LN000082,2024-05-27,1566666.67,112800.00
R0000450,I000163-04,LN000163,2024-05-27,4033333.33,290400.00
R0000451,I000273-01,LN000273,2024-05-27,3666666.67,264000.00
R0000452,I000349-04,LN000349,2024-05-27,4883333.33,351600.00
R0000453,I000357-03,LN000357,2024-05-27,891666.67,128400.00
R0000454,I000623-02,LN000623,2024-05-27,2233333.34,321600.00
R0000455,I000865-01,LN000865,2024-05-27,783333.34,112800.00
R0000456,I001238-02,LN001238,2024-05-27,2100000.00,302400.00
R0000457,I001318-01,LN001318,2024-05-27,2244444.45,242400.00
R0000458,I001411-03,LN001411,2024-05-27,2622222.22,283200.00
R0000459,I001536-01,LN001536,2024-05-27,222222.23,24000.00
R0000460,I001664-03,LN001664,2024-05-27,683333.33,49200.00
R0000461,I001903-04,LN001903,2024-05-27,2133333.34,307200.00
R0000462,I001952-03,LN001952,2024-05-27,2488888.89,268800.00
R0000463,I000601-03,LN000601,2024-05-28,1266666.67,91200.00
R0000464,I000725-04,LN000725,2024-05-28,1211111.11,261600.00
R0000465,I000909-03,LN000909,2024-05-28,1108333.34,159600.00
R0000466,I000929-03,LN000929,2024-05-28,1400000.00,100800.00
R0000467,I001329-02,LN001329,2024-05-28,1900000.00,136800.00
R0000468,I001686-04,LN001686,2024-05-28,1741666.67,250800.00
R0000469,I000147-01,LN000147,2024-05-29,1050000.00,226800.00
R0000470,I000276-02,LN000276,2024-05-29,2041666.67,294000.00
R0000471,I000576-04,LN000576,2024-05-29,4400000.00,316800.00
R0000472,I001027-02,LN001027,2024-05-29,400000.00,57600.00
R0000473,I001449-03,LN001449,2024-05-29,341666.67,49200.00
R0000474,I001456-02,LN001456,2024-05-29,1405555.56,303600.00
R0000475,I000033-02,LN000033,2024-05-30,1000000.00,108000.00
R0000476,I000175-02,LN000175,2024-05-30,1225000.00,176400.00
R0000477,I000737-01,LN000737,2024-05-30,1288888.89,278400.00
R0000478,I000937-02,LN000937,2024-05-30,5133333.33,184800.00
R0000479,I000945-04,LN000945,2024-05-30,1733333.33,187200.00
R0000480,I001310-02,LN001310,2024-05-30,577777.78,62400.00
R0000481,I001649-02,LN001649,2024-05-30,2433333.34,175200.00
R0000482,I001830-02,LN001830,2024-05-30,161111.12,34800.00
R0000483,I000424-03,LN000424,2024-05-31,3883333.33,279600.00
R0000484,I000702-03,LN000702,2024-05-31,722222.23,156000.00
R0000485,I000913-04,LN000913,2024-05-31,3133333.33,338400.00
R0000486,I001772-02,LN001772,2024-05-31,1533333.34,110400.00
R0000487,I001914-03,LN001914,2024-05-31,341666.67,49200.00
R0000488,I000248-01,LN000248,2024-06-01,1877777.78,202800.00
R0000489,I000560-02,LN000560,2024-06-01,722222.23,78000.00
R0000490,I000629-02,LN000629,2024-06-01,3150000.00,226800.00
R0000491,I000709-03,LN000709,2024-06-01,150000.00,21600.00
R0000492,I000713-03,LN000713,2024-06-01,4800000.00,345600.00
R0000493,I000902-02,LN000902,2024-06-01,358333.34,51600.00
R0000494,I001846-02,LN001846,2024-06-01,1750000.00,126000.00
R0000495,I000153-02,LN000153,2024-06-02,3333333.34,360000.00
R0000496,I000287-02,LN000287,2024-06-02,2033333.34,146400.00
R0000497,I000328-03,LN000328,2024-06-02,2016666.67,290400.00
R0000498,I001045-01,LN001045,2024-06-02,166666.67,24000.00
R0000499,I001629-04,LN001629,2024-06-02,1900000.00,136800.00
R0000500,I001879-03,LN001879,2024-06-02,1700000.00,183600.00
R0000501,I000673-04,LN000673,2024-06-03,1066666.67,115200.00
R0000502,I000812-05,LN000812,2024-06-03,750000.00,54000.00
R0000503,I000934-03,LN000934,2024-06-03,783333.34,112800.00
R0000504,I001173-05,LN001173,2024-06-03,4100000.00,295200.00
R0000505,I001237-05,LN001237,2024-06-03,1533333.34,331200.00
R0000506,I001359-01,LN001359,2024-06-03,2833333.34,204000.00
R0000507,I001590-02,LN001590,2024-06-03,1127777.78,243600.00
R0000508,I000563-02,LN000563,2024-06-04,3122222.23,337200.00
R0000509,I001094-02,LN001094,2024-06-04,350000.00,50400.00
R0000510,I001280-01,LN001280,2024-06-04,566666.67,81600.00
R0000511,I001351-01,LN001351,2024-06-04,1283333.34,184800.00
R0000512,I001443-01,LN001443,2024-06-04,1366666.67,147600.00
R0000513,I001720-02,LN001720,2024-06-04,1516666.67,218400.00
R0000514,I001883-05,LN001883,2024-06-04,1566666.66,112800.00
R0000515,I000246-04,LN000246,2024-06-05,3288888.89,355200.00
R0000516,I000486-05,LN000486,2024-06-05,2044444.44,220800.00
R0000517,I000925-01,LN000925,2024-06-05,1983333.34,142800.00
R0000518,I000591-02,LN000591,2024-06-06,2555555.56,276000.00
R0000519,I000775-04,LN000775,2024-06-06,1208333.34,174000.00
R0000520,I000921-03,LN000921,2024-06-06,1922222.22,207600.00
R0000521,I001114-01,LN001114,2024-06-06,1091666.67,157200.00
R0000522,I001737-05,LN001737,2024-06-06,422222.22,91200.00
R0000523,I001792-05,LN001792,2024-06-06,1766666.67,190800.00
R0000524,I001799-01,LN001799,2024-06-06,4616666.67,332400.00
R0000525,I001894-04,LN001894,2024-06-06,1050000.00,226800.00
R0000526,I000322-04,LN000322,2024-06-07,766666.67,55200.00
R0000527,I000356-01,LN000356,2024-06-07,1825000.00,262800.00
R0000528,I001186-02,LN001186,2024-06-07,1077777.78,232800.00
R0000529,I001303-01,LN001303,2024-06-07,361111.12,78000.00
R0000530,I001411-04,LN001411,2024-06-07,2622222.22,283200.00
R0000531,I000213-03,LN000213,2024-06-08,755555.56,163200.00
R0000532,I000283-03,LN000283,2024-06-08,3320000.00,239040.00
R0000533,I000644-01,LN000644,2024-06-08,1933333.34,208800.00
R0000534,I000765-05,LN000765,2024-06-08,2220833.32,159900.00
R0000535,I000968-05,LN000968,2024-06-08,1266666.66,91200.00
R0000536,I001256-01,LN001256,2024-06-08,633333.34,91200.00
R0000537,I001461-03,LN001461,2024-06-08,400000.00,86400.00
R0000538,I001649-03,LN001649,2024-06-08,2433333.33,175200.00
R0000539,I001674-02,LN001674,2024-06-08,211111.11,22800.00
R0000540,I001754-03,LN001754,2024-06-08,6733333.33,242400.00
R0000541,I001993-02,LN001993,2024-06-08,1533333.34,220800.00
R0000542,I000501-01,LN000501,2024-06-09,466666.67,67200.00
R0000543,I000657-03,LN000657,2024-06-09,1758333.34,253200.00
R0000544,I000665-03,LN000665,2024-06-09,4200000.00,302400.00
R0000545,I000788-02,LN000788,2024-06-09,2483333.34,178800.00
R0000546,I001060-01,LN001060,2024-06-09,4016666.67,289200.00
R0000547,I001175-02,LN001175,2024-06-09,1983333.34,142800.00
R0000548,I001666-01,LN001666,2024-06-09,1220000.00,87840.00
R0000549,I001711-04,LN001711,2024-06-09,1566666.67,225600.00
R0000550,I001916-04,LN001916,2024-06-09,2216666.67,159600.00
R0000551,I000065-02,LN000065,2024-06-10,783333.34,56400.00
R0000552,I000073-03,LN000073,2024-06-10,2208333.34,318000.00
R0000553,I000391-05,LN000391,2024-06-10,1122222.22,121200.00
R0000554,I000759-04,LN000759,2024-06-10,4583333.33,330000.00
R0000555,I001003-04,LN001003,2024-06-10,558333.34,80400.00
R0000556,I001359-02,LN001359,2024-06-10,2833333.34,204000.00
R0000557,I001451-05,LN001451,2024-06-10,4950000.00,356400.00
R0000558,I001666-03,LN001666,2024-06-10,3050000.00,219600.00
R0000559,I001912-03,LN001912,2024-06-10,2275000.00,327600.00
R0000560,I000153-03,LN000153,2024-06-11,3333333.34,360000.00
R0000561,I000424-04,LN000424,2024-06-11,3883333.33,279600.00
R0000562,I000425-01,LN000425,2024-06-11,3133333.34,225600.00
R0000563,I001124-05,LN001124,2024-06-11,266666.67,38400.00
R0000564,I001303-02,LN001303,2024-06-11,361111.12,78000.00
R0000565,I001803-03,LN001803,2024-06-11,1888888.89,204000.00
R0000566,I000127-03,LN000127,2024-06-12,2355555.56,254400.00
R0000567,I000649-05,LN000649,2024-06-12,1191666.67,171600.00
R0000568,I001495-01,LN001495,2024-06-12,170833.33,12300.00
R0000569,I000373-05,LN000373,2024-06-13,2433333.33,175200.00
R0000570,I000570-02,LN000570,2024-06-13,1808333.34,260400.00
R0000571,I001246-02,LN001246,2024-06-13,2083333.34,300000.00
R0000572,I001495-02,LN001495,2024-06-13,683333.34,49200.00
R0000573,I000110-01,LN000110,2024-06-14,360000.00,51840.00
R0000574,I000246-05,LN000246,2024-06-14,3288888.89,355200.00
R0000575,I000453-05,LN000453,2024-06-14,1005555.56,217200.00
R0000576,I000565-04,LN000565,2024-06-14,1233333.33,88800.00
R0000577,I000996-05,LN000996,2024-06-14,2300000.00,165600.00
R0000578,I001014-01,LN001014,2024-06-14,785416.67,113100.00
R0000579,I001221-01,LN001221,2024-06-14,850000.00,183600.00
R0000580,I001935-04,LN001935,2024-06-14,2583333.33,186000.00
R0000581,I001990-03,LN001990,2024-06-14,1783333.34,256800.00
R0000582,I000019-02,LN000019,2024-06-15,3000000.00,108000.00
R0000583,I000098-04,LN000098,2024-06-15,2250000.00,162000.00
R0000584,I000581-01,LN000581,2024-06-15,3900000.00,280800.00
R0000585,I000647-01,LN000647,2024-06-15,3600000.00,129600.00
R0000586,I001094-03,LN001094,2024-06-15,350000.00,50400.00
R0000587,I001118-02,LN001118,2024-06-15,1866666.67,201600.00
R0000588,I001503-02,LN001503,2024-06-15,1650000.00,237600.00
R0000589,I001509-03,LN001509,2024-06-15,1433333.34,206400.00
R0000590,I001660-03,LN001660,2024-06-15,877777.78,94800.00
R0000591,I001695-01,LN001695,2024-06-15,2566666.67,277200.00
R0000592,I000162-04,LN000162,2024-06-16,1288888.89,278400.00
R0000593,I000714-01,LN000714,2024-06-16,3800000.00,136800.00
R0000594,I000758-04,LN000758,2024-06-16,1350000.00,97200.00
R0000595,I000957-03,LN000957,2024-06-16,1477777.78,319200.00
R0000596,I001452-03,LN001452,2024-06-16,688888.89,148800.00
R0000597,I001630-04,LN001630,2024-06-16,1072222.23,231600.00
R0000598,I000020-02,LN000020,2024-06-17,683333.34,98400.00
R0000599,I000222-03,LN000222,2024-06-17,2208333.34,318000.00
R0000600,I000250-01,LN000250,2024-06-17,711111.12,153600.00
R0000601,I001055-04,LN001055,2024-06-17,3144444.45,339600.00
R0000602,I001345-04,LN001345,2024-06-17,1083333.34,234000.00
R0000603,I001961-03,LN001961,2024-06-17,3800000.00,273600.00
R0000604,I000268-02,LN000268,2024-06-18,2311111.11,249600.00
R0000605,I000349-05,LN000349,2024-06-18,2441666.66,175800.00
R0000606,I001175-03,LN001175,2024-06-18,1983333.33,142800.00
R0000607,I001596-04,LN001596,2024-06-18,488888.89,105600.00
R0000608,I001904-04,LN001904,2024-06-18,1711111.11,184800.00
R0000609,I000447-04,LN000447,2024-06-19,2108333.34,303600.00
R0000610,I000612-03,LN000612,2024-06-19,1283333.33,92400.00
R0000611,I000729-04,LN000729,2024-06-19,2044444.45,220800.00
R0000612,I000806-01,LN000806,2024-06-19,1033333.34,148800.00
R0000613,I000813-02,LN000813,2024-06-19,3400000.00,244800.00
R0000614,I000941-03,LN000941,2024-06-19,2058333.34,296400.00
R0000615,I001234-01,LN001234,2024-06-19,1183333.34,170400.00
R0000616,I001359-03,LN001359,2024-06-19,2833333.33,204000.00
R0000617,I001394-03,LN001394,2024-06-19,1311111.11,141600.00
R0000618,I001941-04,LN001941,2024-06-19,1750000.00,252000.00
R0000619,I000159-05,LN000159,2024-06-20,988888.89,213600.00
R0000620,I000194-05,LN000194,2024-06-20,3155555.56,340800.00
R0000621,I000272-04,LN000272,2024-06-20,1450000.00,104400.00
R0000622,I000369-04,LN000369,2024-06-20,377777.78,81600.00
R0000623,I000641-04,LN000641,2024-06-20,2050000.00,295200.00
R0000624,I001147-05,LN001147,2024-06-20,1725000.00,248400.00
R0000625,I001369-05,LN001369,2024-06-20,1341666.67,193200.00
R0000626,I001519-01,LN001519,2024-06-20,2433333.34,350400.00
R0000627,I001556-03,LN001556,2024-06-20,2746666.66,98880.00
R0000628,I001637-01,LN001637,2024-06-20,9200000.00,331200.00
R0000629,I001854-02,LN001854,2024-06-20,3100000.00,334800.00
R0000630,I001952-04,LN001952,2024-06-20,2488888.89,268800.00
R0000631,I000403-04,LN000403,2024-06-21,2600000.00,187200.00
R0000632,I000701-04,LN000701,2024-06-21,955555.56,103200.00
R0000633,I001250-04,LN001250,2024-06-21,1311111.11,283200.00
R0000634,I001542-01,LN001542,2024-06-21,6045000.00,217620.00
R0000635,I001711-03,LN001711,2024-06-21,1566666.67,225600.00
R0000636,I001742-02,LN001742,2024-06-21,3200000.00,115200.00
R0000637,I000116-04,LN000116,2024-06-22,4300000.00,309600.00
R0000638,I000185-02,LN000185,2024-06-22,1177777.78,254400.00
R0000639,I000353-02,LN000353,2024-06-22,2141666.67,308400.00
R0000640,I000379-01,LN000379,2024-06-22,1625000.00,234000.00
R0000641,I000540-02,LN000540,2024-06-22,3144444.45,339600.00
R0000642,I000588-01,LN000588,2024-06-22,1233333.34,44400.00
R0000643,I000938-01,LN000938,2024-06-22,4566666.67,164400.00
R0000644,I001087-03,LN001087,2024-06-22,2566666.66,92400.00
R0000645,I001223-04,LN001223,2024-06-22,360000.00,25920.00
R0000646,I001438-04,LN001438,2024-06-22,522222.22,112800.00
R0000647,I001461-02,LN001461,2024-06-22,400000.00,86400.00
R0000648,I001485-01,LN001485,2024-06-22,1000000.00,144000.00
R0000649,I001558-02,LN001558,2024-06-22,2650000.00,190800.00
R0000650,I001559-03,LN001559,2024-06-22,1666666.67,120000.00
R0000651,I001590-01,LN001590,2024-06-22,1127777.78,243600.00
R0000652,I000106-03,LN000106,2024-06-23,105555.56,22800.00
R0000653,I000192-03,LN000192,2024-06-23,1766666.67,254400.00
R0000654,I000917-04,LN000917,2024-06-23,1027777.78,222000.00
R0000655,I001112-01,LN001112,2024-06-23,1916666.67,138000.00
R0000656,I001415-03,LN001415,2024-06-23,500000.00,54000.00
R0000657,I001687-03,LN001687,2024-06-23,3900000.00,280800.00
R0000658,I000011-05,LN000011,2024-06-24,1916666.67,276000.00
R0000659,I000913-05,LN000913,2024-06-24,3133333.33,338400.00
R0000660,I001078-02,LN001078,2024-06-24,1150000.00,82800.00
R0000661,I001080-02,LN001080,2024-06-24,716666.67,103200.00
R0000662,I001090-04,LN001090,2024-06-24,2650000.00,190800.00
R0000663,I001130-04,LN001130,2024-06-24,1825000.00,262800.00
R0000664,I001149-01,LN001149,2024-06-24,1558333.34,224400.00
R0000665,I001244-01,LN001244,2024-06-24,3250000.00,234000.00
R0000666,I001666-02,LN001666,2024-06-24,3050000.00,219600.00
R0000667,I000248-02,LN000248,2024-06-25,1877777.78,202800.00
R0000668,I000262-01,LN000262,2024-06-25,7300000.00,262800.00
R0000669,I000288-02,LN000288,2024-06-25,1288888.89,139200.00
R0000670,I000357-04,LN000357,2024-06-25,891666.67,128400.00
R0000671,I000517-01,LN000517,2024-06-25,491666.67,70800.00
R0000672,I000541-02,LN000541,2024-06-25,461111.12,99600.00
R0000673,I000761-05,LN000761,2024-06-25,555555.56,60000.00
R0000674,I000802-03,LN000802,2024-06-25,2788888.89,301200.00
R0000675,I000937-03,LN000937,2024-06-25,5133333.33,184800.00
R0000676,I001074-01,LN001074,2024-06-25,1766666.67,127200.00
R0000677,I001165-02,LN001165,2024-06-25,2911111.11,314400.00
R0000678,I001195-02,LN001195,2024-06-25,650000.00,46800.00
R0000679,I001238-03,LN001238,2024-06-25,2100000.00,302400.00
R0000680,I001261-04,LN001261,2024-06-25,761111.11,164400.00
R0000681,I001318-02,LN001318,2024-06-25,2244444.45,242400.00
R0000682,I001508-04,LN001508,2024-06-25,2700000.00,291600.00
R0000683,I000302-01,LN000302,2024-06-26,600000.00,64800.00
R0000684,I000372-04,LN000372,2024-06-26,2277777.78,246000.00
R0000685,I000554-05,LN000554,2024-06-26,866666.67,124800.00
R0000686,I001249-05,LN001249,2024-06-26,2466666.67,266400.00
R0000687,I001661-03,LN001661,2024-06-26,6666666.66,240000.00
R0000688,I001701-04,LN001701,2024-06-26,2400000.00,172800.00
R0000689,I001751-04,LN001751,2024-06-26,1533333.34,220800.00
R0000690,I001919-04,LN001919,2024-06-26,1261111.11,272400.00
R0000691,I000040-01,LN000040,2024-06-27,1625000.00,234000.00
R0000692,I001421-01,LN001421,2024-06-27,5233333.34,188400.00
R0000693,I000175-03,LN000175,2024-06-28,1225000.00,176400.00
R0000694,I000286-04,LN000286,2024-06-28,2644444.45,285600.00
R0000695,I000382-06,LN000382,2024-06-28,991666.67,142800.00
R0000696,I000957-02,LN000957,2024-06-28,1477777.78,319200.00
R0000697,I001635-05,LN001635,2024-06-28,975000.00,140400.00
R0000698,I000082-04,LN000082,2024-06-29,1566666.67,112800.00
R0000699,I000147-02,LN000147,2024-06-29,1050000.00,226800.00
R0000700,I000276-03,LN000276,2024-06-29,2041666.67,294000.00
R0000701,I000369-05,LN000369,2024-06-29,377777.78,81600.00
R0000702,I001027-03,LN001027,2024-06-29,400000.00,57600.00
R0000703,I001351-02,LN001351,2024-06-29,1283333.34,184800.00
R0000704,I001456-03,LN001456,2024-06-29,1405555.56,303600.00
R0000705,I001685-03,LN001685,2024-06-29,700000.00,75600.00
R0000706,I000029-03,LN000029,2024-06-30,1750000.00,126000.00
R0000707,I000045-01,LN000045,2024-06-30,4916666.67,354000.00
R0000708,I000114-04,LN000114,2024-06-30,2466666.67,177600.00
R0000709,I000238-01,LN000238,2024-06-30,1433333.34,51600.00
R0000710,I000560-03,LN000560,2024-06-30,722222.22,78000.00
R0000711,I000583-01,LN000583,2024-06-30,2244444.45,242400.00
R0000712,I000633-01,LN000633,2024-06-30,675000.00,97200.00
R0000713,I000691-04,LN000691,2024-06-30,1430000.00,205920.00
R0000714,I001221-02,LN001221,2024-06-30,850000.00,183600.00
R0000715,I001310-03,LN001310,2024-06-30,577777.78,62400.00
R0000716,I001329-03,LN001329,2024-06-30,1900000.00,136800.00
R0000717,I001830-03,LN001830,2024-06-30,161111.11,34800.00
R0000718,I000391-06,LN000391,2024-07-01,1122222.22,121200.00
R0000719,I000614-05,LN000614,2024-07-01,3516666.66,253200.00
R0000720,I000629-03,LN000629,2024-07-01,3150000.00,226800.00
R0000721,I000673-05,LN000673,2024-07-01,1066666.67,115200.00
R0000722,I000775-05,LN000775,2024-07-01,1208333.33,174000.00
R0000723,I001112-02,LN001112,2024-07-01,1916666.67,138000.00
R0000724,I001114-02,LN001114,2024-07-01,1091666.67,157200.00
R0000725,I001173-06,LN001173,2024-07-01,4100000.00,295200.00
R0000726,I001237-06,LN001237,2024-07-01,1533333.34,331200.00
R0000727,I001399-05,LN001399,2024-07-01,563333.33,81120.00
R0000728,I001449-04,LN001449,2024-07-01,341666.67,49200.00
R0000729,I001503-03,LN001503,2024-07-01,1650000.00,237600.00
R0000730,I001737-06,LN001737,2024-07-01,527777.78,114000.00
R0000731,I001772-03,LN001772,2024-07-01,1533333.33,110400.00
R0000732,I000219-01,LN000219,2024-07-02,475000.00,68400.00
R0000733,I000243-05,LN000243,2024-07-02,450000.00,32400.00
R0000734,I000287-03,LN000287,2024-07-02,2033333.33,146400.00
R0000735,I000351-03,LN000351,2024-07-02,3766666.67,271200.00
R0000736,I000945-05,LN000945,2024-07-02,1733333.33,187200.00
R0000737,I001130-05,LN001130,2024-07-02,1825000.00,262800.00
R0000738,I001385-01,LN001385,2024-07-02,3066666.67,220800.00
R0000739,I001629-05,LN001629,2024-07-02,1900000.00,136800.00
R0000740,I001686-05,LN001686,2024-07-02,1741666.67,250800.00
R0000741,I001711-05,LN001711,2024-07-02,1566666.67,225600.00
R0000742,I000111-01,LN000111,2024-07-03,333333.34,48000.00
R0000743,I000213-05,LN000213,2024-07-03,755555.56,163200.00
R0000744,I000415-02,LN000415,2024-07-03,616666.67,133200.00
R0000745,I000477-01,LN000477,2024-07-03,3916666.67,282000.00
R0000746,I000486-06,LN000486,2024-07-03,2044444.44,220800.00
R0000747,I000745-03,LN000745,2024-07-03,3066666.67,220800.00
R0000748,I000765-06,LN000765,2024-07-03,3416666.66,246000.00
R0000749,I001074-02,LN001074,2024-07-03,1766666.67,127200.00
R0000750,I001075-02,LN001075,2024-07-03,888888.89,192000.00
R0000751,I001171-01,LN001171,2024-07-03,4816666.67,346800.00
R0000752,I001261-05,LN001261,2024-07-03,761111.11,164400.00
R0000753,I001414-01,LN001414,2024-07-03,216666.67,31200.00
R0000754,I001846-03,LN001846,2024-07-03,1750000.00,126000.00
R0000755,I001966-01,LN001966,2024-07-03,800000.00,115200.00
R0000756,I000424-05,LN000424,2024-07-04,3883333.33,279600.00
R0000757,I001279-01,LN001279,2024-07-04,688888.89,148800.00
R0000758,I001536-02,LN001536,2024-07-04,222222.23,24000.00
R0000759,I001600-01,LN001600,2024-07-04,1100000.00,79200.00
R0000760,I001644-01,LN001644,2024-07-04,733333.34,105600.00
R0000761,I001855-03,LN001855,2024-07-04,2555555.56,276000.00
R0000762,I000476-03,LN000476,2024-07-05,283333.33,61200.00
R0000763,I000581-02,LN000581,2024-07-06,3900000.00,280800.00
R0000764,I000709-04,LN000709,2024-07-06,37500.00,5400.00
R0000765,I000941-01,LN000941,2024-07-06,2058333.34,296400.00
R0000766,I001443-02,LN001443,2024-07-06,1366666.67,147600.00
R0000767,I001559-02,LN001559,2024-07-06,1666666.67,120000.00
R0000768,I001679-01,LN001679,2024-07-06,1083333.34,156000.00
R0000769,I001722-03,LN001722,2024-07-06,2177777.78,235200.00
R0000770,I001799-02,LN001799,2024-07-06,4616666.67,332400.00
R0000771,I001894-05,LN001894,2024-07-06,1050000.00,226800.00
R0000772,I001941-02,LN001941,2024-07-06,1750000.00,252000.00
R0000773,I000356-02,LN000356,2024-07-07,1825000.00,262800.00
R0000774,I000576-06,LN000576,2024-07-07,4400000.00,316800.00
R0000775,I000925-02,LN000925,2024-07-07,1983333.34,142800.00
R0000776,I001165-01,LN001165,2024-07-07,2911111.12,314400.00
R0000777,I001411-05,LN001411,2024-07-07,2622222.22,283200.00
R0000778,I001482-03,LN001482,2024-07-07,1233333.34,177600.00
R0000779,I001879-04,LN001879,2024-07-07,1700000.00,183600.00
R0000780,I001888-04,LN001888,2024-07-07,366666.67,52800.00
R0000781,I000065-03,LN000065,2024-07-08,783333.33,56400.00
R0000782,I000213-04,LN000213,2024-07-08,755555.56,163200.00
R0000783,I000226-01,LN000226,2024-07-08,1333333.34,96000.00
R0000784,I000720-05,LN000720,2024-07-08,991666.67,142800.00
R0000785,I001376-01,LN001376,2024-07-08,2425000.00,349200.00
R0000786,I001590-03,LN001590,2024-07-08,1127777.78,243600.00
R0000787,I000009-01,LN000009,2024-07-09,1866666.67,201600.00
R0000788,I000447-03,LN000447,2024-07-09,1370416.67,197340.00
R0000789,I000468-01,LN000468,2024-07-09,2766666.67,298800.00
R0000790,I000605-01,LN000605,2024-07-09,4850000.00,349200.00
R0000791,I000665-04,LN000665,2024-07-09,4200000.00,302400.00
R0000792,I000696-05,LN000696,2024-07-09,3200000.00,345600.00
R0000793,I000707-01,LN000707,2024-07-09,2083333.34,150000.00
R0000794,I000788-03,LN000788,2024-07-09,2483333.33,178800.00
R0000795,I001060-02,LN001060,2024-07-09,4016666.67,289200.00
R0000796,I001720-03,LN001720,2024-07-09,1516666.67,218400.00
R0000797,I001883-06,LN001883,2024-07-09,391666.66,28200.00
R0000798,I000055-03,LN000055,2024-07-10,300000.00,43200.00
R0000799,I000073-04,LN000073,2024-07-10,2208333.34,318000.00
R0000800,I000127-04,LN000127,2024-07-10,2355555.56,254400.00
R0000801,I000211-06,LN000211,2024-07-10,3288888.89,355200.00
R0000802,I000221-02,LN000221,2024-07-10,1316666.67,189600.00
R0000803,I000381-01,LN000381,2024-07-10,1375000.00,198000.00
R0000804,I000447-05,LN000447,2024-07-10,2108333.33,303600.00
R0000805,I000612-04,LN000612,2024-07-10,1283333.33,92400.00
R0000806,I000644-02,LN000644,2024-07-10,1933333.34,208800.00
R0000807,I000812-06,LN000812,2024-07-10,750000.00,54000.00
R0000808,I000865-02,LN000865,2024-07-10,783333.34,112800.00
R0000809,I001042-03,LN001042,2024-07-10,1516666.67,327600.00
R0000810,I001342-01,LN001342,2024-07-10,208333.34,30000.00
R0000811,I001399-04,LN001399,2024-07-10,1408333.34,202800.00
R0000812,I001461-04,LN001461,2024-07-10,400000.00,86400.00
R0000813,I001582-02,LN001582,2024-07-10,1983333.34,285600.00
R0000814,I001649-04,LN001649,2024-07-10,2433333.33,175200.00
R0000815,I001664-04,LN001664,2024-07-10,683333.33,49200.00
R0000816,I001666-04,LN001666,2024-07-10,3050000.00,219600.00
R0000817,I001674-03,LN001674,2024-07-10,211111.11,22800.00
R0000818,I000219-02,LN000219,2024-07-11,1900000.00,273600.00
R0000819,I000373-06,LN000373,2024-07-11,2433333.33,175200.00
R0000820,I000425-02,LN000425,2024-07-11,2506666.67,180480.00
R0000821,I000601-04,LN000601,2024-07-11,1013333.33,72960.00
R0000822,I000745-04,LN000745,2024-07-11,3066666.67,220800.00
R0000823,I000802-04,LN000802,2024-07-11,2788888.89,301200.00
R0000824,I001020-01,LN001020,2024-07-11,1294444.45,279600.00
R0000825,I001045-02,LN001045,2024-07-11,166666.67,24000.00
R0000826,I001486-02,LN001486,2024-07-11,394444.45,85200.00
R0000827,I001792-06,LN001792,2024-07-11,1766666.67,190800.00
R0000828,I000433-04,LN000433,2024-07-12,977777.78,211200.00
R0000829,I000459-05,LN000459,2024-07-12,3366666.66,242400.00
R0000830,I000563-04,LN000563,2024-07-12,3122222.22,337200.00
R0000831,I000649-06,LN000649,2024-07-12,1191666.67,171600.00
R0000832,I000729-05,LN000729,2024-07-12,2044444.44,220800.00
R0000833,I000847-02,LN000847,2024-07-12,2041666.67,294000.00
R0000834,I000934-04,LN000934,2024-07-12,783333.34,112800.00
R0000835,I001360-01,LN001360,2024-07-12,1000000.00,216000.00
R0000836,I000185-03,LN000185,2024-07-13,1177777.78,254400.00
R0000837,I000353-03,LN000353,2024-07-13,2141666.67,308400.00
R0000838,I000570-03,LN000570,2024-07-13,1808333.34,260400.00
R0000839,I000949-03,LN000949,2024-07-13,3950000.00,284400.00
R0000840,I000975-01,LN000975,2024-07-13,9266666.67,333600.00
R0000841,I001094-04,LN001094,2024-07-13,350000.00,50400.00
R0000842,I001126-03,LN001126,2024-07-13,2316666.67,333600.00
R0000843,I001187-01,LN001187,2024-07-13,2400000.00,345600.00
R0000844,I001246-03,LN001246,2024-07-13,2083333.34,300000.00
R0000845,I001256-02,LN001256,2024-07-13,633333.34,91200.00
R0000846,I001509-04,LN001509,2024-07-13,1433333.34,206400.00
R0000847,I001803-04,LN001803,2024-07-13,1888888.89,204000.00
R0000848,I000162-05,LN000162,2024-07-14,1288888.89,278400.00
R0000849,I000246-06,LN000246,2024-07-14,3288888.89,355200.00
R0000850,I000806-02,LN000806,2024-07-14,1033333.34,148800.00
R0000851,I000808-05,LN000808,2024-07-14,1416666.66,102000.00
R0000852,I000996-06,LN000996,2024-07-14,2300000.00,165600.00
R0000853,I001014-02,LN001014,2024-07-14,1208333.34,174000.00
R0000854,I001339-02,LN001339,2024-07-14,2450000.00,352800.00
R0000855,I001779-03,LN001779,2024-07-14,1355555.56,146400.00
R0000856,I001935-05,LN001935,2024-07-14,2583333.33,186000.00
R0000857,I000055-02,LN000055,2024-07-15,300000.00,43200.00
R0000858,I000533-03,LN000533,2024-07-15,170833.33,24600.00
R0000859,I000624-02,LN000624,2024-07-15,1488888.89,160800.00
R0000860,I000759-05,LN000759,2024-07-15,2291666.66,165000.00
R0000861,I001118-03,LN001118,2024-07-15,1866666.67,201600.00
R0000862,I001451-06,LN001451,2024-07-15,4950000.00,356400.00
R0000863,I001655-05,LN001655,2024-07-15,986666.66,106560.00
R0000864,I000029-05,LN000029,2024-07-16,1750000.00,126000.00
R0000865,I000276-01,LN000276,2024-07-16,2041666.67,294000.00
R0000866,I000340-06,LN000340,2024-07-16,2066666.67,223200.00
R0000867,I000403-05,LN000403,2024-07-16,2600000.00,187200.00
R0000868,I000714-02,LN000714,2024-07-16,3800000.00,136800.00
R0000869,I001303-03,LN001303,2024-07-16,361111.11,78000.00
R0000870,I001596-05,LN001596,2024-07-16,488888.89,105600.00
R0000871,I001630-05,LN001630,2024-07-16,1072222.22,231600.00
R0000872,I001904-05,LN001904,2024-07-16,1711111.11,184800.00
R0000873,I000116-05,LN000116,2024-07-17,4300000.00,309600.00
R0000874,I000585-04,LN000585,2024-07-17,1050000.00,75600.00
R0000875,I000691-05,LN000691,2024-07-17,2200000.00,316800.00
R0000876,I000813-03,LN000813,2024-07-17,3400000.00,244800.00
R0000877,I000941-04,LN000941,2024-07-17,2058333.34,296400.00
R0000878,I001044-05,LN001044,2024-07-17,1316666.66,94800.00
R0000879,I001345-05,LN001345,2024-07-17,1083333.34,234000.00
R0000880,I001695-02,LN001695,2024-07-17,2566666.67,277200.00
R0000881,I001701-05,LN001701,2024-07-17,2400000.00,172800.00
R0000882,I001855-02,LN001855,2024-07-17,2555555.56,276000.00
R0000883,I001912-04,LN001912,2024-07-17,2275000.00,327600.00
R0000884,I001960-02,LN001960,2024-07-17,2191666.67,315600.00
R0000885,I001961-04,LN001961,2024-07-17,3800000.00,273600.00
R0000886,I001980-01,LN001980,2024-07-17,1250000.00,270000.00
R0000887,I000055-04,LN000055,2024-07-18,300000.00,43200.00
R0000888,I000268-03,LN000268,2024-07-18,2311111.11,249600.00
R0000889,I000349-06,LN000349,2024-07-18,4883333.33,351600.00
R0000890,I000420-01,LN000420,2024-07-18,1565416.67,225420.00
R0000891,I000613-01,LN000613,2024-07-18,988888.89,106800.00
R0000892,I000657-04,LN000657,2024-07-18,1758333.34,253200.00
R0000893,I000725-05,LN000725,2024-07-18,1211111.11,261600.00
R0000894,I001635-04,LN001635,2024-07-18,975000.00,140400.00
R0000895,I001798-01,LN001798,2024-07-18,3550000.00,255600.00
R0000896,I001854-03,LN001854,2024-07-18,3100000.00,334800.00
R0000897,I000453-06,LN000453,2024-07-19,1005555.56,217200.00
R0000898,I000745-05,LN000745,2024-07-19,3066666.66,220800.00
R0000899,I001055-05,LN001055,2024-07-19,3144444.44,339600.00
R0000900,I001394-04,LN001394,2024-07-19,1311111.11,141600.00
R0000901,I001486-03,LN001486,2024-07-19,394444.45,85200.00
R0000902,I000002-01,LN000002,2024-07-20,2816666.67,202800.00
R0000903,I000019-03,LN000019,2024-07-20,3000000.00,108000.00
R0000904,I000129-01,LN000129,2024-07-20,2322222.23,250800.00
R0000905,I000272-05,LN000272,2024-07-20,1450000.00,104400.00
R0000906,I000328-06,LN000328,2024-07-20,2016666.67,290400.00
R0000907,I000476-04,LN000476,2024-07-20,1133333.34,244800.00
R0000908,I000591-03,LN000591,2024-07-20,2555555.56,276000.00
R0000909,I000680-04,LN000680,2024-07-20,300000.00,64800.00
R0000910,I000847-03,LN000847,2024-07-20,2041666.67,294000.00
R0000911,I000872-01,LN000872,2024-07-20,2888888.89,312000.00
R0000912,I001485-02,LN001485,2024-07-20,1000000.00,144000.00
R0000913,I001519-02,LN001519,2024-07-20,2433333.34,350400.00
R0000914,I001660-04,LN001660,2024-07-20,438888.89,47400.00
R0000915,I001702-05,LN001702,2024-07-20,2355555.56,254400.00
R0000916,I000020-01,LN000020,2024-07-21,170833.33,24600.00
R0000917,I000192-04,LN000192,2024-07-21,1766666.67,254400.00
R0000918,I000543-01,LN000543,2024-07-21,325000.00,46800.00
R0000919,I000601-05,LN000601,2024-07-21,1266666.66,91200.00
R0000920,I000845-01,LN000845,2024-07-21,675000.00,97200.00
R0000921,I001249-06,LN001249,2024-07-21,2466666.67,266400.00
R0000922,I001250-05,LN001250,2024-07-21,1311111.11,283200.00
R0000923,I001359-04,LN001359,2024-07-21,2833333.33,204000.00
R0000924,I001687-04,LN001687,2024-07-21,3900000.00,280800.00
R0000925,I001742-03,LN001742,2024-07-21,8000000.00,288000.00
R0000926,I000011-06,LN000011,2024-07-22,766666.66,110400.00
R0000927,I000020-03,LN000020,2024-07-22,683333.34,98400.00
R0000928,I000163-06,LN000163,2024-07-22,4033333.33,290400.00
R0000929,I000379-02,LN000379,2024-07-22,1625000.00,234000.00
R0000930,I000576-05,LN000576,2024-07-22,4400000.00,316800.00
R0000931,I000632-01,LN000632,2024-07-22,1944444.45,210000.00
R0000932,I000641-05,LN000641,2024-07-22,2050000.00,295200.00
R0000933,I000766-03,LN000766,2024-07-22,666666.67,96000.00
R0000934,I001078-03,LN001078,2024-07-22,1150000.00,82800.00
R0000935,I001132-01,LN001132,2024-07-22,4300000.00,309600.00
R0000936,I001223-05,LN001223,2024-07-22,450000.00,32400.00
R0000937,I001348-01,LN001348,2024-07-22,105555.56,22800.00
R0000938,I000114-05,LN000114,2024-07-23,2466666.66,177600.00
R0000939,I000240-01,LN000240,2024-07-23,4850000.00,349200.00
R0000940,I000262-02,LN000262,2024-07-23,7300000.00,262800.00
R0000941,I000288-03,LN000288,2024-07-23,1288888.89,139200.00
R0000942,I000541-03,LN000541,2024-07-23,461111.11,99600.00
R0000943,I000701-05,LN000701,2024-07-23,955555.56,103200.00
R0000944,I000720-04,LN000720,2024-07-23,991666.67,142800.00
R0000945,I000909-05,LN000909,2024-07-23,1108333.33,159600.00
R0000946,I001195-03,LN001195,2024-07-23,650000.00,46800.00
R0000947,I001313-01,LN001313,2024-07-23,800000.00,57600.00
R0000948,I001415-04,LN001415,2024-07-23,325000.00,35100.00
R0000949,I001916-05,LN001916,2024-07-23,2216666.66,159600.00
R0000950,I000034-02,LN000034,2024-07-24,3188888.89,344400.00
R0000951,I000226-03,LN000226,2024-07-24,1333333.33,96000.00
R0000952,I001244-02,LN001244,2024-07-24,3250000.00,234000.00
R0000953,I001610-05,LN001610,2024-07-24,4783333.33,344400.00
R0000954,I001914-05,LN001914,2024-07-24,341666.67,49200.00
R0000955,I000097-06,LN000097,2024-07-25,2300000.00,248400.00
R0000956,I000176-01,LN000176,2024-07-25,1000000.00,144000.00
R0000957,I000248-03,LN000248,2024-07-25,1877777.78,202800.00
R0000958,I000761-06,LN000761,2024-07-25,555555.55,60000.00
R0000959,I000855-01,LN000855,2024-07-25,1200000.00,172800.00
R0000960,I000935-04,LN000935,2024-07-25,2033333.34,292800.00
R0000961,I001132-02,LN001132,2024-07-25,4300000.00,309600.00
R0000962,I001238-04,LN001238,2024-07-25,2100000.00,302400.00
R0000963,I001508-05,LN001508,2024-07-25,2160000.00,233280.00
R0000964,I001751-03,LN001751,2024-07-25,766666.67,110400.00
R0000965,I001807-01,LN001807,2024-07-25,433333.34,62400.00
R0000966,I000372-05,LN000372,2024-07-26,2277777.78,246000.00
R0000967,I000554-06,LN000554,2024-07-26,866666.67,124800.00
R0000968,I001751-05,LN001751,2024-07-26,1533333.33,220800.00
R0000969,I000147-03,LN000147,2024-07-27,1050000.00,226800.00
R0000970,I000459-04,LN000459,2024-07-27,3366666.67,242400.00
R0000971,I000623-04,LN000623,2024-07-27,2233333.34,321600.00
R0000972,I000924-01,LN000924,2024-07-27,333333.34,48000.00
R0000973,I000973-01,LN000973,2024-07-27,2600000.00,187200.00
R0000974,I001149-02,LN001149,2024-07-27,623333.33,89760.00
R0000975,I001479-01,LN001479,2024-07-27,2275000.00,327600.00
R0000976,I001536-03,LN001536,2024-07-27,222222.22,24000.00
R0000977,I001679-02,LN001679,2024-07-27,1083333.34,156000.00
R0000978,I001903-06,LN001903,2024-07-27,2133333.33,307200.00
R0000979,I001945-03,LN001945,2024-07-27,79166.66,11400.00
R0000980,I000002-02,LN000002,2024-07-28,2816666.67,202800.00
R0000981,I000027-01,LN000027,2024-07-28,1366666.67,98400.00
R0000982,I000055-05,LN000055,2024-07-28,300000.00,43200.00
R0000983,I000219-03,LN000219,2024-07-28,1900000.00,273600.00
R0000984,I000237-01,LN000237,2024-07-28,1400000.00,302400.00
R0000985,I000286-05,LN000286,2024-07-28,2644444.44,285600.00
R0000986,I000470-01,LN000470,2024-07-28,400000.00,28800.00
R0000987,I000498-02,LN000498,2024-07-28,1141666.67,164400.00
R0000988,I000680-05,LN000680,2024-07-28,300000.00,64800.00
R0000989,I000725-06,LN000725,2024-07-28,1211111.11,261600.00
R0000990,I000921-04,LN000921,2024-07-28,1922222.22,207600.00
R0000991,I001280-03,LN001280,2024-07-28,566666.67,81600.00
R0000992,I001399-06,LN001399,2024-07-28,1408333.33,202800.00
R0000993,I001403-01,LN001403,2024-07-28,3800000.00,136800.00
R0000994,I001552-01,LN001552,2024-07-28,466666.67,50400.00
R0000995,I000273-03,LN000273,2024-07-29,3666666.67,264000.00
R0000996,I000563-05,LN000563,2024-07-29,3122222.22,337200.00
R0000997,I000808-04,LN000808,2024-07-29,1416666.67,102000.00
R0000998,I001027-04,LN001027,2024-07-29,400000.00,57600.00
R0000999,I001449-05,LN001449,2024-07-29,341666.67,49200.00
R0001000,I001966-02,LN001966,2024-07-29,800000.00,115200.00
R0001001,I000106-04,LN000106,2024-07-30,105555.56,22800.00
R0001002,I000238-02,LN000238,2024-07-30,1433333.33,51600.00
R0001003,I000695-01,LN000695,2024-07-30,2011111.12,217200.00
R0001004,I000859-02,LN000859,2024-07-30,266666.67,28800.00
R0001005,I000917-05,LN000917,2024-07-30,1027777.78,222000.00
R0001006,I001187-02,LN001187,2024-07-30,2400000.00,345600.00
R0001007,I001830-04,LN001830,2024-07-30,161111.11,34800.00
R0001008,I000501-02,LN000501,2024-07-31,466666.67,67200.00
R0001009,I000517-02,LN000517,2024-07-31,491666.67,70800.00
R0001010,I000540-03,LN000540,2024-07-31,3144444.45,339600.00
R0001011,I000964-03,LN000964,2024-07-31,1666666.67,180000.00
R0001012,I000243-06,LN000243,2024-08-01,450000.00,32400.00
R0001013,I000560-04,LN000560,2024-08-01,722222.22,78000.00
R0001014,I000709-05,LN000709,2024-08-01,150000.00,21600.00
R0001015,I000902-04,LN000902,2024-08-01,358333.34,51600.00
R0001016,I001357-01,LN001357,2024-08-01,1327777.78,143400.00
R0001017,I001385-02,LN001385,2024-08-01,3066666.67,220800.00
R0001018,I001664-05,LN001664,2024-08-01,683333.33,49200.00
R0001019,I001670-01,LN001670,2024-08-01,1177777.78,127200.00
R0001020,I001737-07,LN001737,2024-08-01,527777.78,114000.00
R0001021,I000153-04,LN000153,2024-08-02,3333333.33,360000.00
R0001022,I000258-01,LN000258,2024-08-02,2248888.89,242880.00
R0001023,I001075-01,LN001075,2024-08-02,222222.22,48000.00
R0001024,I001855-04,LN001855,2024-08-02,2555555.56,276000.00
R0001025,I000033-03,LN000033,2024-08-03,500000.00,54000.00
R0001026,I000111-02,LN000111,2024-08-03,333333.34,48000.00
R0001027,I000258-03,LN000258,2024-08-03,2811111.11,303600.00
R0001028,I000357-05,LN000357,2024-08-03,891666.67,128400.00
R0001029,I000382-07,LN000382,2024-08-03,991666.67,142800.00
R0001030,I000486-07,LN000486,2024-08-03,2044444.44,220800.00
R0001031,I000672-01,LN000672,2024-08-03,216666.67,31200.00
R0001032,I000673-06,LN000673,2024-08-03,1066666.67,115200.00
R0001033,I001075-03,LN001075,2024-08-03,888888.89,192000.00
R0001034,I001261-06,LN001261,2024-08-03,761111.11,164400.00
R0001035,I001414-02,LN001414,2024-08-03,216666.67,31200.00
R0001036,I001461-05,LN001461,2024-08-03,400000.00,86400.00
R0001037,I001464-06,LN001464,2024-08-03,633333.33,91200.00
R0001038,I001635-06,LN001635,2024-08-03,975000.00,140400.00
R0001039,I001649-05,LN001649,2024-08-03,2433333.33,175200.00
R0001040,I001660-02,LN001660,2024-08-03,877777.78,94800.00
R0001041,I001846-04,LN001846,2024-08-03,1750000.00,126000.00
R0001042,I001952-05,LN001952,2024-08-03,2488888.89,268800.00
R0001043,I001954-02,LN001954,2024-08-03,1800000.00,259200.00
R0001044,I001990-04,LN001990,2024-08-03,445833.33,64200.00
R0001045,I000501-03,LN000501,2024-08-04,466666.67,67200.00
R0001046,I000605-02,LN000605,2024-08-04,4850000.00,349200.00
R0001047,I000929-05,LN000929,2024-08-04,1400000.00,100800.00
R0001048,I001009-01,LN001009,2024-08-04,4983333.34,358800.00
R0001049,I001046-04,LN001046,2024-08-04,225000.00,32400.00
R0001050,I001443-03,LN001443,2024-08-04,1366666.67,147600.00
R0001051,I000447-06,LN000447,2024-08-05,2108333.33,303600.00
R0001052,I000477-02,LN000477,2024-08-05,3916666.67,282000.00
R0001053,I000612-05,LN000612,2024-08-05,1283333.33,92400.00
R0001054,I000614-04,LN000614,2024-08-05,1406666.66,101280.00
R0001055,I000649-07,LN000649,2024-08-05,1191666.67,171600.00
R0001056,I000934-05,LN000934,2024-08-05,783333.33,112800.00
R0001057,I001301-01,LN001301,2024-08-05,633333.34,91200.00
R0001058,I001411-06,LN001411,2024-08-05,2622222.22,283200.00
R0001059,I000033-04,LN000033,2024-08-06,1000000.00,108000.00
R0001060,I000175-04,LN000175,2024-08-06,1225000.00,176400.00
R0001061,I000581-03,LN000581,2024-08-06,3900000.00,280800.00
R0001062,I000662-01,LN000662,2024-08-06,6633333.34,238800.00
R0001063,I000775-06,LN000775,2024-08-06,1208333.33,174000.00
R0001064,I000921-05,LN000921,2024-08-06,1922222.22,207600.00
R0001065,I001114-03,LN001114,2024-08-06,1091666.67,157200.00
R0001066,I001167-02,LN001167,2024-08-06,2983333.34,214800.00
R0001067,I001482-02,LN001482,2024-08-06,308333.33,44400.00
R0001068,I001503-04,LN001503,2024-08-06,1650000.00,237600.00
R0001069,I001612-01,LN001612,2024-08-06,2425000.00,349200.00
R0001070,I001644-02,LN001644,2024-08-06,733333.34,105600.00
R0001071,I001945-02,LN001945,2024-08-06,316666.67,45600.00
R0001072,I000322-06,LN000322,2024-08-07,766666.66,55200.00
R0001073,I000356-03,LN000356,2024-08-07,1825000.00,262800.00
R0001074,I000766-05,LN000766,2024-08-07,666666.67,96000.00
R0001075,I000902-03,LN000902,2024-08-07,358333.34,51600.00
R0001076,I000964-04,LN000964,2024-08-07,1666666.67,180000.00
R0001077,I001438-06,LN001438,2024-08-07,1305555.56,282000.00
R0001078,I001452-04,LN001452,2024-08-07,688888.89,148800.00
R0001079,I001482-04,LN001482,2024-08-07,1233333.34,177600.00
R0001080,I000045-02,LN000045,2024-08-08,4916666.67,354000.00
R0001081,I000250-02,LN000250,2024-08-08,711111.12,153600.00
R0001082,I000351-04,LN000351,2024-08-09,3766666.67,271200.00
R0001083,I000424-06,LN000424,2024-08-09,3883333.33,279600.00
R0001084,I000468-02,LN000468,2024-08-09,2766666.67,298800.00
R0001085,I000565-06,LN000565,2024-08-09,3083333.33,222000.00
R0001086,I000665-05,LN000665,2024-08-09,4200000.00,302400.00
R0001087,I000707-02,LN000707,2024-08-09,2083333.34,150000.00
R0001088,I000935-03,LN000935,2024-08-09,2033333.34,292800.00
R0001089,I001655-06,LN001655,2024-08-09,2466666.67,266400.00
R0001090,I001742-01,LN001742,2024-08-09,8000000.00,288000.00
R0001091,I000065-04,LN000065,2024-08-10,783333.33,56400.00
R0001092,I000073-05,LN000073,2024-08-10,2208333.33,318000.00
R0001093,I000221-03,LN000221,2024-08-10,1316666.67,189600.00
R0001094,I000629-04,LN000629,2024-08-10,3150000.00,226800.00
R0001095,I000720-06,LN000720,2024-08-10,991666.67,142800.00
R0001096,I000729-06,LN000729,2024-08-10,2044444.44,220800.00
R0001097,I000920-01,LN000920,2024-08-10,675000.00,97200.00
R0001098,I000929-04,LN000929,2024-08-10,1400000.00,100800.00
R0001099,I001360-02,LN001360,2024-08-10,1000000.00,216000.00
R0001100,I001582-03,LN001582,2024-08-10,1983333.34,285600.00
R0001101,I001590-04,LN001590,2024-08-10,1127777.78,243600.00
R0001102,I001660-05,LN001660,2024-08-10,877777.78,94800.00
R0001103,I001980-02,LN001980,2024-08-10,1250000.00,270000.00
R0001104,I000613-02,LN000613,2024-08-11,988888.89,106800.00
R0001105,I000623-03,LN000623,2024-08-11,2233333.34,321600.00
R0001106,I000696-06,LN000696,2024-08-11,3200000.00,345600.00
R0001107,I000714-03,LN000714,2024-08-11,3800000.00,136800.00
R0001108,I000975-02,LN000975,2024-08-11,9266666.67,333600.00
R0001109,I001045-03,LN001045,2024-08-11,166666.67,24000.00
R0001110,I001285-03,LN001285,2024-08-11,708333.33,51000.00
R0001111,I001566-01,LN001566,2024-08-11,1266666.67,91200.00
R0001112,I001686-06,LN001686,2024-08-11,1741666.67,250800.00
R0001113,I001792-07,LN001792,2024-08-11,1766666.66,190800.00
R0001114,I001803-05,LN001803,2024-08-11,1888888.89,204000.00
R0001115,I000127-05,LN000127,2024-08-12,2355555.56,254400.00
R0001116,I000415-03,LN000415,2024-08-12,616666.67,133200.00
R0001117,I000433-05,LN000433,2024-08-12,977777.78,211200.00
R0001118,I000795-01,LN000795,2024-08-12,1306666.66,47040.00
R0001119,I000900-01,LN000900,2024-08-12,883333.34,127200.00
R0001120,I000909-04,LN000909,2024-08-12,1108333.34,159600.00
R0001121,I001263-01,LN001263,2024-08-12,1800000.00,129600.00
R0001122,I001464-07,LN001464,2024-08-12,633333.33,91200.00
R0001123,I001566-02,LN001566,2024-08-12,2533333.34,182400.00
R0001124,I000194-07,LN000194,2024-08-13,3155555.55,340800.00
R0001125,I000241-01,LN000241,2024-08-13,766666.67,165600.00
R0001126,I000425-03,LN000425,2024-08-13,3133333.33,225600.00
R0001127,I000570-04,LN000570,2024-08-13,1808333.34,260400.00
R0001128,I000591-04,LN000591,2024-08-13,2555555.56,276000.00
R0001129,I000644-03,LN000644,2024-08-13,773333.33,83520.00
R0001130,I000669-01,LN000669,2024-08-13,1691666.67,243600.00
R0001131,I000761-04,LN000761,2024-08-13,555555.56,60000.00
R0001132,I001090-05,LN001090,2024-08-13,2650000.00,190800.00
R0001133,I001094-05,LN001094,2024-08-13,350000.00,50400.00
R0001134,I001256-03,LN001256,2024-08-13,633333.34,91200.00
R0001135,I001351-03,LN001351,2024-08-13,1283333.34,184800.00
R0001136,I001495-04,LN001495,2024-08-13,683333.33,49200.00
R0001137,I001530-02,LN001530,2024-08-13,3311111.11,357600.00
R0001138,I001674-04,LN001674,2024-08-13,168888.88,18240.00
R0001139,I001750-01,LN001750,2024-08-13,2083333.34,300000.00
R0001140,I001948-01,LN001948,2024-08-13,2633333.34,189600.00
R0001141,I000110-02,LN000110,2024-08-14,360000.00,51840.00
R0001142,I000110-03,LN000110,2024-08-14,585000.00,84240.00
R0001143,I000162-06,LN000162,2024-08-14,1288888.89,278400.00
R0001144,I000240-02,LN000240,2024-08-14,4850000.00,349200.00
R0001145,I000459-06,LN000459,2024-08-14,3366666.66,242400.00
R0001146,I000859-01,LN000859,2024-08-14,266666.67,28800.00
R0001147,I001014-03,LN001014,2024-08-14,1208333.34,174000.00
R0001148,I001916-06,LN001916,2024-08-14,2216666.66,159600.00
R0001149,I001919-03,LN001919,2024-08-14,1261111.11,272400.00
R0001150,I001935-06,LN001935,2024-08-14,2583333.33,186000.00
R0001151,I000353-04,LN000353,2024-08-15,2141666.67,308400.00
R0001152,I000533-04,LN000533,2024-08-15,85416.66,12300.00
R0001153,I001009-02,LN001009,2024-08-15,4983333.34,358800.00
R0001154,I001041-01,LN001041,2024-08-15,933333.34,134400.00
R0001155,I001118-04,LN001118,2024-08-15,1866666.67,201600.00
R0001156,I001171-02,LN001171,2024-08-15,4816666.67,346800.00
R0001157,I001246-04,LN001246,2024-08-15,2083333.34,300000.00
R0001158,I001695-03,LN001695,2024-08-15,1026666.66,110880.00
R0001159,I001722-02,LN001722,2024-08-15,2177777.78,235200.00
R0001160,I001765-03,LN001765,2024-08-15,9566666.66,344400.00
R0001161,I000246-07,LN000246,2024-08-16,3288888.89,355200.00
R0001162,I000287-04,LN000287,2024-08-16,2033333.33,146400.00
R0001163,I000340-07,LN000340,2024-08-16,826666.66,89280.00
R0001164,I000802-05,LN000802,2024-08-16,2788888.89,301200.00
R0001165,I000808-06,LN000808,2024-08-16,1416666.66,102000.00
R0001166,I001053-01,LN001053,2024-08-16,183333.34,39600.00
R0001167,I001280-02,LN001280,2024-08-16,566666.67,81600.00
R0001168,I001369-06,LN001369,2024-08-16,1341666.67,193200.00
R0001169,I001596-06,LN001596,2024-08-16,488888.89,105600.00
R0001170,I001630-06,LN001630,2024-08-16,1072222.22,231600.00
R0001171,I001637-02,LN001637,2024-08-16,9200000.00,331200.00
R0001172,I001685-05,LN001685,2024-08-16,700000.00,75600.00
R0001173,I001779-04,LN001779,2024-08-16,1355555.56,146400.00
R0001174,I001798-02,LN001798,2024-08-16,3550000.00,255600.00
R0001175,I001879-05,LN001879,2024-08-16,1700000.00,183600.00
R0001176,I001904-06,LN001904,2024-08-16,1711111.11,184800.00
R0001177,I001941-05,LN001941,2024-08-16,1137500.00,163800.00
R0001178,I000098-06,LN000098,2024-08-17,2250000.00,162000.00
R0001179,I000110-04,LN000110,2024-08-17,900000.00,129600.00
R0001180,I000222-05,LN000222,2024-08-17,2208333.33,318000.00
R0001181,I000250-03,LN000250,2024-08-17,711111.11,153600.00
R0001182,I000361-02,LN000361,2024-08-17,1900000.00,273600.00
R0001183,I000465-01,LN000465,2024-08-17,811111.12,87600.00
R0001184,I000585-05,LN000585,2024-08-17,1050000.00,75600.00
R0001185,I000869-01,LN000869,2024-08-17,4183333.34,301200.00
R0001186,I001044-06,LN001044,2024-08-17,1316666.66,94800.00
R0001187,I001130-06,LN001130,2024-08-17,730000.00,105120.00
R0001188,I001357-02,LN001357,2024-08-17,2655555.56,286800.00
R0001189,I001845-01,LN001845,2024-08-17,333333.34,24000.00
R0001190,I001960-03,LN001960,2024-08-17,2191666.67,315600.00
R0001191,I001993-04,LN001993,2024-08-17,1533333.34,220800.00
R0001192,I000272-06,LN000272,2024-08-18,1450000.00,104400.00
R0001193,I000328-07,LN000328,2024-08-18,2016666.67,290400.00
R0001194,I000442-01,LN000442,2024-08-18,1533333.34,220800.00
R0001195,I000788-04,LN000788,2024-08-18,2483333.33,178800.00
R0001196,I000964-05,LN000964,2024-08-18,1666666.67,180000.00
R0001197,I001046-03,LN001046,2024-08-18,225000.00,32400.00
R0001198,I001175-05,LN001175,2024-08-18,1983333.33,142800.00
R0001199,I001195-04,LN001195,2024-08-18,650000.00,46800.00
R0001200,I001303-04,LN001303,2024-08-18,361111.11,78000.00
R0001201,I001452-05,LN001452,2024-08-18,688888.89,148800.00
R0001202,I001558-04,LN001558,2024-08-18,1722500.00,124020.00
R0001203,I001722-04,LN001722,2024-08-18,2177777.78,235200.00
R0001204,I001854-04,LN001854,2024-08-18,3100000.00,334800.00
R0001205,I000226-04,LN000226,2024-08-19,1333333.33,96000.00
R0001206,I000230-04,LN000230,2024-08-19,716666.67,51600.00
R0001207,I000322-05,LN000322,2024-08-19,766666.66,55200.00
R0001208,I000453-07,LN000453,2024-08-19,1005555.56,217200.00
R0001209,I000745-06,LN000745,2024-08-19,3066666.66,220800.00
R0001210,I000746-03,LN000746,2024-08-19,2600000.00,187200.00
R0001211,I000759-06,LN000759,2024-08-19,4583333.33,330000.00
R0001212,I000806-03,LN000806,2024-08-19,1033333.34,148800.00
R0001213,I001055-06,LN001055,2024-08-19,3144444.44,339600.00
R0001214,I001171-03,LN001171,2024-08-19,4816666.67,346800.00
R0001215,I001234-03,LN001234,2024-08-19,1183333.34,170400.00
R0001216,I001345-06,LN001345,2024-08-19,1083333.34,234000.00
R0001217,I001359-05,LN001359,2024-08-19,2833333.33,204000.00
R0001218,I001617-03,LN001617,2024-08-19,916666.67,132000.00
R0001219,I001701-06,LN001701,2024-08-19,2400000.00,172800.00
R0001220,I001941-06,LN001941,2024-08-19,1750000.00,252000.00
R0001221,I000101-01,LN000101,2024-08-20,2366666.67,170400.00
R0001222,I000129-02,LN000129,2024-08-20,2322222.23,250800.00
R0001223,I000159-07,LN000159,2024-08-20,988888.89,213600.00
R0001224,I000369-06,LN000369,2024-08-20,377777.78,81600.00
R0001225,I000467-01,LN000467,2024-08-20,4366666.67,157200.00
R0001226,I000641-06,LN000641,2024-08-20,2050000.00,295200.00
R0001227,I000647-02,LN000647,2024-08-20,3600000.00,129600.00
R0001228,I000925-03,LN000925,2024-08-20,793333.33,57120.00
R0001229,I001479-02,LN001479,2024-08-20,2275000.00,327600.00
R0001230,I001485-03,LN001485,2024-08-20,1000000.00,144000.00
R0001231,I001519-03,LN001519,2024-08-20,2433333.34,350400.00
R0001232,I001637-03,LN001637,2024-08-20,9200000.00,331200.00
R0001233,I001702-06,LN001702,2024-08-20,2355555.55,254400.00
R0001234,I001765-02,LN001765,2024-08-20,9566666.67,344400.00
R0001235,I000361-01,LN000361,2024-08-21,1235000.00,177840.00
R0001236,I000451-01,LN000451,2024-08-21,1993333.33,143520.00
R0001237,I000588-02,LN000588,2024-08-21,986666.66,35520.00
R0001238,I000845-02,LN000845,2024-08-21,675000.00,97200.00
R0001239,I000869-02,LN000869,2024-08-21,4183333.34,301200.00
R0001240,I000912-01,LN000912,2024-08-21,1108333.34,159600.00
R0001241,I000917-06,LN000917,2024-08-21,1027777.78,222000.00
R0001242,I001187-03,LN001187,2024-08-21,2400000.00,345600.00
R0001243,I001249-07,LN001249,2024-08-21,2466666.66,266400.00
R0001244,I001486-04,LN001486,2024-08-21,394444.45,85200.00
R0001245,I001687-05,LN001687,2024-08-21,3900000.00,280800.00
R0001246,I000020-04,LN000020,2024-08-22,683333.34,98400.00
R0001247,I000185-04,LN000185,2024-08-22,1177777.78,254400.00
R0001248,I000379-03,LN000379,2024-08-22,1625000.00,234000.00
R0001249,I000475-01,LN000475,2024-08-22,4116666.67,296400.00
R0001250,I000693-03,LN000693,2024-08-22,572222.23,123600.00
R0001251,I000913-07,LN000913,2024-08-22,3133333.33,338400.00
R0001252,I001165-03,LN001165,2024-08-22,1164444.44,125760.00
R0001253,I001186-04,LN001186,2024-08-22,431111.11,93120.00
R0001254,I001223-06,LN001223,2024-08-22,450000.00,32400.00
R0001255,I001993-03,LN001993,2024-08-22,1533333.34,220800.00
R0001256,I000192-05,LN000192,2024-08-23,1766666.67,254400.00
R0001257,I000268-04,LN000268,2024-08-23,924444.44,99840.00
R0001258,I000286-06,LN000286,2024-08-23,2644444.44,285600.00
R0001259,I000288-04,LN000288,2024-08-23,1288888.89,139200.00
R0001260,I000403-06,LN000403,2024-08-23,2600000.00,187200.00
R0001261,I000541-04,LN000541,2024-08-23,461111.11,99600.00
R0001262,I000713-05,LN000713,2024-08-23,4800000.00,345600.00
R0001263,I001042-04,LN001042,2024-08-23,1213333.33,262080.00
R0001264,I001112-03,LN001112,2024-08-23,1916666.67,138000.00
R0001265,I001250-06,LN001250,2024-08-23,1311111.11,283200.00
R0001266,I001263-03,LN001263,2024-08-23,1800000.00,129600.00
R0001267,I001313-02,LN001313,2024-08-23,800000.00,57600.00
R0001268,I001386-01,LN001386,2024-08-23,1311111.12,141600.00
R0001269,I001396-02,LN001396,2024-08-23,1283333.34,92400.00
R0001270,I001465-01,LN001465,2024-08-23,4133333.34,297600.00
R0001271,I001931-01,LN001931,2024-08-23,2444444.45,264000.00
R0001272,I000540-04,LN000540,2024-08-24,3144444.45,339600.00
R0001273,I000588-03,LN000588,2024-08-24,1233333.33,44400.00
R0001274,I001027-05,LN001027,2024-08-24,400000.00,57600.00
R0001275,I001124-07,LN001124,2024-08-24,266666.67,38400.00
R0001276,I001476-01,LN001476,2024-08-24,793333.33,114240.00
R0001277,I001559-05,LN001559,2024-08-24,1666666.66,120000.00
R0001278,I001600-02,LN001600,2024-08-24,1100000.00,79200.00
R0001279,I001912-05,LN001912,2024-08-24,2275000.00,327600.00
R0001280,I000045-03,LN000045,2024-08-25,4916666.67,354000.00
R0001281,I000170-01,LN000170,2024-08-25,1183333.34,85200.00
R0001282,I000262-03,LN000262,2024-08-25,7300000.00,262800.00
R0001283,I000347-02,LN000347,2024-08-25,1633333.34,235200.00
R0001284,I000420-02,LN000420,2024-08-25,2408333.34,346800.00
R0001285,I000563-06,LN000563,2024-08-25,780555.55,84300.00
R0001286,I000758-06,LN000758,2024-08-25,1350000.00,97200.00
R0001287,I001238-05,LN001238,2024-08-25,2100000.00,302400.00
R0001288,I001362-01,LN001362,2024-08-25,3188888.89,344400.00
R0001289,I001415-05,LN001415,2024-08-25,500000.00,54000.00
R0001290,I001508-06,LN001508,2024-08-25,2700000.00,291600.00
R0001291,I001536-04,LN001536,2024-08-25,222222.22,24000.00
R0001292,I000213-07,LN000213,2024-08-26,755555.56,163200.00
R0001293,I000372-06,LN000372,2024-08-26,2277777.78,246000.00
R0001294,I000601-06,LN000601,2024-08-26,1266666.66,91200.00
R0001295,I000725-07,LN000725,2024-08-26,1211111.11,261600.00
R0001296,I000949-04,LN000949,2024-08-26,1975000.00,142200.00
R0001297,I001374-01,LN001374,2024-08-26,888888.89,192000.00
R0001298,I001399-07,LN001399,2024-08-26,1408333.33,202800.00
R0001299,I001799-03,LN001799,2024-08-26,4616666.67,332400.00
R0001300,I001919-06,LN001919,2024-08-26,1261111.11,272400.00
R0001301,I000628-01,LN000628,2024-08-27,1116666.67,160800.00
R0001302,I000761-07,LN000761,2024-08-27,555555.55,60000.00
R0001303,I000901-01,LN000901,2024-08-27,725000.00,104400.00
R0001304,I000924-02,LN000924,2024-08-27,333333.34,48000.00
R0001305,I000935-05,LN000935,2024-08-27,2033333.33,292800.00
R0001306,I000938-02,LN000938,2024-08-27,4566666.67,164400.00
R0001307,I000973-02,LN000973,2024-08-27,2600000.00,187200.00
R0001308,I001263-02,LN001263,2024-08-27,1440000.00,103680.00
R0001309,I001285-04,LN001285,2024-08-27,2833333.33,204000.00
R0001310,I001318-04,LN001318,2024-08-27,2244444.45,242400.00
R0001311,I001348-02,LN001348,2024-08-27,105555.56,22800.00
R0001312,I001532-01,LN001532,2024-08-27,858333.34,123600.00
R0001313,I001537-01,LN001537,2024-08-27,125000.00,18000.00
R0001314,I001670-02,LN001670,2024-08-27,1177777.78,127200.00
R0001315,I001679-03,LN001679,2024-08-27,1083333.34,156000.00
R0001316,I001722-05,LN001722,2024-08-27,2177777.78,235200.00
R0001317,I001807-02,LN001807,2024-08-27,433333.34,62400.00
R0001318,I000175-05,LN000175,2024-08-28,1225000.00,176400.00
R0001319,I000327-01,LN000327,2024-08-28,883333.34,127200.00
R0001320,I000470-02,LN000470,2024-08-28,400000.00,28800.00
R0001321,I000909-06,LN000909,2024-08-28,1108333.33,159600.00
R0001322,I000911-01,LN000911,2024-08-28,658333.34,94800.00
R0001323,I001045-04,LN001045,2024-08-28,166666.67,24000.00
R0001324,I001291-01,LN001291,2024-08-28,2466666.67,355200.00
R0001325,I001339-03,LN001339,2024-08-28,2450000.00,352800.00
R0001326,I001394-05,LN001394,2024-08-28,1311111.11,141600.00
R0001327,I001751-06,LN001751,2024-08-28,1533333.33,220800.00
R0001328,I001990-05,LN001990,2024-08-28,1783333.33,256800.00
R0001329,I000098-05,LN000098,2024-08-29,2250000.00,162000.00
R0001330,I000283-06,LN000283,2024-08-29,4150000.00,298800.00
R0001331,I000369-07,LN000369,2024-08-29,377777.78,81600.00
R0001332,I000420-03,LN000420,2024-08-29,2408333.34,346800.00
R0001333,I000623-05,LN000623,2024-08-29,2233333.33,321600.00
R0001334,I000872-02,LN000872,2024-08-29,2888888.89,312000.00
R0001335,I001570-01,LN001570,2024-08-29,3533333.34,254400.00
R0001336,I001772-05,LN001772,2024-08-29,1533333.33,110400.00
R0001337,I001903-07,LN001903,2024-08-29,2133333.33,307200.00
R0001338,I000009-03,LN000009,2024-08-30,1866666.67,201600.00
R0001339,I000114-06,LN000114,2024-08-30,2466666.66,177600.00
R0001340,I000238-03,LN000238,2024-08-30,1433333.33,51600.00
R0001341,I000248-04,LN000248,2024-08-30,1877777.78,202800.00
R0001342,I000307-01,LN000307,2024-08-30,2900000.00,313200.00
R0001343,I000498-03,LN000498,2024-08-30,1141666.67,164400.00
R0001344,I000560-05,LN000560,2024-08-30,722222.22,78000.00
R0001345,I000680-06,LN000680,2024-08-30,300000.00,64800.00
R0001346,I001351-04,LN001351,2024-08-30,1283333.34,184800.00
R0001347,I001644-03,LN001644,2024-08-30,733333.34,105600.00
R0001348,I001868-01,LN001868,2024-08-30,800000.00,115200.00
R0001349,I000351-05,LN000351,2024-08-31,3766666.66,271200.00
R0001350,I000517-03,LN000517,2024-08-31,491666.67,70800.00
R0001351,I000702-06,LN000702,2024-08-31,722222.22,156000.00
R0001352,I001411-07,LN001411,2024-08-31,2622222.22,283200.00
R0001353,I001456-05,LN001456,2024-08-31,1405555.56,303600.00
R0001354,I001655-07,LN001655,2024-08-31,2466666.66,266400.00
R0001355,I000211-07,LN000211,2024-09-01,3288888.89,355200.00
R0001356,I000391-08,LN000391,2024-09-01,1122222.22,121200.00
R0001357,I000583-03,LN000583,2024-09-01,2244444.45,242400.00
R0001358,I000629-05,LN000629,2024-09-01,3150000.00,226800.00
R0001359,I000673-07,LN000673,2024-09-01,1066666.66,115200.00
R0001360,I000704-01,LN000704,2024-09-01,1716666.67,247200.00
R0001361,I000945-07,LN000945,2024-09-01,1733333.33,187200.00
R0001362,I001041-02,LN001041,2024-09-01,933333.34,134400.00
R0001363,I001147-06,LN001147,2024-09-01,1725000.00,248400.00
R0001364,I001404-02,LN001404,2024-09-01,2600000.00,93600.00
R0001365,I001664-06,LN001664,2024-09-01,683333.33,49200.00
R0001366,I001666-05,LN001666,2024-09-01,3050000.00,219600.00
R0001367,I001697-02,LN001697,2024-09-01,2011111.11,217200.00
R0001368,I000219-04,LN000219,2024-09-02,1900000.00,273600.00
R0001369,I000716-01,LN000716,2024-09-02,1073333.33,77280.00
R0001370,I001244-03,LN001244,2024-09-02,3250000.00,234000.00
R0001371,I001280-04,LN001280,2024-09-02,566666.67,81600.00
R0001372,I001438-07,LN001438,2024-09-02,1305555.56,282000.00
R0001373,I001552-02,LN001552,2024-09-02,466666.67,50400.00
R0001374,I001686-07,LN001686,2024-09-02,1741666.67,250800.00
R0001375,I001855-05,LN001855,2024-09-02,638888.89,69000.00
R0001376,I000034-03,LN000034,2024-09-03,2551111.11,275520.00
R0001377,I000159-06,LN000159,2024-09-03,988888.89,213600.00
R0001378,I000176-02,LN000176,2024-09-03,1000000.00,144000.00
R0001379,I000382-08,LN000382,2024-09-03,991666.67,142800.00
R0001380,I000486-08,LN000486,2024-09-03,2044444.44,220800.00
R0001381,I000553-01,LN000553,2024-09-03,1991666.67,286800.00
R0001382,I000855-02,LN000855,2024-09-03,1200000.00,172800.00
R0001383,I000893-01,LN000893,2024-09-03,422222.23,45600.00
R0001384,I001261-07,LN001261,2024-09-03,761111.11,164400.00
R0001385,I001590-05,LN001590,2024-09-03,1127777.78,243600.00
R0001386,I001827-01,LN001827,2024-09-03,1405555.56,303600.00
R0001387,I001894-06,LN001894,2024-09-03,840000.00,181440.00
R0001388,I000177-01,LN000177,2024-09-04,855555.56,184800.00
R0001389,I000209-01,LN000209,2024-09-04,700000.00,50400.00
R0001390,I000695-02,LN000695,2024-09-04,2011111.11,217200.00
R0001391,I001124-08,LN001124,2024-09-04,266666.67,38400.00
R0001392,I001439-01,LN001439,2024-09-04,1175000.00,169200.00
R0001393,I001484-02,LN001484,2024-09-04,2466666.67,355200.00
R0001394,I001612-02,LN001612,2024-09-04,2425000.00,349200.00
R0001395,I000106-05,LN000106,2024-09-05,68611.11,14820.00
R0001396,I000277-02,LN000277,2024-09-05,1100000.00,79200.00
R0001397,I000477-03,LN000477,2024-09-05,3916666.67,282000.00
R0001398,I000525-01,LN000525,2024-09-05,322222.23,69600.00
R0001399,I000614-06,LN000614,2024-09-05,2285833.32,164580.00
R0001400,I000622-01,LN000622,2024-09-05,1066666.67,38400.00
R0001401,I000766-04,LN000766,2024-09-05,333333.33,48000.00
R0001402,I000931-01,LN000931,2024-09-05,2033333.34,219600.00
R0001403,I000934-06,LN000934,2024-09-05,783333.33,112800.00
R0001404,I001075-04,LN001075,2024-09-05,888888.89,192000.00
R0001405,I001202-02,LN001202,2024-09-05,1250000.00,180000.00
R0001406,I001301-02,LN001301,2024-09-05,633333.34,91200.00
R0001407,I001532-02,LN001532,2024-09-05,858333.34,123600.00
R0001408,I001805-02,LN001805,2024-09-05,3122222.23,337200.00
R0001409,I001966-03,LN001966,2024-09-05,800000.00,115200.00
R0001410,I000153-06,LN000153,2024-09-06,3333333.33,360000.00
R0001411,I000624-03,LN000624,2024-09-06,1488888.89,160800.00
R0001412,I000662-02,LN000662,2024-09-06,6633333.33,238800.00
R0001413,I000669-02,LN000669,2024-09-06,1691666.67,243600.00
R0001414,I000691-06,LN000691,2024-09-06,2200000.00,316800.00
R0001415,I000721-01,LN000721,2024-09-06,500000.00,108000.00
R0001416,I000775-07,LN000775,2024-09-06,1208333.33,174000.00
R0001417,I000921-06,LN000921,2024-09-06,1922222.22,207600.00
R0001418,I000968-06,LN000968,2024-09-06,506666.66,36480.00
R0001419,I001167-03,LN001167,2024-09-06,2983333.33,214800.00
R0001420,I001329-05,LN001329,2024-09-06,1900000.00,136800.00
R0001421,I001443-04,LN001443,2024-09-06,1366666.67,147600.00
R0001422,I001697-01,LN001697,2024-09-06,2011111.12,217200.00
R0001423,I000302-02,LN000302,2024-09-07,600000.00,64800.00
R0001424,I000766-06,LN000766,2024-09-07,666666.67,96000.00
R0001425,I000795-02,LN000795,2024-09-07,3266666.67,117600.00
R0001426,I000961-01,LN000961,2024-09-07,1475000.00,212400.00
R0001427,I001307-02,LN001307,2024-09-07,716666.66,51600.00
R0001428,I001449-06,LN001449,2024-09-07,341666.67,49200.00
R0001429,I000042-01,LN000042,2024-09-08,6400000.00,230400.00
R0001430,I000065-05,LN000065,2024-09-08,783333.33,56400.00
R0001431,I000451-02,LN000451,2024-09-08,3066666.67,220800.00
R0001432,I000644-04,LN000644,2024-09-08,1933333.33,208800.00
R0001433,I000737-04,LN000737,2024-09-08,1288888.89,278400.00
R0001434,I000796-01,LN000796,2024-09-08,1466666.67,316800.00
R0001435,I000859-03,LN000859,2024-09-08,266666.67,28800.00
R0001436,I000941-05,LN000941,2024-09-08,2058333.33,296400.00
R0001437,I001003-07,LN001003,2024-09-08,558333.33,80400.00
R0001438,I001114-04,LN001114,2024-09-08,1091666.67,157200.00
R0001439,I001279-02,LN001279,2024-09-08,172222.22,37200.00
R0001440,I001376-03,LN001376,2024-09-08,2425000.00,349200.00
R0001441,I001461-06,LN001461,2024-09-08,400000.00,86400.00
R0001442,I001649-06,LN001649,2024-09-08,2433333.33,175200.00
R0001443,I001830-05,LN001830,2024-09-08,161111.11,34800.00
R0001444,I001980-03,LN001980,2024-09-08,1000000.00,216000.00
R0001445,I000162-07,LN000162,2024-09-09,1288888.89,278400.00
R0001446,I000442-02,LN000442,2024-09-09,1533333.34,220800.00
R0001447,I000613-03,LN000613,2024-09-09,988888.89,106800.00
R0001448,I000707-03,LN000707,2024-09-09,2083333.33,150000.00
R0001449,I000865-04,LN000865,2024-09-09,783333.34,112800.00
R0001450,I001482-05,LN001482,2024-09-09,1233333.33,177600.00
R0001451,I001685-06,LN001685,2024-09-09,700000.00,75600.00
R0001452,I001720-05,LN001720,2024-09-09,1516666.67,218400.00
R0001453,I001894-07,LN001894,2024-09-09,682500.00,147420.00
R0001454,I001896-01,LN001896,2024-09-09,2444444.45,264000.00
R0001455,I001919-05,LN001919,2024-09-09,1261111.11,272400.00
R0001456,I000073-06,LN000073,2024-09-10,2208333.33,318000.00
R0001457,I000543-02,LN000543,2024-09-10,325000.00,46800.00
R0001458,I000612-06,LN000612,2024-09-10,1283333.33,92400.00
R0001459,I000920-02,LN000920,2024-09-10,675000.00,97200.00
R0001460,I001042-05,LN001042,2024-09-10,1516666.67,327600.00
R0001461,I001112-04,LN001112,2024-09-10,1916666.67,138000.00
R0001462,I001237-08,LN001237,2024-09-10,1533333.33,331200.00
R0001463,I001360-03,LN001360,2024-09-10,1000000.00,216000.00
R0001464,I001846-05,LN001846,2024-09-10,1750000.00,126000.00
R0001465,I001993-05,LN001993,2024-09-10,1533333.33,220800.00
R0001466,I000149-01,LN000149,2024-09-11,585000.00,84240.00
R0001467,I000325-01,LN000325,2024-09-11,1566666.67,112800.00
R0001468,I000501-04,LN000501,2024-09-11,466666.67,67200.00
R0001469,I000847-04,LN000847,2024-09-11,2041666.67,294000.00
R0001470,I001020-03,LN001020,2024-09-11,1294444.45,279600.00
R0001471,I001074-05,LN001074,2024-09-11,1766666.66,127200.00
R0001472,I001130-07,LN001130,2024-09-11,1825000.00,262800.00
R0001473,I000127-06,LN000127,2024-09-12,2355555.55,254400.00
R0001474,I000433-06,LN000433,2024-09-12,977777.78,211200.00
R0001475,I000702-05,LN000702,2024-09-12,722222.22,156000.00
R0001476,I000729-07,LN000729,2024-09-12,2044444.44,220800.00
R0001477,I000810-01,LN000810,2024-09-12,816666.67,58800.00
R0001478,I000900-02,LN000900,2024-09-12,883333.34,127200.00
R0001479,I001456-04,LN001456,2024-09-12,1405555.56,303600.00
R0001480,I001464-08,LN001464,2024-09-12,633333.33,91200.00
R0001481,I001521-01,LN001521,2024-09-12,2955555.56,319200.00
R0001482,I000425-04,LN000425,2024-09-13,3133333.33,225600.00
R0001483,I000570-05,LN000570,2024-09-13,1808333.33,260400.00
R0001484,I000975-03,LN000975,2024-09-13,9266666.66,333600.00
R0001485,I001009-03,LN001009,2024-09-13,4983333.33,358800.00
R0001486,I001033-01,LN001033,2024-09-13,2125000.00,306000.00
R0001487,I001080-03,LN001080,2024-09-13,358333.33,51600.00
R0001488,I001256-04,LN001256,2024-09-13,633333.34,91200.00
R0001489,I001530-03,LN001530,2024-09-13,3311111.11,357600.00
R0001490,I001799-04,LN001799,2024-09-13,4616666.67,332400.00
R0001491,I001803-06,LN001803,2024-09-13,1888888.89,204000.00
R0001492,I000556-01,LN000556,2024-09-14,1322222.23,285600.00
R0001493,I000657-06,LN000657,2024-09-14,439583.33,63300.00
R0001494,I000664-01,LN000664,2024-09-14,883333.34,190800.00
R0001495,I000988-01,LN000988,2024-09-14,1725000.00,248400.00
R0001496,I001060-04,LN001060,2024-09-14,4016666.67,289200.00
R0001497,I001394-06,LN001394,2024-09-14,1311111.11,141600.00
R0001498,I001465-02,LN001465,2024-09-14,4133333.34,297600.00
R0001499,I001779-05,LN001779,2024-09-14,1355555.56,146400.00
R0001500,I000059-01,LN000059,2024-09-15,2400000.00,259200.00
R0001501,I000444-01,LN000444,2024-09-15,2516666.67,181200.00
R0001502,I000554-07,LN000554,2024-09-15,866666.67,124800.00
R0001503,I000581-04,LN000581,2024-09-15,3900000.00,280800.00
R0001504,I000691-07,LN000691,2024-09-15,2200000.00,316800.00
R0001505,I000847-05,LN000847,2024-09-15,2041666.67,294000.00
R0001506,I001246-05,LN001246,2024-09-15,2083333.33,300000.00
R0001507,I001404-01,LN001404,2024-09-15,2600000.00,93600.00
R0001508,I001558-05,LN001558,2024-09-15,2650000.00,190800.00
R0001509,I001695-04,LN001695,2024-09-15,2566666.67,277200.00
R0001510,I001750-02,LN001750,2024-09-15,2083333.34,300000.00
R0001511,I000164-01,LN000164,2024-09-16,822222.23,177600.00
R0001512,I000246-08,LN000246,2024-09-16,3288888.89,355200.00
R0001513,I000357-06,LN000357,2024-09-16,891666.67,128400.00
R0001514,I000487-01,LN000487,2024-09-16,158333.34,22800.00
R0001515,I000672-02,LN000672,2024-09-16,216666.67,31200.00
R0001516,I000802-06,LN000802,2024-09-16,2788888.89,301200.00
R0001517,I000894-01,LN000894,2024-09-16,5833333.34,210000.00
R0001518,I001175-04,LN001175,2024-09-16,1289166.66,92820.00
R0001519,I001186-05,LN001186,2024-09-16,1077777.78,232800.00
R0001520,I001303-05,LN001303,2024-09-16,361111.11,78000.00
R0001521,I001369-07,LN001369,2024-09-16,1341666.67,193200.00
R0001522,I001452-06,LN001452,2024-09-16,688888.89,148800.00
R0001523,I001596-07,LN001596,2024-09-16,488888.89,105600.00
R0001524,I001629-06,LN001629,2024-09-16,1900000.00,136800.00
R0001525,I000055-06,LN000055,2024-09-17,300000.00,43200.00
R0001526,I000222-06,LN000222,2024-09-17,2208333.33,318000.00
R0001527,I000465-02,LN000465,2024-09-17,811111.11,87600.00
R0001528,I000585-06,LN000585,2024-09-17,1050000.00,75600.00
R0001529,I000929-06,LN000929,2024-09-17,1400000.00,100800.00
R0001530,I000941-06,LN000941,2024-09-17,2058333.33,296400.00
R0001531,I001078-05,LN001078,2024-09-17,1150000.00,82800.00
R0001532,I001128-02,LN001128,2024-09-17,5000000.00,360000.00
R0001533,I001129-04,LN001129,2024-09-17,255555.56,27600.00
R0001534,I001147-07,LN001147,2024-09-17,1121250.00,161460.00
R0001535,I001213-01,LN001213,2024-09-17,4116666.67,296400.00
R0001536,I001582-05,LN001582,2024-09-17,1983333.33,285600.00
R0001537,I001660-06,LN001660,2024-09-17,877777.78,94800.00
R0001538,I001960-04,LN001960,2024-09-17,2191666.67,315600.00
R0001539,I001974-01,LN001974,2024-09-17,258333.33,9300.00
R0001540,I000185-05,LN000185,2024-09-18,765555.55,165360.00
R0001541,I000206-02,LN000206,2024-09-18,2755555.56,297600.00
R0001542,I000288-05,LN000288,2024-09-18,1288888.89,139200.00
R0001543,I000303-01,LN000303,2024-09-18,741666.67,106800.00
R0001544,I000628-02,LN000628,2024-09-18,1116666.67,160800.00
R0001545,I000865-05,LN000865,2024-09-18,783333.33,112800.00
R0001546,I001024-01,LN001024,2024-09-18,2241666.67,322800.00
R0001547,I001147-08,LN001147,2024-09-18,1725000.00,248400.00
R0001548,I001175-06,LN001175,2024-09-18,1983333.33,142800.00
R0001549,I001479-03,LN001479,2024-09-18,2275000.00,327600.00
R0001550,I001932-02,LN001932,2024-09-18,958333.34,138000.00
R0001551,I000033-05,LN000033,2024-09-19,500000.00,54000.00
R0001552,I000112-01,LN000112,2024-09-19,4750000.00,342000.00
R0001553,I000250-04,LN000250,2024-09-19,711111.11,153600.00
R0001554,I000277-01,LN000277,2024-09-19,1100000.00,79200.00
R0001555,I000447-07,LN000447,2024-09-19,2108333.33,303600.00
R0001556,I000543-03,LN000543,2024-09-19,325000.00,46800.00
R0001557,I000813-05,LN000813,2024-09-19,3400000.00,244800.00
R0001558,I001055-07,LN001055,2024-09-19,3144444.44,339600.00
R0001559,I001150-01,LN001150,2024-09-19,2450000.00,176400.00
R0001560,I001234-04,LN001234,2024-09-19,1183333.34,170400.00
R0001561,I001345-07,LN001345,2024-09-19,1083333.33,234000.00
R0001562,I001486-05,LN001486,2024-09-19,394444.45,85200.00
R0001563,I001542-02,LN001542,2024-09-19,2325000.00,83700.00
R0001564,I001845-02,LN001845,2024-09-19,333333.34,24000.00
R0001565,I001990-06,LN001990,2024-09-19,1426666.66,205440.00
R0001566,I000026-01,LN000026,2024-09-20,977777.78,211200.00
R0001567,I000159-08,LN000159,2024-09-20,988888.89,213600.00
R0001568,I000328-08,LN000328,2024-09-20,2016666.67,290400.00
R0001569,I000563-07,LN000563,2024-09-20,3122222.22,337200.00
R0001570,I001124-06,LN001124,2024-09-20,266666.67,38400.00
R0001571,I001369-08,LN001369,2024-09-20,1341666.67,193200.00
R0001572,I001402-01,LN001402,2024-09-20,513333.33,36960.00
R0001573,I001542-03,LN001542,2024-09-20,4650000.00,167400.00
R0001574,I001702-07,LN001702,2024-09-20,2355555.55,254400.00
R0001575,I001748-01,LN001748,2024-09-20,2155555.56,232800.00
R0001576,I001937-01,LN001937,2024-09-20,1383333.34,199200.00
R0001577,I001974-02,LN001974,2024-09-20,1033333.33,37200.00
R0001578,I000055-07,LN000055,2024-09-21,300000.00,43200.00
R0001579,I000192-06,LN000192,2024-09-21,1766666.67,254400.00
R0001580,I000701-07,LN000701,2024-09-21,955555.55,103200.00
R0001581,I000746-04,LN000746,2024-09-21,2600000.00,187200.00
R0001582,I000912-02,LN000912,2024-09-21,1108333.34,159600.00
R0001583,I000917-07,LN000917,2024-09-21,1027777.78,222000.00
R0001584,I001339-04,LN001339,2024-09-21,2450000.00,352800.00
R0001585,I001385-03,LN001385,2024-09-21,3066666.67,220800.00
R0001586,I001476-02,LN001476,2024-09-21,1983333.34,285600.00
R0001587,I000270-01,LN000270,2024-09-22,766666.67,110400.00
R0001588,I000356-04,LN000356,2024-09-22,912500.00,131400.00
R0001589,I000913-08,LN000913,2024-09-22,3133333.33,338400.00
R0001590,I000924-03,LN000924,2024-09-22,333333.34,48000.00
R0001591,I001198-01,LN001198,2024-09-22,7233333.34,260400.00
R0001592,I001348-03,LN001348,2024-09-22,105555.56,22800.00
R0001593,I001485-04,LN001485,2024-09-22,1000000.00,144000.00
R0001594,I001559-06,LN001559,2024-09-22,1666666.66,120000.00
R0001595,I001641-02,LN001641,2024-09-22,8466666.67,304800.00
R0001596,I000327-02,LN000327,2024-09-23,883333.34,127200.00
R0001597,I000470-03,LN000470,2024-09-23,400000.00,28800.00
R0001598,I000541-05,LN000541,2024-09-23,461111.11,99600.00
R0001599,I000642-01,LN000642,2024-09-23,1100000.00,158400.00
R0001600,I000713-06,LN000713,2024-09-23,4800000.00,345600.00
R0001601,I001014-04,LN001014,2024-09-23,1208333.34,174000.00
R0001602,I001034-03,LN001034,2024-09-23,2116666.67,304800.00
R0001603,I001089-01,LN001089,2024-09-23,2466666.67,355200.00
R0001604,I001195-05,LN001195,2024-09-23,650000.00,46800.00
R0001605,I001263-04,LN001263,2024-09-23,1800000.00,129600.00
R0001606,I001313-03,LN001313,2024-09-23,800000.00,57600.00
R0001607,I001415-06,LN001415,2024-09-23,500000.00,54000.00
R0001608,I001567-01,LN001567,2024-09-23,1383333.34,99600.00
R0001609,I001687-06,LN001687,2024-09-23,3900000.00,280800.00
R0001610,I001697-03,LN001697,2024-09-23,2011111.11,217200.00
R0001611,I001720-04,LN001720,2024-09-23,1516666.67,218400.00
R0001612,I001931-02,LN001931,2024-09-23,2444444.45,264000.00
R0001613,I000011-08,LN000011,2024-09-24,1916666.67,276000.00
R0001614,I000020-05,LN000020,2024-09-24,683333.33,98400.00
R0001615,I000213-08,LN000213,2024-09-24,755555.56,163200.00
R0001616,I000226-05,LN000226,2024-09-24,1333333.33,96000.00
R0001617,I000379-04,LN000379,2024-09-24,1625000.00,234000.00
R0001618,I000475-02,LN000475,2024-09-24,4116666.67,296400.00
R0001619,I000540-05,LN000540,2024-09-24,3144444.44,339600.00
R0001620,I000554-08,LN000554,2024-09-24,866666.67,124800.00
R0001621,I001080-05,LN001080,2024-09-24,716666.67,103200.00
R0001622,I001526-01,LN001526,2024-09-24,1316666.67,189600.00
R0001623,I001668-01,LN001668,2024-09-24,388888.89,84000.00
R0001624,I000040-04,LN000040,2024-09-25,1625000.00,234000.00
R0001625,I000045-04,LN000045,2024-09-25,4916666.67,354000.00
R0001626,I000097-08,LN000097,2024-09-25,2300000.00,248400.00
R0001627,I000153-05,LN000153,2024-09-25,3333333.33,360000.00
R0001628,I000258-04,LN000258,2024-09-25,2811111.11,303600.00
R0001629,I000517-04,LN000517,2024-09-25,491666.67,70800.00
R0001630,I000664-02,LN000664,2024-09-25,883333.34,190800.00
R0001631,I000761-08,LN000761,2024-09-25,555555.55,60000.00
R0001632,I000935-06,LN000935,2024-09-25,2033333.33,292800.00
R0001633,I000945-08,LN000945,2024-09-25,1733333.33,187200.00
R0001634,I001074-04,LN001074,2024-09-25,1766666.67,127200.00
R0001635,I001238-06,LN001238,2024-09-25,2100000.00,302400.00
R0001636,I001362-02,LN001362,2024-09-25,3188888.89,344400.00
R0001637,I001536-05,LN001536,2024-09-25,55555.55,6000.00
R0001638,I001807-03,LN001807,2024-09-25,433333.34,62400.00
R0001639,I001851-01,LN001851,2024-09-25,977777.78,105600.00
R0001640,I000725-08,LN000725,2024-09-26,1211111.11,261600.00
R0001641,I000822-01,LN000822,2024-09-26,1500000.00,216000.00
R0001642,I001249-08,LN001249,2024-09-26,2466666.66,266400.00
R0001643,I001258-01,LN001258,2024-09-26,1038888.89,224400.00
R0001644,I001329-04,LN001329,2024-09-26,950000.00,68400.00
R0001645,I001357-03,LN001357,2024-09-26,2655555.56,286800.00
R0001646,I001404-03,LN001404,2024-09-26,2600000.00,93600.00
R0001647,I001439-02,LN001439,2024-09-26,1175000.00,169200.00
R0001648,I001493-01,LN001493,2024-09-26,3250000.00,234000.00
R0001649,I000147-05,LN000147,2024-09-27,1050000.00,226800.00
R0001650,I000176-03,LN000176,2024-09-27,1000000.00,144000.00
R0001651,I000268-05,LN000268,2024-09-27,2311111.11,249600.00
R0001652,I000273-05,LN000273,2024-09-27,3666666.66,264000.00
R0001653,I000357-07,LN000357,2024-09-27,891666.67,128400.00
R0001654,I000901-02,LN000901,2024-09-27,725000.00,104400.00
R0001655,I000973-03,LN000973,2024-09-27,2600000.00,187200.00
R0001656,I001318-05,LN001318,2024-09-27,2244444.44,242400.00
R0001657,I001570-02,LN001570,2024-09-27,3533333.34,254400.00
R0001658,I000027-03,LN000027,2024-09-28,1366666.67,98400.00
R0001659,I000230-05,LN000230,2024-09-28,716666.66,51600.00
R0001660,I000382-09,LN000382,2024-09-28,991666.66,142800.00
R0001661,I000498-04,LN000498,2024-09-28,1141666.67,164400.00
R0001662,I000909-07,LN000909,2024-09-28,1108333.33,159600.00
R0001663,I000940-03,LN000940,2024-09-28,4116666.67,296400.00
R0001664,I001060-03,LN001060,2024-09-28,4016666.67,289200.00
R0001665,I001075-05,LN001075,2024-09-28,888888.89,192000.00
R0001666,I001352-01,LN001352,2024-09-28,1433333.34,51600.00
R0001667,I001399-08,LN001399,2024-09-28,1408333.33,202800.00
R0001668,I001495-05,LN001495,2024-09-28,444166.66,31980.00
R0001669,I001503-05,LN001503,2024-09-28,1650000.00,237600.00
R0001670,I000033-06,LN000033,2024-09-29,1000000.00,108000.00
R0001671,I000034-04,LN000034,2024-09-29,3188888.89,344400.00
R0001672,I000102-01,LN000102,2024-09-29,4250000.00,306000.00
R0001673,I000369-08,LN000369,2024-09-29,377777.78,81600.00
R0001674,I000476-06,LN000476,2024-09-29,1133333.34,244800.00
R0001675,I000623-06,LN000623,2024-09-29,2233333.33,321600.00
R0001676,I000702-07,LN000702,2024-09-29,722222.22,156000.00
R0001677,I001285-05,LN001285,2024-09-29,2833333.33,204000.00
R0001678,I001443-05,LN001443,2024-09-29,1366666.67,147600.00
R0001679,I001580-01,LN001580,2024-09-29,744444.45,80400.00
R0001680,I001679-04,LN001679,2024-09-29,1083333.34,156000.00
R0001681,I001772-06,LN001772,2024-09-29,1533333.33,110400.00
R0001682,I001879-06,LN001879,2024-09-29,1700000.00,183600.00
R0001683,I000002-04,LN000002,2024-09-30,2816666.67,202800.00
R0001684,I000042-02,LN000042,2024-09-30,6400000.00,230400.00
R0001685,I000170-02,LN000170,2024-09-30,591666.67,42600.00
R0001686,I000248-05,LN000248,2024-09-30,1877777.78,202800.00
R0001687,I000270-02,LN000270,2024-09-30,766666.67,110400.00
R0001688,I000633-04,LN000633,2024-09-30,675000.00,97200.00
R0001689,I000704-02,LN000704,2024-09-30,1716666.67,247200.00
R0001690,I000800-01,LN000800,2024-09-30,511111.12,110400.00
R0001691,I000859-04,LN000859,2024-09-30,213333.33,23040.00
R0001692,I000961-02,LN000961,2024-09-30,1475000.00,212400.00
R0001693,I001132-04,LN001132,2024-09-30,4300000.00,309600.00
R0001694,I001187-04,LN001187,2024-09-30,2400000.00,345600.00
R0001695,I001250-07,LN001250,2024-09-30,1311111.11,283200.00
R0001696,I001385-04,LN001385,2024-09-30,3066666.67,220800.00
R0001697,I001868-02,LN001868,2024-09-30,800000.00,115200.00
R0001698,I000026-02,LN000026,2024-10-01,977777.78,211200.00
R0001699,I000391-09,LN000391,2024-10-01,1122222.22,121200.00
R0001700,I000605-03,LN000605,2024-10-01,4850000.00,349200.00
R0001701,I000629-06,LN000629,2024-10-01,3150000.00,226800.00
R0001702,I000673-08,LN000673,2024-10-01,1066666.66,115200.00
R0001703,I000709-07,LN000709,2024-10-01,150000.00,21600.00
R0001704,I000813-04,LN000813,2024-10-01,3400000.00,244800.00
R0001705,I001112-05,LN001112,2024-10-01,1916666.66,138000.00
R0001706,I001167-04,LN001167,2024-10-01,2983333.33,214800.00
R0001707,I001307-01,LN001307,2024-10-01,1433333.33,103200.00
R0001708,I001503-06,LN001503,2024-10-01,1650000.00,237600.00
R0001709,I001670-03,LN001670,2024-10-01,1177777.78,127200.00
R0001710,I001737-09,LN001737,2024-10-01,527777.78,114000.00
R0001711,I001964-02,LN001964,2024-10-01,3500000.00,252000.00
R0001712,I000351-06,LN000351,2024-10-02,3766666.66,271200.00
R0001713,I000468-04,LN000468,2024-10-02,2766666.67,298800.00
R0001714,I000560-06,LN000560,2024-10-02,722222.22,78000.00
R0001715,I000766-07,LN000766,2024-10-02,666666.67,96000.00
R0001716,I000884-01,LN000884,2024-10-02,4433333.34,319200.00
R0001717,I000911-02,LN000911,2024-10-02,658333.34,94800.00
R0001718,I001291-02,LN001291,2024-10-02,2466666.67,355200.00
R0001719,I001307-03,LN001307,2024-10-02,2866666.67,206400.00
R0001720,I001504-01,LN001504,2024-10-02,1283333.34,184800.00
R0001721,I001600-04,LN001600,2024-10-02,1100000.00,79200.00
R0001722,I001655-08,LN001655,2024-10-02,2466666.66,266400.00
R0001723,I001666-06,LN001666,2024-10-02,3050000.00,219600.00
R0001724,I001686-08,LN001686,2024-10-02,1741666.67,250800.00
R0001725,I001830-06,LN001830,2024-10-02,161111.11,34800.00
R0001726,I001855-06,LN001855,2024-10-02,2555555.55,276000.00
R0001727,I000486-09,LN000486,2024-10-03,2044444.44,220800.00
R0001728,I000720-08,LN000720,2024-10-03,991666.67,142800.00
R0001729,I000893-02,LN000893,2024-10-03,422222.23,45600.00
R0001730,I000934-07,LN000934,2024-10-03,783333.33,112800.00
R0001731,I001202-03,LN001202,2024-10-03,1250000.00,180000.00
R0001732,I001414-03,LN001414,2024-10-03,108333.33,15600.00
R0001733,I001617-04,LN001617,2024-10-03,916666.67,132000.00
R0001734,I001993-06,LN001993,2024-10-03,1533333.33,220800.00
R0001735,I000128-01,LN000128,2024-10-04,2391666.67,344400.00
R0001736,I000219-05,LN000219,2024-10-04,1900000.00,273600.00
R0001737,I000476-05,LN000476,2024-10-04,1133333.34,244800.00
R0001738,I000553-02,LN000553,2024-10-04,1991666.67,286800.00
R0001739,I000672-03,LN000672,2024-10-04,216666.67,31200.00
R0001740,I000695-03,LN000695,2024-10-04,2011111.11,217200.00
R0001741,I000952-01,LN000952,2024-10-04,1072222.23,231600.00
R0001742,I001045-05,LN001045,2024-10-04,166666.67,24000.00
R0001743,I001124-09,LN001124,2024-10-04,266666.66,38400.00
R0001744,I001130-08,LN001130,2024-10-04,1825000.00,262800.00
R0001745,I001280-05,LN001280,2024-10-04,566666.67,81600.00
R0001746,I001473-01,LN001473,2024-10-04,1666666.67,240000.00
R0001747,I001508-07,LN001508,2024-10-04,2700000.00,291600.00
R0001748,I001743-02,LN001743,2024-10-04,2372500.00,170820.00
R0001749,I000111-04,LN000111,2024-10-05,333333.34,48000.00
R0001750,I000415-05,LN000415,2024-10-05,616666.67,133200.00
R0001751,I000477-04,LN000477,2024-10-05,3916666.67,282000.00
R0001752,I000523-01,LN000523,2024-10-05,2722222.23,294000.00
R0001753,I000533-06,LN000533,2024-10-05,170833.33,24600.00
R0001754,I000649-09,LN000649,2024-10-05,1191666.66,171600.00
R0001755,I000931-02,LN000931,2024-10-05,2033333.34,219600.00
R0001756,I001094-06,LN001094,2024-10-05,350000.00,50400.00
R0001757,I001417-01,LN001417,2024-10-05,3566666.67,256800.00
R0001758,I001484-03,LN001484,2024-10-05,2466666.67,355200.00
R0001759,I001532-03,LN001532,2024-10-05,858333.34,123600.00
R0001760,I001562-03,LN001562,2024-10-05,1750000.00,126000.00
R0001761,I001678-01,LN001678,2024-10-05,2208333.34,318000.00
R0001762,I001721-01,LN001721,2024-10-05,1250000.00,180000.00
R0001763,I001827-02,LN001827,2024-10-05,1405555.56,303600.00
R0001764,I001966-04,LN001966,2024-10-05,800000.00,115200.00
R0001765,I000011-07,LN000011,2024-10-06,1916666.67,276000.00
R0001766,I000116-06,LN000116,2024-10-06,4300000.00,309600.00
R0001767,I000451-03,LN000451,2024-10-06,3066666.67,220800.00
R0001768,I000662-03,LN000662,2024-10-06,6633333.33,238800.00
R0001769,I000822-02,LN000822,2024-10-06,1500000.00,216000.00
R0001770,I000865-03,LN000865,2024-10-06,783333.34,112800.00
R0001771,I001041-03,LN001041,2024-10-06,933333.34,134400.00
R0001772,I001078-04,LN001078,2024-10-06,1150000.00,82800.00
R0001773,I001351-05,LN001351,2024-10-06,1283333.33,184800.00
R0001774,I001577-01,LN001577,2024-10-06,1888888.89,204000.00
R0001775,I001612-03,LN001612,2024-10-06,2425000.00,349200.00
R0001776,I001624-02,LN001624,2024-10-06,502222.22,54240.00
R0001777,I001722-06,LN001722,2024-10-06,2177777.78,235200.00
R0001778,I000622-02,LN000622,2024-10-07,1066666.67,38400.00
R0001779,I001482-06,LN001482,2024-10-07,1233333.33,177600.00
R0001780,I001580-02,LN001580,2024-10-07,744444.45,80400.00
R0001781,I001657-01,LN001657,2024-10-07,4633333.34,333600.00
R0001782,I001711-08,LN001711,2024-10-07,391666.66,56400.00
R0001783,I000172-02,LN000172,2024-10-08,4033333.33,145200.00
R0001784,I000581-05,LN000581,2024-10-08,3900000.00,280800.00
R0001785,I000644-05,LN000644,2024-10-08,1933333.33,208800.00
R0001786,I000902-06,LN000902,2024-10-08,89583.33,12900.00
R0001787,I001042-06,LN001042,2024-10-08,758333.33,163800.00
R0001788,I001128-03,LN001128,2024-10-08,5000000.00,360000.00
R0001789,I001449-07,LN001449,2024-10-08,341666.67,49200.00
R0001790,I001461-07,LN001461,2024-10-08,400000.00,86400.00
R0001791,I001558-06,LN001558,2024-10-08,2650000.00,190800.00
R0001792,I001798-03,LN001798,2024-10-08,3550000.00,255600.00
R0001793,I001813-01,LN001813,2024-10-08,988888.89,106800.00
R0001794,I001904-07,LN001904,2024-10-08,1711111.11,184800.00
R0001795,I001980-04,LN001980,2024-10-08,1250000.00,270000.00
R0001796,I000097-07,LN000097,2024-10-09,2300000.00,248400.00
R0001797,I000209-02,LN000209,2024-10-09,175000.00,12600.00
R0001798,I000241-03,LN000241,2024-10-09,191666.66,41400.00
R0001799,I000356-05,LN000356,2024-10-09,1825000.00,262800.00
R0001800,I000613-04,LN000613,2024-10-09,988888.89,106800.00
R0001801,I000707-04,LN000707,2024-10-09,2083333.33,150000.00
R0001802,I000788-05,LN000788,2024-10-09,1614166.66,116220.00
R0001803,I001279-04,LN001279,2024-10-09,688888.89,148800.00
R0001804,I001438-08,LN001438,2024-10-09,1305555.56,282000.00
R0001805,I001720-06,LN001720,2024-10-09,1516666.67,218400.00
R0001806,I001726-01,LN001726,2024-10-09,416666.67,60000.00
R0001807,I001961-06,LN001961,2024-10-09,3800000.00,273600.00
R0001808,I000065-06,LN000065,2024-10-10,783333.33,56400.00
R0001809,I000073-07,LN000073,2024-10-10,2208333.33,318000.00
R0001810,I000120-02,LN000120,2024-10-10,1133333.34,122400.00
R0001811,I000194-08,LN000194,2024-10-10,3155555.55,340800.00
R0001812,I000211-09,LN000211,2024-10-10,3288888.88,355200.00
R0001813,I000277-03,LN000277,2024-10-10,715000.00,51480.00
R0001814,I000913-06,LN000913,2024-10-10,3133333.33,338400.00
R0001815,I001669-01,LN001669,2024-10-10,600000.00,86400.00
R0001816,I001674-06,LN001674,2024-10-10,211111.11,22800.00
R0001817,I001805-03,LN001805,2024-10-10,3122222.22,337200.00
R0001818,I001846-06,LN001846,2024-10-10,1750000.00,126000.00
R0001819,I000149-02,LN000149,2024-10-11,450000.00,64800.00
R0001820,I000372-07,LN000372,2024-10-11,1138888.89,123000.00
R0001821,I000425-05,LN000425,2024-10-11,3133333.33,225600.00
R0001822,I000453-08,LN000453,2024-10-11,1005555.56,217200.00
R0001823,I000591-05,LN000591,2024-10-11,1022222.22,110400.00
R0001824,I000605-04,LN000605,2024-10-11,4850000.00,349200.00
R0001825,I000632-02,LN000632,2024-10-11,1944444.45,210000.00
R0001826,I000648-01,LN000648,2024-10-11,550000.00,118800.00
R0001827,I000669-03,LN000669,2024-10-11,1691666.67,243600.00
R0001828,I000921-07,LN000921,2024-10-11,1537777.77,166080.00
R0001829,I000949-06,LN000949,2024-10-11,3950000.00,284400.00
R0001830,I001020-04,LN001020,2024-10-11,1294444.45,279600.00
R0001831,I001153-01,LN001153,2024-10-11,145833.33,21000.00
R0001832,I001303-06,LN001303,2024-10-11,361111.11,78000.00
R0001833,I001792-09,LN001792,2024-10-11,1766666.66,190800.00
R0001834,I001948-03,LN001948,2024-10-11,2633333.33,189600.00
R0001835,I000127-07,LN000127,2024-10-12,2355555.55,254400.00
R0001836,I000129-03,LN000129,2024-10-12,2322222.22,250800.00
R0001837,I000447-08,LN000447,2024-10-12,2108333.33,303600.00
R0001838,I000479-02,LN000479,2024-10-12,141666.67,20400.00
R0001839,I000632-03,LN000632,2024-10-12,1263888.89,136500.00
R0001840,I000693-04,LN000693,2024-10-12,572222.23,123600.00
R0001841,I000836-01,LN000836,2024-10-12,825000.00,118800.00
R0001842,I000920-03,LN000920,2024-10-12,675000.00,97200.00
R0001843,I001063-01,LN001063,2024-10-12,2666666.67,288000.00
R0001844,I001261-08,LN001261,2024-10-12,761111.11,164400.00
R0001845,I001403-02,LN001403,2024-10-12,3800000.00,136800.00
R0001846,I001464-09,LN001464,2024-10-12,633333.33,91200.00
R0001847,I001473-02,LN001473,2024-10-12,1666666.67,240000.00
R0001848,I001519-04,LN001519,2024-10-12,2433333.34,350400.00
R0001849,I001818-01,LN001818,2024-10-12,2911111.12,314400.00
R0001850,I001888-07,LN001888,2024-10-12,183333.33,26400.00
R0001851,I001954-04,LN001954,2024-10-12,1800000.00,259200.00
R0001852,I000059-02,LN000059,2024-10-13,2400000.00,259200.00
R0001853,I000077-06,LN000077,2024-10-13,1883333.33,135600.00
R0001854,I000172-01,LN000172,2024-10-13,4033333.34,145200.00
R0001855,I000570-06,LN000570,2024-10-13,1808333.33,260400.00
R0001856,I000592-01,LN000592,2024-10-13,516666.67,74400.00
R0001857,I000721-02,LN000721,2024-10-13,500000.00,108000.00
R0001858,I001126-06,LN001126,2024-10-13,2316666.67,333600.00
R0001859,I001509-06,LN001509,2024-10-13,716666.66,103200.00
R0001860,I001509-07,LN001509,2024-10-13,1433333.33,206400.00
R0001861,I001530-04,LN001530,2024-10-13,3311111.11,357600.00
R0001862,I001750-03,LN001750,2024-10-13,2083333.34,300000.00
R0001863,I001894-08,LN001894,2024-10-13,1050000.00,226800.00
R0001864,I001974-03,LN001974,2024-10-13,1033333.33,37200.00
R0001865,I000162-08,LN000162,2024-10-14,1288888.89,278400.00
R0001866,I000164-02,LN000164,2024-10-14,822222.23,177600.00
R0001867,I000202-01,LN000202,2024-10-14,2783333.34,200400.00
R0001868,I000246-09,LN000246,2024-10-14,3288888.88,355200.00
R0001869,I000361-03,LN000361,2024-10-14,1900000.00,273600.00
R0001870,I000633-03,LN000633,2024-10-14,675000.00,97200.00
R0001871,I000900-03,LN000900,2024-10-14,883333.34,127200.00
R0001872,I000925-05,LN000925,2024-10-14,1983333.33,142800.00
R0001873,I000957-07,LN000957,2024-10-14,1477777.78,319200.00
R0001874,I001394-07,LN001394,2024-10-14,1311111.11,141600.00
R0001875,I001402-02,LN001402,2024-10-14,1283333.34,92400.00
R0001876,I001465-03,LN001465,2024-10-14,3306666.66,238080.00
R0001877,I001630-07,LN001630,2024-10-14,696944.44,150540.00
R0001878,I001630-08,LN001630,2024-10-14,1072222.22,231600.00
R0001879,I001710-01,LN001710,2024-10-14,158333.34,22800.00
R0001880,I001815-02,LN001815,2024-10-14,1625000.00,234000.00
R0001881,I001945-05,LN001945,2024-10-14,316666.67,45600.00
R0001882,I000185-06,LN000185,2024-10-15,1177777.78,254400.00
R0001883,I000279-01,LN000279,2024-10-15,1622222.23,175200.00
R0001884,I000444-02,LN000444,2024-10-15,2516666.67,181200.00
R0001885,I000542-01,LN000542,2024-10-15,283333.34,40800.00
R0001886,I000600-01,LN000600,2024-10-15,2466666.67,355200.00
R0001887,I000641-08,LN000641,2024-10-15,2050000.00,295200.00
R0001888,I000691-08,LN000691,2024-10-15,2200000.00,316800.00
R0001889,I001009-04,LN001009,2024-10-15,4983333.33,358800.00
R0001890,I001057-01,LN001057,2024-10-15,2416666.67,174000.00
R0001891,I001080-06,LN001080,2024-10-15,716666.67,103200.00
R0001892,I001096-01,LN001096,2024-10-15,608333.34,87600.00
R0001893,I001114-05,LN001114,2024-10-15,1091666.67,157200.00
R0001894,I001118-06,LN001118,2024-10-15,1866666.67,201600.00
R0001895,I001386-02,LN001386,2024-10-15,1311111.11,141600.00
R0001896,I001484-04,LN001484,2024-10-15,2466666.67,355200.00
R0001897,I001495-06,LN001495,2024-10-15,683333.33,49200.00
R0001898,I001580-03,LN001580,2024-10-15,744444.45,80400.00
R0001899,I001660-07,LN001660,2024-10-15,877777.78,94800.00
R0001900,I001695-05,LN001695,2024-10-15,2566666.67,277200.00
R0001901,I001912-07,LN001912,2024-10-15,2275000.00,327600.00
R0001902,I000240-04,LN000240,2024-10-16,4850000.00,349200.00
R0001903,I000487-02,LN000487,2024-10-16,158333.34,22800.00
R0001904,I000795-03,LN000795,2024-10-16,3266666.66,117600.00
R0001905,I001060-05,LN001060,2024-10-16,4016666.66,289200.00
R0001906,I001129-03,LN001129,2024-10-16,127777.78,13800.00
R0001907,I001186-06,LN001186,2024-10-16,1077777.78,232800.00
R0001908,I001596-08,LN001596,2024-10-16,488888.89,105600.00
R0001909,I001685-07,LN001685,2024-10-16,700000.00,75600.00
R0001910,I001737-08,LN001737,2024-10-16,527777.78,114000.00
R0001911,I001798-04,LN001798,2024-10-16,3550000.00,255600.00
R0001912,I001904-08,LN001904,2024-10-16,1711111.11,184800.00
R0001913,I000011-09,LN000011,2024-10-17,1916666.66,276000.00
R0001914,I000110-06,LN000110,2024-10-17,900000.00,129600.00
R0001915,I000433-07,LN000433,2024-10-17,391111.11,84480.00
R0001916,I000465-03,LN000465,2024-10-17,811111.11,87600.00
R0001917,I000474-01,LN000474,2024-10-17,833333.34,90000.00
R0001918,I000531-01,LN000531,2024-10-17,525000.00,75600.00
R0001919,I001073-02,LN001073,2024-10-17,1600000.00,230400.00
R0001920,I001199-01,LN001199,2024-10-17,2400000.00,345600.00
R0001921,I001376-04,LN001376,2024-10-17,2425000.00,349200.00
R0001922,I001406-01,LN001406,2024-10-17,3900000.00,280800.00
R0001923,I001641-03,LN001641,2024-10-17,8466666.66,304800.00
R0001924,I001810-01,LN001810,2024-10-17,716666.67,51600.00
R0001925,I001845-03,LN001845,2024-10-17,333333.33,24000.00
R0001926,I000194-09,LN000194,2024-10-18,3155555.55,340800.00
R0001927,I000303-02,LN000303,2024-10-18,741666.67,106800.00
R0001928,I000541-06,LN000541,2024-10-18,461111.11,99600.00
R0001929,I000657-07,LN000657,2024-10-18,1758333.33,253200.00
R0001930,I000737-03,LN000737,2024-10-18,1288888.89,278400.00
R0001931,I000788-06,LN000788,2024-10-18,2483333.33,178800.00
R0001932,I000802-07,LN000802,2024-10-18,2788888.89,301200.00
R0001933,I000865-06,LN000865,2024-10-18,783333.33,112800.00
R0001934,I000945-06,LN000945,2024-10-18,1733333.33,187200.00
R0001935,I001147-09,LN001147,2024-10-18,1725000.00,248400.00
R0001936,I001165-06,LN001165,2024-10-18,2911111.11,314400.00
R0001937,I001479-04,LN001479,2024-10-18,2275000.00,327600.00
R0001938,I001582-06,LN001582,2024-10-18,1983333.33,285600.00
R0001939,I001854-06,LN001854,2024-10-18,3100000.00,334800.00
R0001940,I001954-03,LN001954,2024-10-18,1800000.00,259200.00
R0001941,I000084-01,LN000084,2024-10-19,235555.56,50880.00
R0001942,I000112-02,LN000112,2024-10-19,4750000.00,342000.00
R0001943,I000230-06,LN000230,2024-10-19,716666.66,51600.00
R0001944,I000302-05,LN000302,2024-10-19,600000.00,64800.00
R0001945,I000454-01,LN000454,2024-10-19,1744444.45,188400.00
R0001946,I000525-02,LN000525,2024-10-19,322222.23,69600.00
R0001947,I000543-04,LN000543,2024-10-19,325000.00,46800.00
R0001948,I000729-08,LN000729,2024-10-19,2044444.44,220800.00
R0001949,I000746-05,LN000746,2024-10-19,2600000.00,187200.00
R0001950,I000806-05,LN000806,2024-10-19,1033333.33,148800.00
R0001951,I000813-06,LN000813,2024-10-19,3400000.00,244800.00
R0001952,I000898-01,LN000898,2024-10-19,6533333.34,235200.00
R0001953,I001150-02,LN001150,2024-10-19,2450000.00,176400.00
R0001954,I001244-05,LN001244,2024-10-19,3250000.00,234000.00
R0001955,I001345-08,LN001345,2024-10-19,1083333.33,234000.00
R0001956,I001476-03,LN001476,2024-10-19,1983333.34,285600.00
R0001957,I001525-01,LN001525,2024-10-19,266666.67,28800.00
R0001958,I001743-01,LN001743,2024-10-19,3650000.00,262800.00
R0001959,I001903-08,LN001903,2024-10-19,2133333.33,307200.00
R0001960,I000134-02,LN000134,2024-10-20,153333.33,22080.00
R0001961,I000286-07,LN000286,2024-10-20,2644444.44,285600.00
R0001962,I000328-09,LN000328,2024-10-20,2016666.66,290400.00
R0001963,I000598-01,LN000598,2024-10-20,1916666.67,276000.00
R0001964,I000624-05,LN000624,2024-10-20,595555.55,64320.00
R0001965,I000628-03,LN000628,2024-10-20,1116666.67,160800.00
R0001966,I000693-05,LN000693,2024-10-20,572222.22,123600.00
R0001967,I000847-06,LN000847,2024-10-20,2041666.67,294000.00
R0001968,I000872-03,LN000872,2024-10-20,2311111.11,249600.00
R0001969,I000872-04,LN000872,2024-10-20,2888888.89,312000.00
R0001970,I001063-02,LN001063,2024-10-20,2666666.67,288000.00
R0001971,I001315-01,LN001315,2024-10-20,1310833.33,94380.00
R0001972,I001329-06,LN001329,2024-10-20,1900000.00,136800.00
R0001973,I001485-05,LN001485,2024-10-20,1000000.00,144000.00
R0001974,I001536-06,LN001536,2024-10-20,222222.22,24000.00
R0001975,I001780-01,LN001780,2024-10-20,600000.00,64800.00
R0001976,I000067-01,LN000067,2024-10-21,3866666.67,278400.00
R0001977,I000106-06,LN000106,2024-10-21,84444.44,18240.00
R0001978,I000106-07,LN000106,2024-10-21,105555.56,22800.00
R0001979,I000453-09,LN000453,2024-10-21,1005555.56,217200.00
R0001980,I000556-02,LN000556,2024-10-21,1322222.23,285600.00
R0001981,I000845-04,LN000845,2024-10-21,675000.00,97200.00
R0001982,I000912-03,LN000912,2024-10-21,1108333.34,159600.00
R0001983,I001145-01,LN001145,2024-10-21,600000.00,86400.00
R0001984,I001187-05,LN001187,2024-10-21,2400000.00,345600.00
R0001985,I001250-08,LN001250,2024-10-21,1311111.11,283200.00
R0001986,I001452-07,LN001452,2024-10-21,344444.44,74400.00
R0001987,I001582-07,LN001582,2024-10-21,1983333.33,285600.00
R0001988,I001945-04,LN001945,2024-10-21,253333.33,36480.00
R0001989,I000101-03,LN000101,2024-10-22,2366666.67,170400.00
R0001990,I000129-04,LN000129,2024-10-22,2322222.22,250800.00
R0001991,I000159-09,LN000159,2024-10-22,988888.89,213600.00
R0001992,I000347-03,LN000347,2024-10-22,1633333.34,235200.00
R0001993,I000361-04,LN000361,2024-10-22,1900000.00,273600.00
R0001994,I000417-01,LN000417,2024-10-22,1591666.67,229200.00
R0001995,I000540-06,LN000540,2024-10-22,3144444.44,339600.00
R0001996,I000737-05,LN000737,2024-10-22,1288888.89,278400.00
R0001997,I001149-05,LN001149,2024-10-22,1558333.33,224400.00
R0001998,I001285-06,LN001285,2024-10-22,2833333.33,204000.00
R0001999,I000134-04,LN000134,2024-10-23,191666.67,27600.00
R0002000,I000664-03,LN000664,2024-10-23,883333.34,190800.00
R0002001,I000720-07,LN000720,2024-10-23,991666.67,142800.00
R0002002,I001003-08,LN001003,2024-10-23,279166.66,40200.00
R0002003,I001034-04,LN001034,2024-10-23,2116666.67,304800.00
R0002004,I001096-02,LN001096,2024-10-23,608333.34,87600.00
R0002005,I001107-01,LN001107,2024-10-23,6800000.00,244800.00
R0002006,I001313-04,LN001313,2024-10-23,800000.00,57600.00
R0002007,I001386-03,LN001386,2024-10-23,1311111.11,141600.00
R0002008,I001396-04,LN001396,2024-10-23,1283333.33,92400.00
R0002009,I001537-02,LN001537,2024-10-23,125000.00,18000.00
R0002010,I001610-06,LN001610,2024-10-23,2391666.66,172200.00
R0002011,I001674-05,LN001674,2024-10-23,211111.11,22800.00
R0002012,I000020-06,LN000020,2024-10-24,683333.33,98400.00
R0002013,I000034-05,LN000034,2024-10-24,3188888.89,344400.00
R0002014,I000067-02,LN000067,2024-10-24,3866666.67,278400.00
R0002015,I000177-02,LN000177,2024-10-24,855555.56,184800.00
R0002016,I000213-09,LN000213,2024-10-24,755555.56,163200.00
R0002017,I000226-06,LN000226,2024-10-24,1333333.33,96000.00
R0002018,I000274-01,LN000274,2024-10-24,3211111.12,346800.00
R0002019,I000665-06,LN000665,2024-10-24,4200000.00,302400.00
R0002020,I000801-02,LN000801,2024-10-24,9933333.33,357600.00
R0002021,I001213-02,LN001213,2024-10-24,4116666.67,296400.00
R0002022,I001421-03,LN001421,2024-10-24,4186666.66,150720.00
R0002023,I001526-02,LN001526,2024-10-24,1316666.67,189600.00
R0002024,I001589-01,LN001589,2024-10-24,1294444.45,279600.00
R0002025,I001591-01,LN001591,2024-10-24,566666.67,122400.00
R0002026,I001658-01,LN001658,2024-10-24,1072222.23,231600.00
R0002027,I001668-02,LN001668,2024-10-24,388888.89,84000.00
R0002028,I001945-06,LN001945,2024-10-24,316666.67,45600.00
R0002029,I000120-01,LN000120,2024-10-25,1133333.34,122400.00
R0002030,I000170-03,LN000170,2024-10-25,1183333.33,85200.00
R0002031,I000553-03,LN000553,2024-10-25,1991666.67,286800.00
R0002032,I000560-07,LN000560,2024-10-25,722222.22,78000.00
R0002033,I000800-02,LN000800,2024-10-25,511111.12,110400.00
R0002034,I000855-04,LN000855,2024-10-25,300000.00,43200.00
R0002035,I000945-09,LN000945,2024-10-25,1733333.33,187200.00
R0002036,I001195-06,LN001195,2024-10-25,650000.00,46800.00
R0002037,I001362-03,LN001362,2024-10-25,3188888.89,344400.00
R0002038,I001414-04,LN001414,2024-10-25,216666.67,31200.00
R0002039,I001748-02,LN001748,2024-10-25,2155555.56,232800.00
R0002040,I001932-03,LN001932,2024-10-25,958333.34,138000.00
R0002041,I001952-08,LN001952,2024-10-25,2488888.89,268800.00
R0002042,I000293-01,LN000293,2024-10-26,1100000.00,237600.00
R0002043,I000573-01,LN000573,2024-10-26,1583333.34,342000.00
R0002044,I000941-07,LN000941,2024-10-26,2058333.33,296400.00
R0002045,I001055-08,LN001055,2024-10-26,3144444.44,339600.00
R0002046,I001234-05,LN001234,2024-10-26,1183333.33,170400.00
R0002047,I001249-09,LN001249,2024-10-26,2466666.66,266400.00
R0002048,I001251-04,LN001251,2024-10-26,2325000.00,334800.00
R0002049,I001533-01,LN001533,2024-10-26,211111.12,45600.00
R0002050,I001751-07,LN001751,2024-10-26,996666.66,143520.00
R0002051,I001751-08,LN001751,2024-10-26,1533333.33,220800.00
R0002052,I001799-05,LN001799,2024-10-26,4616666.66,332400.00
R0002053,I001803-07,LN001803,2024-10-26,472222.22,51000.00
R0002054,I001941-08,LN001941,2024-10-26,1750000.00,252000.00
R0002055,I000097-09,LN000097,2024-10-27,2300000.00,248400.00
R0002056,I000147-06,LN000147,2024-10-27,1050000.00,226800.00
R0002057,I000208-01,LN000208,2024-10-27,675000.00,97200.00
R0002058,I000268-06,LN000268,2024-10-27,2311111.11,249600.00
R0002059,I000321-03,LN000321,2024-10-27,825000.00,118800.00
R0002060,I000357-08,LN000357,2024-10-27,891666.67,128400.00
R0002061,I000632-04,LN000632,2024-10-27,1944444.45,210000.00
R0002062,I000924-04,LN000924,2024-10-27,333333.34,48000.00
R0002063,I001024-02,LN001024,2024-10-27,2241666.67,322800.00
R0002064,I001221-05,LN001221,2024-10-27,850000.00,183600.00
R0002065,I001348-04,LN001348,2024-10-27,105555.56,22800.00
R0002066,I001807-04,LN001807,2024-10-27,433333.34,62400.00
R0002067,I001937-02,LN001937,2024-10-27,1383333.34,199200.00
R0002068,I000055-08,LN000055,2024-10-28,300000.00,43200.00
R0002069,I000175-07,LN000175,2024-10-28,1225000.00,176400.00
R0002070,I000219-06,LN000219,2024-10-28,1900000.00,273600.00
R0002071,I000325-03,LN000325,2024-10-28,1566666.67,112800.00
R0002072,I000327-03,LN000327,2024-10-28,883333.34,127200.00
R0002073,I000372-08,LN000372,2024-10-28,2277777.77,246000.00
R0002074,I000397-01,LN000397,2024-10-28,483333.34,104400.00
R0002075,I000657-05,LN000657,2024-10-28,1758333.33,253200.00
R0002076,I000680-08,LN000680,2024-10-28,300000.00,64800.00
R0002077,I000775-08,LN000775,2024-10-28,1208333.33,174000.00
R0002078,I000940-04,LN000940,2024-10-28,4116666.67,296400.00
R0002079,I001124-10,LN001124,2024-10-28,266666.66,38400.00
R0002080,I001134-01,LN001134,2024-10-28,4800000.00,172800.00
R0002081,I001258-02,LN001258,2024-10-28,1038888.89,224400.00
R0002082,I001265-01,LN001265,2024-10-28,1175000.00,169200.00
R0002083,I001352-02,LN001352,2024-10-28,1433333.33,51600.00
R0002084,I001399-09,LN001399,2024-10-28,1408333.33,202800.00
R0002085,I001914-06,LN001914,2024-10-28,170833.33,24600.00
R0002086,I001919-08,LN001919,2024-10-28,1261111.11,272400.00
R0002087,I000240-03,LN000240,2024-10-29,4850000.00,349200.00
R0002088,I000273-06,LN000273,2024-10-29,3666666.66,264000.00
R0002089,I000476-07,LN000476,2024-10-29,1133333.33,244800.00
R0002090,I000649-10,LN000649,2024-10-29,1191666.66,171600.00
R0002091,I000702-08,LN000702,2024-10-29,722222.22,156000.00
R0002092,I001027-06,LN001027,2024-10-29,260000.00,37440.00
R0002093,I001027-07,LN001027,2024-10-29,400000.00,57600.00
R0002094,I001271-01,LN001271,2024-10-29,4950000.00,356400.00
R0002095,I001456-07,LN001456,2024-10-29,1405555.56,303600.00
R0002096,I001519-05,LN001519,2024-10-29,2433333.33,350400.00
R0002097,I001570-03,LN001570,2024-10-29,3533333.33,254400.00
R0002098,I001722-07,LN001722,2024-10-29,2177777.78,235200.00
R0002099,I001914-08,LN001914,2024-10-29,341666.67,49200.00
R0002100,I000002-05,LN000002,2024-10-30,2816666.66,202800.00
R0002101,I000042-03,LN000042,2024-10-30,6400000.00,230400.00
R0002102,I000069-01,LN000069,2024-10-30,266666.67,38400.00
R0002103,I000201-01,LN000201,2024-10-30,744444.45,80400.00
R0002104,I000286-08,LN000286,2024-10-30,2644444.44,285600.00
R0002105,I000323-01,LN000323,2024-10-30,916666.67,132000.00
R0002106,I000633-05,LN000633,2024-10-30,675000.00,97200.00
R0002107,I000701-08,LN000701,2024-10-30,955555.55,103200.00
R0002108,I000704-03,LN000704,2024-10-30,1716666.67,247200.00
R0002109,I000822-03,LN000822,2024-10-30,1500000.00,216000.00
R0002110,I000935-07,LN000935,2024-10-30,508333.33,73200.00
R0002111,I001020-02,LN001020,2024-10-30,1294444.45,279600.00
R0002112,I001118-05,LN001118,2024-10-30,1866666.67,201600.00
R0002113,I001123-01,LN001123,2024-10-30,2511111.12,271200.00
R0002114,I001132-05,LN001132,2024-10-30,4300000.00,309600.00
R0002115,I001263-05,LN001263,2024-10-30,1800000.00,129600.00
R0002116,I001310-07,LN001310,2024-10-30,577777.78,62400.00
R0002117,I000172-03,LN000172,2024-10-31,4033333.33,145200.00
R0002118,I000270-03,LN000270,2024-10-31,766666.67,110400.00
R0002119,I000475-03,LN000475,2024-10-31,4116666.67,296400.00
R0002120,I000523-02,LN000523,2024-10-31,2722222.23,294000.00
R0002121,I001078-06,LN001078,2024-10-31,1150000.00,82800.00
R0002122,I001216-01,LN001216,2024-10-31,516666.66,74400.00
R0002123,I001721-02,LN001721,2024-10-31,1250000.00,180000.00
R0002124,I001726-02,LN001726,2024-10-31,416666.67,60000.00
R0002125,I001885-01,LN001885,2024-10-31,3333333.34,240000.00
R0002126,I001896-02,LN001896,2024-10-31,2444444.45,264000.00
R0002127,I000088-01,LN000088,2024-11-01,1141666.67,164400.00
R0002128,I000248-06,LN000248,2024-11-01,1877777.78,202800.00
R0002129,I000325-02,LN000325,2024-11-01,1253333.33,90240.00
R0002130,I000503-01,LN000503,2024-11-01,2250000.00,162000.00
R0002131,I000583-05,LN000583,2024-11-01,2244444.44,242400.00
R0002132,I000642-02,LN000642,2024-11-01,1100000.00,158400.00
R0002133,I000673-09,LN000673,2024-11-01,1066666.66,115200.00
R0002134,I000859-05,LN000859,2024-11-01,266666.67,28800.00
R0002135,I000902-07,LN000902,2024-11-01,358333.33,51600.00
R0002136,I001112-06,LN001112,2024-11-01,1916666.66,138000.00
R0002137,I001126-04,LN001126,2024-11-01,2316666.67,333600.00
R0002138,I001237-10,LN001237,2024-11-01,1533333.33,331200.00
R0002139,I001357-04,LN001357,2024-11-01,1062222.22,114720.00
R0002140,I001360-04,LN001360,2024-11-01,1000000.00,216000.00
R0002141,I001385-05,LN001385,2024-11-01,3066666.66,220800.00
R0002142,I001415-07,LN001415,2024-11-01,500000.00,54000.00
R0002143,I001552-03,LN001552,2024-11-01,116666.66,12600.00
R0002144,I001697-04,LN001697,2024-11-01,2011111.11,217200.00
R0002145,I001737-10,LN001737,2024-11-01,527777.78,114000.00
R0002146,I001817-01,LN001817,2024-11-01,1720000.00,247680.00
R0002147,I001868-03,LN001868,2024-11-01,800000.00,115200.00
R0002148,I000177-03,LN000177,2024-11-02,855555.56,184800.00
R0002149,I000514-02,LN000514,2024-11-02,1675000.00,241200.00
R0002150,I000554-09,LN000554,2024-11-02,866666.66,124800.00
R0002151,I000591-06,LN000591,2024-11-02,2555555.55,276000.00
R0002152,I000952-02,LN000952,2024-11-02,1072222.23,231600.00
R0002153,I000959-09,LN000959,2024-11-02,966666.66,104400.00
R0002154,I001074-06,LN001074,2024-11-02,1766666.66,127200.00
R0002155,I001130-09,LN001130,2024-11-02,1825000.00,262800.00
R0002156,I001280-06,LN001280,2024-11-02,566666.67,81600.00
R0002157,I001374-03,LN001374,2024-11-02,888888.89,192000.00
R0002158,I001521-02,LN001521,2024-11-02,1921111.11,207480.00
R0002159,I001655-09,LN001655,2024-11-02,2466666.66,266400.00
R0002160,I001686-09,LN001686,2024-11-02,1741666.66,250800.00
R0002161,I000258-06,LN000258,2024-11-03,2811111.11,303600.00
R0002162,I000709-08,LN000709,2024-11-03,150000.00,21600.00
R0002163,I000728-01,LN000728,2024-11-03,516666.67,111600.00
R0002164,I000761-09,LN000761,2024-11-03,555555.55,60000.00
R0002165,I001261-09,LN001261,2024-11-03,761111.11,164400.00
R0002166,I001359-06,LN001359,2024-11-03,2833333.33,204000.00
R0002167,I001508-08,LN001508,2024-11-03,2700000.00,291600.00
R0002168,I001644-04,LN001644,2024-11-03,293333.33,42240.00
R0002169,I001797-01,LN001797,2024-11-03,444444.45,96000.00
R0002170,I001954-05,LN001954,2024-11-03,1800000.00,259200.00
R0002171,I000083-01,LN000083,2024-11-04,1561111.12,337200.00
R0002172,I000180-03,LN000180,2024-11-04,666666.67,72000.00
R0002173,I000209-03,LN000209,2024-11-04,350000.00,25200.00
R0002174,I000237-04,LN000237,2024-11-04,1400000.00,302400.00
R0002175,I000241-04,LN000241,2024-11-04,766666.67,165600.00
R0002176,I000353-06,LN000353,2024-11-04,2141666.67,308400.00
R0002177,I000654-01,LN000654,2024-11-04,683333.34,49200.00
R0002178,I000725-09,LN000725,2024-11-04,1211111.11,261600.00
R0002179,I000869-04,LN000869,2024-11-04,4183333.33,301200.00
R0002180,I000925-04,LN000925,2024-11-04,991666.66,71400.00
R0002181,I001045-06,LN001045,2024-11-04,166666.67,24000.00
R0002182,I001153-02,LN001153,2024-11-04,583333.34,84000.00
R0002183,I001291-03,LN001291,2024-11-04,2466666.67,355200.00
R0002184,I001301-03,LN001301,2024-11-04,158333.33,22800.00
R0002185,I001552-04,LN001552,2024-11-04,466666.67,50400.00
R0002186,I001677-02,LN001677,2024-11-04,2650000.00,190800.00
R0002187,I001799-06,LN001799,2024-11-04,4616666.66,332400.00
R0002188,I000134-03,LN000134,2024-11-05,191666.67,27600.00
R0002189,I000276-07,LN000276,2024-11-05,2041666.67,294000.00
R0002190,I000277-04,LN000277,2024-11-05,1100000.00,79200.00
R0002191,I000420-05,LN000420,2024-11-05,2408333.33,346800.00
R0002192,I000430-03,LN000430,2024-11-05,350000.00,50400.00
R0002193,I000454-02,LN000454,2024-11-05,1744444.45,188400.00
R0002194,I000622-03,LN000622,2024-11-05,1066666.66,38400.00
R0002195,I000925-06,LN000925,2024-11-05,1983333.33,142800.00
R0002196,I000931-03,LN000931,2024-11-05,2033333.34,219600.00
R0002197,I000934-08,LN000934,2024-11-05,783333.33,112800.00
R0002198,I000973-04,LN000973,2024-11-05,2600000.00,187200.00
R0002199,I001053-03,LN001053,2024-11-05,146666.67,31680.00
R0002200,I001075-06,LN001075,2024-11-05,888888.89,192000.00
R0002201,I001202-04,LN001202,2024-11-05,1250000.00,180000.00
R0002202,I001221-06,LN001221,2024-11-05,850000.00,183600.00
R0002203,I001360-05,LN001360,2024-11-05,1000000.00,216000.00
R0002204,I001402-03,LN001402,2024-11-05,1283333.33,92400.00
R0002205,I001411-09,LN001411,2024-11-05,2622222.22,283200.00
R0002206,I001678-02,LN001678,2024-11-05,2208333.34,318000.00
R0002207,I001800-01,LN001800,2024-11-05,3416666.67,246000.00
R0002208,I001903-09,LN001903,2024-11-05,2133333.33,307200.00
R0002209,I000669-04,LN000669,2024-11-06,1691666.67,243600.00
R0002210,I000695-04,LN000695,2024-11-06,2011111.11,217200.00
R0002211,I000775-09,LN000775,2024-11-06,1208333.33,174000.00
R0002212,I000851-01,LN000851,2024-11-06,1222222.23,264000.00
R0002213,I001290-02,LN001290,2024-11-06,1933333.34,139200.00
R0002214,I001351-06,LN001351,2024-11-06,1283333.33,184800.00
R0002215,I001443-06,LN001443,2024-11-06,1366666.67,147600.00
R0002216,I001503-07,LN001503,2024-11-06,1650000.00,237600.00
R0002217,I001612-04,LN001612,2024-11-06,2425000.00,349200.00
R0002218,I001624-03,LN001624,2024-11-06,1255555.56,135600.00
R0002219,I001657-02,LN001657,2024-11-06,4633333.34,333600.00
R0002220,I001894-09,LN001894,2024-11-06,1050000.00,226800.00
R0002221,I000479-03,LN000479,2024-11-07,141666.67,20400.00
R0002222,I000883-01,LN000883,2024-11-07,1966666.67,283200.00
R0002223,I000884-02,LN000884,2024-11-07,1108333.33,79800.00
R0002224,I001301-04,LN001301,2024-11-07,633333.34,91200.00
R0002225,I001438-09,LN001438,2024-11-07,1305555.56,282000.00
R0002226,I001473-03,LN001473,2024-11-07,1666666.67,240000.00
R0002227,I001482-07,LN001482,2024-11-07,1233333.33,177600.00
R0002228,I001711-09,LN001711,2024-11-07,1566666.66,225600.00
R0002229,I001815-03,LN001815,2024-11-07,1625000.00,234000.00
R0002230,I001818-02,LN001818,2024-11-07,2911111.11,314400.00
R0002231,I001888-08,LN001888,2024-11-07,366666.67,52800.00
R0002232,I000185-07,LN000185,2024-11-08,1177777.78,254400.00
R0002233,I000720-09,LN000720,2024-11-08,991666.66,142800.00
R0002234,I000737-06,LN000737,2024-11-08,1288888.89,278400.00
R0002235,I001129-05,LN001129,2024-11-08,255555.56,27600.00
R0002236,I001171-04,LN001171,2024-11-08,4816666.67,346800.00
R0002237,I001376-05,LN001376,2024-11-08,2425000.00,349200.00
R0002238,I001461-08,LN001461,2024-11-08,400000.00,86400.00
R0002239,I001669-02,LN001669,2024-11-08,600000.00,86400.00
R0002240,I001750-04,LN001750,2024-11-08,2083333.34,300000.00
R0002241,I001813-02,LN001813,2024-11-08,988888.89,106800.00
R0002242,I001993-07,LN001993,2024-11-08,1533333.33,220800.00
R0002243,I000221-05,LN000221,2024-11-09,526666.66,75840.00
R0002244,I000442-04,LN000442,2024-11-09,1533333.34,220800.00
R0002245,I000468-05,LN000468,2024-11-09,2766666.67,298800.00
R0002246,I000605-05,LN000605,2024-11-09,4850000.00,349200.00
R0002247,I000701-06,LN000701,2024-11-09,955555.55,103200.00
R0002248,I001389-02,LN001389,2024-11-09,855555.56,92400.00
R0002249,I001685-08,LN001685,2024-11-09,700000.00,75600.00
R0002250,I001879-08,LN001879,2024-11-09,1700000.00,183600.00
R0002251,I001952-07,LN001952,2024-11-09,2488888.89,268800.00
R0002252,I000073-08,LN000073,2024-11-10,2208333.33,318000.00
R0002253,I000127-08,LN000127,2024-11-10,2355555.55,254400.00
R0002254,I000153-07,LN000153,2024-11-10,2166666.66,234000.00
R0002255,I000221-06,LN000221,2024-11-10,1316666.67,189600.00
R0002256,I000264-01,LN000264,2024-11-10,1200000.00,172800.00
R0002257,I000381-05,LN000381,2024-11-10,1375000.00,198000.00
R0002258,I000557-01,LN000557,2024-11-10,1433333.34,103200.00
R0002259,I000810-03,LN000810,2024-11-10,816666.67,58800.00
R0002260,I000836-02,LN000836,2024-11-10,825000.00,118800.00
R0002261,I000869-03,LN000869,2024-11-10,4183333.33,301200.00
R0002262,I000920-04,LN000920,2024-11-10,675000.00,97200.00
R0002263,I001128-04,LN001128,2024-11-10,5000000.00,360000.00
R0002264,I001342-05,LN001342,2024-11-10,208333.33,30000.00
R0002265,I001780-04,LN001780,2024-11-10,600000.00,64800.00
R0002266,I001805-04,LN001805,2024-11-10,3122222.22,337200.00
R0002267,I001976-01,LN001976,2024-11-10,4116666.67,296400.00
R0002268,I000153-08,LN000153,2024-11-11,3333333.33,360000.00
R0002269,I000274-02,LN000274,2024-11-11,3211111.11,346800.00
R0002270,I000467-03,LN000467,2024-11-11,4366666.66,157200.00
R0002271,I000636-01,LN000636,2024-11-11,2100000.00,151200.00
R0002272,I000707-05,LN000707,2024-11-11,2083333.33,150000.00
R0002273,I000911-03,LN000911,2024-11-11,658333.34,94800.00
R0002274,I001092-01,LN001092,2024-11-11,850000.00,122400.00
R0002275,I001855-07,LN001855,2024-11-11,2555555.55,276000.00
R0002276,I000175-06,LN000175,2024-11-12,1225000.00,176400.00
R0002277,I000302-03,LN000302,2024-11-12,600000.00,64800.00
R0002278,I000474-02,LN000474,2024-11-12,833333.34,90000.00
R0002279,I000596-01,LN000596,2024-11-12,8433333.34,303600.00
R0002280,I000893-03,LN000893,2024-11-12,422222.22,45600.00
R0002281,I000917-08,LN000917,2024-11-12,1027777.78,222000.00
R0002282,I001290-01,LN001290,2024-11-12,1933333.34,139200.00
R0002283,I001357-05,LN001357,2024-11-12,2655555.56,286800.00
R0002284,I001414-05,LN001414,2024-11-12,216666.67,31200.00
R0002285,I001710-02,LN001710,2024-11-12,158333.34,22800.00
R0002286,I001966-05,LN001966,2024-11-12,800000.00,115200.00
R0002287,I000059-03,LN000059,2024-11-13,2400000.00,259200.00
R0002288,I000425-06,LN000425,2024-11-13,3133333.33,225600.00
R0002289,I000542-02,LN000542,2024-11-13,283333.34,40800.00
R0002290,I000570-07,LN000570,2024-11-13,1808333.33,260400.00
R0002291,I000573-02,LN000573,2024-11-13,1583333.34,342000.00
R0002292,I000591-07,LN000591,2024-11-13,2555555.55,276000.00
R0002293,I000628-04,LN000628,2024-11-13,1116666.67,160800.00
R0002294,I000773-01,LN000773,2024-11-13,1100000.00,158400.00
R0002295,I001009-05,LN001009,2024-11-13,4983333.33,358800.00
R0002296,I001033-03,LN001033,2024-11-13,2125000.00,306000.00
R0002297,I001094-08,LN001094,2024-11-13,350000.00,50400.00
R0002298,I001126-07,LN001126,2024-11-13,2316666.67,333600.00
R0002299,I001246-07,LN001246,2024-11-13,2083333.33,300000.00
R0002300,I001456-06,LN001456,2024-11-13,1405555.56,303600.00
R0002301,I001479-05,LN001479,2024-11-13,2275000.00,327600.00
R0002302,I001509-08,LN001509,2024-11-13,1433333.33,206400.00
R0002303,I001530-05,LN001530,2024-11-13,3311111.11,357600.00
R0002304,I001743-03,LN001743,2024-11-13,3650000.00,262800.00
R0002305,I001803-08,LN001803,2024-11-13,1888888.89,204000.00
R0002306,I000164-03,LN000164,2024-11-14,822222.23,177600.00
R0002307,I000240-05,LN000240,2024-11-14,4850000.00,349200.00
R0002308,I000307-02,LN000307,2024-11-14,2900000.00,313200.00
R0002309,I000961-03,LN000961,2024-11-14,1475000.00,212400.00
R0002310,I001912-06,LN001912,2024-11-14,1478750.00,212940.00
R0002311,I000147-04,LN000147,2024-11-15,1050000.00,226800.00
R0002312,I000691-09,LN000691,2024-11-15,2200000.00,316800.00
R0002313,I001041-04,LN001041,2024-11-15,933333.34,134400.00
R0002314,I001080-07,LN001080,2024-11-15,716666.67,103200.00
R0002315,I001167-05,LN001167,2024-11-15,2983333.33,214800.00
R0002316,I001617-05,LN001617,2024-11-15,916666.67,132000.00
R0002317,I001660-08,LN001660,2024-11-15,877777.77,94800.00
R0002318,I000162-09,LN000162,2024-11-16,1288888.89,278400.00
R0002319,I000421-01,LN000421,2024-11-16,4683333.34,337200.00
R0002320,I000487-03,LN000487,2024-11-16,158333.34,22800.00
R0002321,I001014-06,LN001014,2024-11-16,1208333.33,174000.00
R0002322,I001238-07,LN001238,2024-11-16,2100000.00,302400.00
R0002323,I001303-07,LN001303,2024-11-16,361111.11,78000.00
R0002324,I001389-03,LN001389,2024-11-16,855555.56,92400.00
R0002325,I001396-05,LN001396,2024-11-16,1283333.33,92400.00
R0002326,I001779-07,LN001779,2024-11-16,1355555.55,146400.00
R0002327,I000174-01,LN000174,2024-11-17,1500000.00,324000.00
R0002328,I000250-06,LN000250,2024-11-17,711111.11,153600.00
R0002329,I000444-03,LN000444,2024-11-17,2516666.67,181200.00
R0002330,I000465-04,LN000465,2024-11-17,811111.11,87600.00
R0002331,I000531-02,LN000531,2024-11-17,525000.00,75600.00
R0002332,I001003-09,LN001003,2024-11-17,558333.33,80400.00
R0002333,I001307-04,LN001307,2024-11-17,1863333.33,134160.00
R0002334,I001310-08,LN001310,2024-11-17,577777.77,62400.00
R0002335,I001326-01,LN001326,2024-11-17,3033333.34,218400.00
R0002336,I001525-02,LN001525,2024-11-17,266666.67,28800.00
R0002337,I001590-07,LN001590,2024-11-17,1127777.78,243600.00
R0002338,I001668-03,LN001668,2024-11-17,388888.89,84000.00
R0002339,I001810-02,LN001810,2024-11-17,716666.67,51600.00
R0002340,I001912-08,LN001912,2024-11-17,2275000.00,327600.00
R0002341,I000268-07,LN000268,2024-11-18,2311111.11,249600.00
R0002342,I000657-08,LN000657,2024-11-18,1758333.33,253200.00
R0002343,I000865-07,LN000865,2024-11-18,783333.33,112800.00
R0002344,I000901-03,LN000901,2024-11-18,725000.00,104400.00
R0002345,I001147-10,LN001147,2024-11-18,1725000.00,248400.00
R0002346,I001165-07,LN001165,2024-11-18,2911111.11,314400.00
R0002347,I001679-05,LN001679,2024-11-18,1083333.33,156000.00
R0002348,I001937-03,LN001937,2024-11-18,1383333.34,199200.00
R0002349,I000084-03,LN000084,2024-11-19,294444.45,63600.00
R0002350,I000112-03,LN000112,2024-11-19,4750000.00,342000.00
R0002351,I000120-03,LN000120,2024-11-19,1133333.34,122400.00
R0002352,I000202-02,LN000202,2024-11-19,2783333.34,200400.00
R0002353,I000302-06,LN000302,2024-11-19,600000.00,64800.00
R0002354,I000525-03,LN000525,2024-11-19,322222.23,69600.00
R0002355,I000543-05,LN000543,2024-11-19,325000.00,46800.00
R0002356,I000729-09,LN000729,2024-11-19,2044444.44,220800.00
R0002357,I000909-08,LN000909,2024-11-19,1108333.33,159600.00
R0002358,I001345-09,LN001345,2024-11-19,1083333.33,234000.00
R0002359,I001394-08,LN001394,2024-11-19,1311111.11,141600.00
R0002360,I001411-08,LN001411,2024-11-19,2622222.22,283200.00
R0002361,I001990-08,LN001990,2024-11-19,1783333.33,256800.00
R0002362,I000026-03,LN000026,2024-11-20,977777.78,211200.00
R0002363,I000129-05,LN000129,2024-11-20,2322222.22,250800.00
R0002364,I000159-10,LN000159,2024-11-20,988888.89,213600.00
R0002365,I000476-08,LN000476,2024-11-20,1133333.33,244800.00
R0002366,I000641-09,LN000641,2024-11-20,2050000.00,295200.00
R0002367,I000796-02,LN000796,2024-11-20,1466666.67,316800.00
R0002368,I000847-07,LN000847,2024-11-20,2041666.67,294000.00
R0002369,I000933-01,LN000933,2024-11-20,3150000.00,226800.00
R0002370,I001024-03,LN001024,2024-11-20,2241666.67,322800.00
R0002371,I001315-02,LN001315,2024-11-20,2016666.67,145200.00
R0002372,I001659-01,LN001659,2024-11-20,1791666.67,258000.00
R0002373,I001780-02,LN001780,2024-11-20,600000.00,64800.00
R0002374,I001948-04,LN001948,2024-11-20,2633333.33,189600.00
R0002375,I000192-08,LN000192,2024-11-21,1766666.67,254400.00
R0002376,I000433-08,LN000433,2024-11-21,977777.78,211200.00
R0002377,I000453-10,LN000453,2024-11-21,1005555.56,217200.00
R0002378,I000557-02,LN000557,2024-11-21,1433333.34,103200.00
R0002379,I000648-02,LN000648,2024-11-21,137500.00,29700.00
R0002380,I000806-06,LN000806,2024-11-21,1033333.33,148800.00
R0002381,I000900-04,LN000900,2024-11-21,883333.34,127200.00
R0002382,I000940-05,LN000940,2024-11-21,4116666.66,296400.00
R0002383,I001053-04,LN001053,2024-11-21,183333.34,39600.00
R0002384,I001150-03,LN001150,2024-11-21,2450000.00,176400.00
R0002385,I001250-09,LN001250,2024-11-21,1311111.11,283200.00
R0002386,I001339-06,LN001339,2024-11-21,2450000.00,352800.00
R0002387,I001437-01,LN001437,2024-11-21,3100000.00,223200.00
R0002388,I001504-02,LN001504,2024-11-21,1283333.34,184800.00
R0002389,I001574-01,LN001574,2024-11-21,6213333.33,223680.00
R0002390,I001830-07,LN001830,2024-11-21,161111.11,34800.00
R0002391,I000011-10,LN000011,2024-11-22,1916666.66,276000.00
R0002392,I000101-04,LN000101,2024-11-22,2366666.67,170400.00
R0002393,I000276-08,LN000276,2024-11-22,2041666.67,294000.00
R0002394,I000379-06,LN000379,2024-11-22,1625000.00,234000.00
R0002395,I000454-03,LN000454,2024-11-22,1744444.45,188400.00
R0002396,I000475-04,LN000475,2024-11-22,4116666.67,296400.00
R0002397,I000540-07,LN000540,2024-11-22,786111.11,84900.00
R0002398,I000598-02,LN000598,2024-11-22,1916666.67,276000.00
R0002399,I000630-01,LN000630,2024-11-22,2666666.67,192000.00
R0002400,I000693-06,LN000693,2024-11-22,572222.22,123600.00
R0002401,I001247-01,LN001247,2024-11-22,1750000.00,252000.00
R0002402,I001349-01,LN001349,2024-11-22,391111.11,84480.00
R0002403,I001485-06,LN001485,2024-11-22,1000000.00,144000.00
R0002404,I001589-02,LN001589,2024-11-22,1294444.45,279600.00
R0002405,I001590-06,LN001590,2024-11-22,1127777.78,243600.00
R0002406,I001852-01,LN001852,2024-11-22,1088888.89,117600.00
R0002407,I001945-07,LN001945,2024-11-22,316666.67,45600.00
R0002408,I000302-04,LN000302,2024-11-23,300000.00,32400.00
R0002409,I000498-06,LN000498,2024-11-23,1141666.67,164400.00
R0002410,I000642-03,LN000642,2024-11-23,1100000.00,158400.00
R0002411,I000680-09,LN000680,2024-11-23,300000.00,64800.00
R0002412,I000701-09,LN000701,2024-11-23,955555.55,103200.00
R0002413,I000902-08,LN000902,2024-11-23,358333.33,51600.00
R0002414,I000917-09,LN000917,2024-11-23,1027777.78,222000.00
R0002415,I000988-03,LN000988,2024-11-23,1725000.00,248400.00
R0002416,I001034-05,LN001034,2024-11-23,846666.66,121920.00
R0002417,I001060-06,LN001060,2024-11-23,4016666.66,289200.00
R0002418,I001244-04,LN001244,2024-11-23,1625000.00,117000.00
R0002419,I001540-03,LN001540,2024-11-23,727777.78,157200.00
R0002420,I001567-03,LN001567,2024-11-23,1383333.33,99600.00
R0002421,I001658-02,LN001658,2024-11-23,1072222.23,231600.00
R0002422,I001932-04,LN001932,2024-11-23,958333.34,138000.00
R0002423,I000040-05,LN000040,2024-11-24,406250.00,58500.00
R0002424,I000067-03,LN000067,2024-11-24,3866666.67,278400.00
R0002425,I000213-10,LN000213,2024-11-24,755555.56,163200.00
R0002426,I000293-02,LN000293,2024-11-24,1100000.00,237600.00
R0002427,I000696-09,LN000696,2024-11-24,1280000.00,138240.00
R0002428,I000801-03,LN000801,2024-11-24,9933333.33,357600.00
R0002429,I000810-02,LN000810,2024-11-24,816666.67,58800.00
R0002430,I001198-03,LN001198,2024-11-24,7233333.33,260400.00
R0002431,I001244-06,LN001244,2024-11-24,2112500.00,152100.00
R0002432,I001271-02,LN001271,2024-11-24,4950000.00,356400.00
R0002433,I001279-05,LN001279,2024-11-24,172222.22,37200.00
R0002434,I001576-01,LN001576,2024-11-24,4966666.67,178800.00
R0002435,I001591-02,LN001591,2024-11-24,566666.67,122400.00
R0002436,I001992-01,LN001992,2024-11-24,1275000.00,183600.00
R0002437,I000040-06,LN000040,2024-11-25,1625000.00,234000.00
R0002438,I000176-05,LN000176,2024-11-25,1000000.00,144000.00
R0002439,I000357-09,LN000357,2024-11-25,891666.66,128400.00
R0002440,I000374-01,LN000374,2024-11-25,1241666.67,178800.00
R0002441,I000415-06,LN000415,2024-11-25,616666.67,133200.00
R0002442,I000704-04,LN000704,2024-11-25,1716666.67,247200.00
R0002443,I000935-08,LN000935,2024-11-25,2033333.33,292800.00
R0002444,I001238-08,LN001238,2024-11-25,2100000.00,302400.00
R0002445,I001328-01,LN001328,2024-11-25,275000.00,59400.00
R0002446,I001389-04,LN001389,2024-11-25,855555.56,92400.00
R0002447,I001508-09,LN001508,2024-11-25,2700000.00,291600.00
R0002448,I001697-05,LN001697,2024-11-25,2011111.11,217200.00
R0002449,I001919-07,LN001919,2024-11-25,630555.55,136200.00
R0002450,I001951-01,LN001951,2024-11-25,1216666.67,175200.00
R0002451,I000033-07,LN000033,2024-11-26,1000000.00,108000.00
R0002452,I000372-09,LN000372,2024-11-26,1138888.88,123000.00
R0002453,I000468-03,LN000468,2024-11-26,2766666.67,298800.00
R0002454,I000636-02,LN000636,2024-11-26,525000.00,37800.00
R0002455,I000725-10,LN000725,2024-11-26,1211111.11,261600.00
R0002456,I001153-03,LN001153,2024-11-26,583333.34,84000.00
R0002457,I001199-02,LN001199,2024-11-26,2400000.00,345600.00
R0002458,I001493-03,LN001493,2024-11-26,3250000.00,234000.00
R0002459,I001751-09,LN001751,2024-11-26,1533333.33,220800.00
R0002460,I001941-09,LN001941,2024-11-26,1750000.00,252000.00
R0002461,I000102-03,LN000102,2024-11-27,3400000.00,244800.00
R0002462,I000177-04,LN000177,2024-11-27,855555.56,184800.00
R0002463,I000237-05,LN000237,2024-11-27,1400000.00,302400.00
R0002464,I000325-04,LN000325,2024-11-27,1566666.67,112800.00
R0002465,I000417-02,LN000417,2024-11-27,1591666.67,229200.00
R0002466,I000632-05,LN000632,2024-11-27,1944444.44,210000.00
R0002467,I000855-05,LN000855,2024-11-27,1200000.00,172800.00
R0002468,I001081-01,LN001081,2024-11-27,2933333.33,211200.00
R0002469,I001094-07,LN001094,2024-11-27,350000.00,50400.00
R0002470,I001230-01,LN001230,2024-11-27,1916666.67,276000.00
R0002471,I001679-06,LN001679,2024-11-27,1083333.33,156000.00
R0002472,I001807-05,LN001807,2024-11-27,433333.33,62400.00
R0002473,I001854-07,LN001854,2024-11-27,3100000.00,334800.00
R0002474,I000175-08,LN000175,2024-11-28,1225000.00,176400.00
R0002475,I000327-04,LN000327,2024-11-28,883333.34,127200.00
R0002476,I000451-04,LN000451,2024-11-28,3066666.67,220800.00
R0002477,I000470-05,LN000470,2024-11-28,400000.00,28800.00
R0002478,I000869-05,LN000869,2024-11-28,4183333.33,301200.00
R0002479,I000896-01,LN000896,2024-11-28,833333.34,90000.00
R0002480,I000909-09,LN000909,2024-11-28,1108333.33,159600.00
R0002481,I000921-08,LN000921,2024-11-28,1922222.22,207600.00
R0002482,I000960-01,LN000960,2024-11-28,1650000.00,237600.00
R0002483,I001114-06,LN001114,2024-11-28,1091666.67,157200.00
R0002484,I001251-05,LN001251,2024-11-28,2325000.00,334800.00
R0002485,I001263-06,LN001263,2024-11-28,1800000.00,129600.00
R0002486,I001290-03,LN001290,2024-11-28,1933333.33,139200.00
R0002487,I001476-04,LN001476,2024-11-28,1983333.34,285600.00
R0002488,I001521-04,LN001521,2024-11-28,2955555.56,319200.00
R0002489,I001739-01,LN001739,2024-11-28,4350000.00,313200.00
R0002490,I001779-06,LN001779,2024-11-28,1355555.55,146400.00
R0002491,I001797-02,LN001797,2024-11-28,444444.45,96000.00
R0002492,I001928-02,LN001928,2024-11-28,550000.00,118800.00
R0002493,I000208-02,LN000208,2024-11-29,675000.00,97200.00
R0002494,I000321-04,LN000321,2024-11-29,825000.00,118800.00
R0002495,I000592-03,LN000592,2024-11-29,516666.67,74400.00
R0002496,I000901-04,LN000901,2024-11-29,725000.00,104400.00
R0002497,I000924-05,LN000924,2024-11-29,333333.33,48000.00
R0002498,I001063-03,LN001063,2024-11-29,2666666.67,288000.00
R0002499,I001158-01,LN001158,2024-11-29,4033333.34,290400.00
R0002500,I001186-07,LN001186,2024-11-29,1077777.78,232800.00
R0002501,I001374-02,LN001374,2024-11-29,355555.55,76800.00
R0002502,I001570-04,LN001570,2024-11-29,3533333.33,254400.00
R0002503,I001630-09,LN001630,2024-11-29,428888.88,92640.00
R0002504,I001722-08,LN001722,2024-11-29,2177777.77,235200.00
R0002505,I001914-09,LN001914,2024-11-29,341666.66,49200.00
R0002506,I001940-02,LN001940,2024-11-29,1122222.23,242400.00
R0002507,I000009-06,LN000009,2024-11-30,1866666.67,201600.00
R0002508,I000110-07,LN000110,2024-11-30,225000.00,32400.00
R0002509,I000181-01,LN000181,2024-11-30,1561111.12,337200.00
R0002510,I000248-07,LN000248,2024-11-30,1877777.78,202800.00
R0002511,I000270-04,LN000270,2024-11-30,766666.67,110400.00
R0002512,I000286-09,LN000286,2024-11-30,2644444.44,285600.00
R0002513,I000427-01,LN000427,2024-11-30,3516666.67,253200.00
R0002514,I000430-04,LN000430,2024-11-30,350000.00,50400.00
R0002515,I000560-08,LN000560,2024-11-30,722222.22,78000.00
R0002516,I000583-06,LN000583,2024-11-30,2244444.44,242400.00
R0002517,I000644-06,LN000644,2024-11-30,1933333.33,208800.00
R0002518,I000737-07,LN000737,2024-11-30,1288888.89,278400.00
R0002519,I000949-05,LN000949,2024-11-30,3950000.00,284400.00
R0002520,I001132-06,LN001132,2024-11-30,4300000.00,309600.00
R0002521,I001282-01,LN001282,2024-11-30,1150000.00,82800.00
R0002522,I001385-06,LN001385,2024-11-30,3066666.66,220800.00
R0002523,I001417-03,LN001417,2024-11-30,3566666.67,256800.00
R0002524,I001678-03,LN001678,2024-11-30,2208333.34,318000.00
R0002525,I001748-03,LN001748,2024-11-30,862222.22,93120.00
R0002526,I001792-08,LN001792,2024-11-30,1766666.66,190800.00
R0002527,I001830-08,LN001830,2024-11-30,161111.11,34800.00
R0002528,I001868-04,LN001868,2024-11-30,800000.00,115200.00
R0002529,I000020-07,LN000020,2024-12-01,683333.33,98400.00
R0002530,I000026-04,LN000026,2024-12-01,977777.78,211200.00
R0002531,I000034-06,LN000034,2024-12-01,3188888.89,344400.00
R0002532,I000361-05,LN000361,2024-12-01,1900000.00,273600.00
R0002533,I000369-10,LN000369,2024-12-01,377777.78,81600.00
R0002534,I000613-05,LN000613,2024-12-01,988888.89,106800.00
R0002535,I000702-09,LN000702,2024-12-01,722222.22,156000.00
R0002536,I000976-01,LN000976,2024-12-01,1012500.00,72900.00
R0002537,I000976-02,LN000976,2024-12-01,4050000.00,291600.00
R0002538,I001127-01,LN001127,2024-12-01,393750.00,56700.00
R0002539,I001265-04,LN001265,2024-12-01,2350000.00,338400.00
R0002540,I001399-10,LN001399,2024-12-01,352083.33,50700.00
R0002541,I001449-09,LN001449,2024-12-01,341666.66,49200.00
R0002542,I001491-01,LN001491,2024-12-01,800000.00,115200.00
R0002543,I001659-02,LN001659,2024-12-01,1791666.67,258000.00
R0002544,I001670-05,LN001670,2024-12-01,1177777.78,127200.00
R0002545,I001737-11,LN001737,2024-12-01,527777.78,114000.00
R0002546,I001780-05,LN001780,2024-12-01,600000.00,64800.00
R0002547,I001896-03,LN001896,2024-12-01,2444444.45,264000.00
R0002548,I001960-05,LN001960,2024-12-01,2191666.67,315600.00
R0002549,I000045-06,LN000045,2024-12-02,4916666.66,354000.00
R0002550,I000069-02,LN000069,2024-12-02,266666.67,38400.00
R0002551,I000206-03,LN000206,2024-12-02,2755555.56,297600.00
R0002552,I000288-07,LN000288,2024-12-02,1288888.89,139200.00
R0002553,I000323-02,LN000323,2024-12-02,916666.67,132000.00
R0002554,I000353-05,LN000353,2024-12-02,2141666.67,308400.00
R0002555,I000393-01,LN000393,2024-12-02,1550000.00,111600.00
R0002556,I000420-04,LN000420,2024-12-02,963333.33,138720.00
R0002557,I000447-09,LN000447,2024-12-02,2108333.33,303600.00
R0002558,I000533-08,LN000533,2024-12-02,341666.67,49200.00
R0002559,I000740-02,LN000740,2024-12-02,2266666.67,163200.00
R0002560,I000753-01,LN000753,2024-12-02,3766666.67,271200.00
R0002561,I000859-06,LN000859,2024-12-02,266666.67,28800.00
R0002562,I000884-03,LN000884,2024-12-02,4433333.33,319200.00
R0002563,I000952-03,LN000952,2024-12-02,1072222.23,231600.00
R0002564,I001035-02,LN001035,2024-12-02,2616666.67,188400.00
R0002565,I001045-07,LN001045,2024-12-02,166666.67,24000.00
R0002566,I001096-03,LN001096,2024-12-02,608333.34,87600.00
R0002567,I001124-11,LN001124,2024-12-02,266666.66,38400.00
R0002568,I001130-10,LN001130,2024-12-02,1825000.00,262800.00
R0002569,I001134-02,LN001134,2024-12-02,4800000.00,172800.00
R0002570,I001307-05,LN001307,2024-12-02,2866666.66,206400.00
R0002571,I001374-04,LN001374,2024-12-02,888888.89,192000.00
R0002572,I001600-06,LN001600,2024-12-02,1100000.00,79200.00
R0002573,I001686-10,LN001686,2024-12-02,1741666.66,250800.00
R0002574,I001726-03,LN001726,2024-12-02,416666.67,60000.00
R0002575,I001770-01,LN001770,2024-12-02,733333.34,26400.00
R0002576,I001855-08,LN001855,2024-12-02,2555555.55,276000.00
R0002577,I000025-01,LN000025,2024-12-03,4016666.67,289200.00
R0002578,I000111-06,LN000111,2024-12-03,216666.66,31200.00
R0002579,I000201-02,LN000201,2024-12-03,372222.22,40200.00
R0002580,I000382-11,LN000382,2024-12-03,991666.66,142800.00
R0002581,I000596-02,LN000596,2024-12-03,8433333.33,303600.00
R0002582,I000715-01,LN000715,2024-12-03,3100000.00,223200.00
R0002583,I000948-01,LN000948,2024-12-03,3426666.67,246720.00
R0002584,I001396-03,LN001396,2024-12-03,1283333.33,92400.00
R0002585,I001461-09,LN001461,2024-12-03,400000.00,86400.00
R0002586,I001954-06,LN001954,2024-12-03,1800000.00,259200.00
R0002587,I001966-06,LN001966,2024-12-03,800000.00,115200.00
R0002588,I000033-08,LN000033,2024-12-04,1000000.00,108000.00
R0002589,I000083-02,LN000083,2024-12-04,1561111.12,337200.00
R0002590,I000110-05,LN000110,2024-12-04,900000.00,129600.00
R0002591,I000274-03,LN000274,2024-12-04,3211111.11,346800.00
R0002592,I000553-04,LN000553,2024-12-04,1991666.67,286800.00
R0002593,I000573-03,LN000573,2024-12-04,1583333.34,342000.00
R0002594,I000624-04,LN000624,2024-12-04,1488888.89,160800.00
R0002595,I000645-01,LN000645,2024-12-04,2950000.00,212400.00
R0002596,I000707-06,LN000707,2024-12-04,2083333.33,150000.00
R0002597,I000721-04,LN000721,2024-12-04,500000.00,108000.00
R0002598,I000822-04,LN000822,2024-12-04,1500000.00,216000.00
R0002599,I001369-10,LN001369,2024-12-04,1341666.66,193200.00
R0002600,I001443-07,LN001443,2024-12-04,1366666.66,147600.00
R0002601,I001464-10,LN001464,2024-12-04,633333.33,91200.00
R0002602,I001612-05,LN001612,2024-12-04,2425000.00,349200.00
R0002603,I001644-06,LN001644,2024-12-04,733333.33,105600.00
R0002604,I001894-10,LN001894,2024-12-04,1050000.00,226800.00
R0002605,I001965-01,LN001965,2024-12-04,1566666.67,225600.00
R0002606,I000192-07,LN000192,2024-12-05,1766666.67,254400.00
R0002607,I000264-02,LN000264,2024-12-05,1200000.00,172800.00
R0002608,I000277-05,LN000277,2024-12-05,715000.00,51480.00
R0002609,I000397-02,LN000397,2024-12-05,483333.34,104400.00
R0002610,I000523-03,LN000523,2024-12-05,2722222.22,294000.00
R0002611,I000893-04,LN000893,2024-12-05,422222.22,45600.00
R0002612,I000934-09,LN000934,2024-12-05,783333.33,112800.00
R0002613,I000961-04,LN000961,2024-12-05,1475000.00,212400.00
R0002614,I001057-02,LN001057,2024-12-05,2416666.67,174000.00
R0002615,I001202-05,LN001202,2024-12-05,1250000.00,180000.00
R0002616,I001402-04,LN001402,2024-12-05,1283333.33,92400.00
R0002617,I001439-04,LN001439,2024-12-05,1175000.00,169200.00
R0002618,I001677-03,LN001677,2024-12-05,2650000.00,190800.00
R0002619,I001721-03,LN001721,2024-12-05,1250000.00,180000.00
R0002620,I001800-02,LN001800,2024-12-05,3416666.67,246000.00
R0002621,I000092-01,LN000092,2024-12-06,1400000.00,151200.00
R0002622,I000106-08,LN000106,2024-12-06,42222.22,9120.00
R0002623,I000287-06,LN000287,2024-12-06,508333.33,36600.00
R0002624,I000409-01,LN000409,2024-12-06,1975000.00,284400.00
R0002625,I000464-01,LN000464,2024-12-06,544444.45,117600.00
R0002626,I000581-06,LN000581,2024-12-06,1560000.00,112320.00
R0002627,I000600-03,LN000600,2024-12-06,2466666.67,355200.00
R0002628,I000636-03,LN000636,2024-12-06,2100000.00,151200.00
R0002629,I000851-02,LN000851,2024-12-06,1222222.23,264000.00
R0002630,I001046-08,LN001046,2024-12-06,225000.00,32400.00
R0002631,I001114-07,LN001114,2024-12-06,1091666.67,157200.00
R0002632,I001167-06,LN001167,2024-12-06,2983333.33,214800.00
R0002633,I001284-01,LN001284,2024-12-06,3950000.00,284400.00
R0002634,I001302-01,LN001302,2024-12-06,1000000.00,72000.00
R0002635,I001534-01,LN001534,2024-12-06,1500000.00,216000.00
R0002636,I001626-01,LN001626,2024-12-06,1800000.00,129600.00
R0002637,I000279-02,LN000279,2024-12-07,1622222.23,175200.00
R0002638,I000356-07,LN000356,2024-12-07,1825000.00,262800.00
R0002639,I000766-09,LN000766,2024-12-07,666666.66,96000.00
R0002640,I000883-02,LN000883,2024-12-07,1966666.67,283200.00
R0002641,I001035-01,LN001035,2024-12-07,2616666.67,188400.00
R0002642,I001186-08,LN001186,2024-12-07,1077777.78,232800.00
R0002643,I001188-01,LN001188,2024-12-07,858333.34,123600.00
R0002644,I001213-03,LN001213,2024-12-07,2675833.33,192660.00
R0002645,I001301-05,LN001301,2024-12-07,633333.33,91200.00
R0002646,I001438-10,LN001438,2024-12-07,1305555.56,282000.00
R0002647,I001657-03,LN001657,2024-12-07,4633333.33,333600.00
R0002648,I000005-01,LN000005,2024-12-08,300000.00,64800.00
R0002649,I000326-01,LN000326,2024-12-08,1388888.89,150000.00
R0002650,I000503-02,LN000503,2024-12-08,2250000.00,162000.00
R0002651,I000531-03,LN000531,2024-12-08,525000.00,75600.00
R0002652,I000775-10,LN000775,2024-12-08,1208333.33,174000.00
R0002653,I000796-04,LN000796,2024-12-08,1466666.67,316800.00
R0002654,I000802-08,LN000802,2024-12-08,2788888.89,301200.00
R0002655,I000894-03,LN000894,2024-12-08,5833333.33,210000.00
R0002656,I001027-08,LN001027,2024-12-08,400000.00,57600.00
R0002657,I001042-08,LN001042,2024-12-08,1516666.67,327600.00
R0002658,I001089-03,LN001089,2024-12-08,1603333.33,230880.00
R0002659,I001160-02,LN001160,2024-12-08,4150000.00,298800.00
R0002660,I001171-05,LN001171,2024-12-08,4816666.66,346800.00
R0002661,I001310-09,LN001310,2024-12-08,577777.77,62400.00
R0002662,I001342-06,LN001342,2024-12-08,208333.33,30000.00
R0002663,I001503-08,LN001503,2024-12-08,1650000.00,237600.00
R0002664,I001590-08,LN001590,2024-12-08,1127777.78,243600.00
R0002665,I001669-03,LN001669,2024-12-08,600000.00,86400.00
R0002666,I001674-08,LN001674,2024-12-08,211111.11,22800.00
R0002667,I001682-01,LN001682,2024-12-08,2216666.67,159600.00
R0002668,I001813-03,LN001813,2024-12-08,988888.89,106800.00
R0002669,I001993-08,LN001993,2024-12-08,1533333.33,220800.00
R0002670,I000307-04,LN000307,2024-12-09,2900000.00,313200.00
R0002671,I000442-05,LN000442,2024-12-09,1533333.33,220800.00
R0002672,I000468-06,LN000468,2024-12-09,2766666.67,298800.00
R0002673,I000501-07,LN000501,2024-12-09,466666.67,67200.00
R0002674,I000524-01,LN000524,2024-12-09,1050000.00,151200.00
R0002675,I000613-06,LN000613,2024-12-09,988888.89,106800.00
R0002676,I000657-09,LN000657,2024-12-09,1758333.33,253200.00
R0002677,I000672-04,LN000672,2024-12-09,216666.67,31200.00
R0002678,I001055-09,LN001055,2024-12-09,3144444.44,339600.00
R0002679,I001234-06,LN001234,2024-12-09,1183333.33,170400.00
R0002680,I001253-02,LN001253,2024-12-09,244444.45,52800.00
R0002681,I001279-06,LN001279,2024-12-09,688888.89,148800.00
R0002682,I001369-09,LN001369,2024-12-09,1341666.66,193200.00
R0002683,I001733-01,LN001733,2024-12-09,161111.12,34800.00
R0002684,I001845-04,LN001845,2024-12-09,333333.33,24000.00
R0002685,I001888-09,LN001888,2024-12-09,366666.66,52800.00
R0002686,I001929-01,LN001929,2024-12-09,738888.89,159600.00
R0002687,I000073-09,LN000073,2024-12-10,2208333.33,318000.00
R0002688,I000127-09,LN000127,2024-12-10,2355555.55,254400.00
R0002689,I000181-02,LN000181,2024-12-10,1561111.12,337200.00
R0002690,I000279-03,LN000279,2024-12-10,1622222.22,175200.00
R0002691,I000447-10,LN000447,2024-12-10,2108333.33,303600.00
R0002692,I000525-04,LN000525,2024-12-10,322222.23,69600.00
R0002693,I000728-02,LN000728,2024-12-10,516666.67,111600.00
R0002694,I000810-04,LN000810,2024-12-10,816666.67,58800.00
R0002695,I001053-02,LN001053,2024-12-10,183333.34,39600.00
R0002696,I001370-01,LN001370,2024-12-10,4033333.34,290400.00
R0002697,I001376-06,LN001376,2024-12-10,2425000.00,349200.00
R0002698,I001439-03,LN001439,2024-12-10,1175000.00,169200.00
R0002699,I001493-02,LN001493,2024-12-10,3250000.00,234000.00
R0002700,I001537-04,LN001537,2024-12-10,125000.00,18000.00
R0002701,I001805-05,LN001805,2024-12-10,3122222.22,337200.00
R0002702,I001976-02,LN001976,2024-12-10,4116666.67,296400.00
R0002703,I000085-01,LN000085,2024-12-11,658333.34,94800.00
R0002704,I000149-04,LN000149,2024-12-11,585000.00,84240.00
R0002705,I000219-07,LN000219,2024-12-11,1900000.00,273600.00
R0002706,I000514-03,LN000514,2024-12-11,1675000.00,241200.00
R0002707,I000669-05,LN000669,2024-12-11,1691666.67,243600.00
R0002708,I000716-04,LN000716,2024-12-11,2683333.33,193200.00
R0002709,I000746-06,LN000746,2024-12-11,2600000.00,187200.00
R0002710,I000792-01,LN000792,2024-12-11,1941666.67,279600.00
R0002711,I000819-01,LN000819,2024-12-11,991666.67,142800.00
R0002712,I001033-04,LN001033,2024-12-11,2125000.00,306000.00
R0002713,I001049-01,LN001049,2024-12-11,2577777.78,278400.00
R0002714,I001092-02,LN001092,2024-12-11,850000.00,122400.00
R0002715,I001170-01,LN001170,2024-12-11,4266666.67,153600.00
R0002716,I001216-03,LN001216,2024-12-11,2066666.67,297600.00
R0002717,I001486-07,LN001486,2024-12-11,394444.45,85200.00
R0002718,I001624-04,LN001624,2024-12-11,1004444.44,108480.00
R0002719,I001658-04,LN001658,2024-12-11,1072222.23,231600.00
R0002720,I001720-08,LN001720,2024-12-11,1516666.67,218400.00
R0002721,I000269-01,LN000269,2024-12-12,1733333.34,249600.00
R0002722,I000381-06,LN000381,2024-12-12,1375000.00,198000.00
R0002723,I000415-07,LN000415,2024-12-12,616666.67,133200.00
R0002724,I000649-11,LN000649,2024-12-12,1191666.66,171600.00
R0002725,I000920-05,LN000920,2024-12-12,675000.00,97200.00
R0002726,I000941-09,LN000941,2024-12-12,2058333.33,296400.00
R0002727,I001073-04,LN001073,2024-12-12,1600000.00,230400.00
R0002728,I001075-07,LN001075,2024-12-12,888888.89,192000.00
R0002729,I001349-02,LN001349,2024-12-12,977777.78,211200.00
R0002730,I001464-11,LN001464,2024-12-12,633333.33,91200.00
R0002731,I001473-04,LN001473,2024-12-12,1666666.67,240000.00
R0002732,I001815-04,LN001815,2024-12-12,1625000.00,234000.00
R0002733,I001827-04,LN001827,2024-12-12,1405555.56,303600.00
R0002734,I000059-04,LN000059,2024-12-13,2400000.00,259200.00
R0002735,I000134-05,LN000134,2024-12-13,191666.67,27600.00
R0002736,I000206-05,LN000206,2024-12-13,2755555.56,297600.00
R0002737,I000209-04,LN000209,2024-12-13,700000.00,50400.00
R0002738,I000591-08,LN000591,2024-12-13,2555555.55,276000.00
R0002739,I000646-01,LN000646,2024-12-13,1505555.56,325200.00
R0002740,I000720-10,LN000720,2024-12-13,247916.66,35700.00
R0002741,I001009-06,LN001009,2024-12-13,4983333.33,358800.00
R0002742,I001020-06,LN001020,2024-12-13,1294444.45,279600.00
R0002743,I001094-09,LN001094,2024-12-13,350000.00,50400.00
R0002744,I001107-02,LN001107,2024-12-13,6800000.00,244800.00
R0002745,I001530-06,LN001530,2024-12-13,3311111.11,357600.00
R0002746,I001562-06,LN001562,2024-12-13,1750000.00,126000.00
R0002747,I001692-01,LN001692,2024-12-13,2783333.34,200400.00
R0002748,I001750-05,LN001750,2024-12-13,2083333.33,300000.00
R0002749,I001948-05,LN001948,2024-12-13,2633333.33,189600.00
R0002750,I000164-04,LN000164,2024-12-14,822222.23,177600.00
R0002751,I000240-06,LN000240,2024-12-14,4850000.00,349200.00
R0002752,I000433-09,LN000433,2024-12-14,977777.78,211200.00
R0002753,I000752-02,LN000752,2024-12-14,1627777.78,351600.00
R0002754,I000988-04,LN000988,2024-12-14,1725000.00,248400.00
R0002755,I001081-02,LN001081,2024-12-14,3666666.67,264000.00
R0002756,I001465-05,LN001465,2024-12-14,4133333.33,297600.00
R0002757,I001526-03,LN001526,2024-12-14,1316666.67,189600.00
R0002758,I001540-04,LN001540,2024-12-14,727777.78,157200.00
R0002759,I001566-06,LN001566,2024-12-14,2533333.33,182400.00
R0002760,I001630-10,LN001630,2024-12-14,1072222.22,231600.00
R0002761,I001779-08,LN001779,2024-12-14,1084444.44,117120.00
R0002762,I001840-01,LN001840,2024-12-14,4183333.34,301200.00
R0002763,I000222-09,LN000222,2024-12-15,2208333.33,318000.00
R0002764,I000444-04,LN000444,2024-12-15,2516666.67,181200.00
R0002765,I000504-01,LN000504,2024-12-15,1377777.78,148800.00
R0002766,I000664-04,LN000664,2024-12-15,883333.34,190800.00
R0002767,I000691-10,LN000691,2024-12-15,2200000.00,316800.00
R0002768,I000894-02,LN000894,2024-12-15,2333333.33,84000.00
R0002769,I000943-01,LN000943,2024-12-15,2341666.67,168600.00
R0002770,I000947-01,LN000947,2024-12-15,4850000.00,349200.00
R0002771,I001041-05,LN001041,2024-12-15,933333.33,134400.00
R0002772,I001080-08,LN001080,2024-12-15,716666.67,103200.00
R0002773,I001313-05,LN001313,2024-12-15,800000.00,57600.00
R0002774,I001415-08,LN001415,2024-12-15,500000.00,54000.00
R0002775,I001509-09,LN001509,2024-12-15,1433333.33,206400.00
R0002776,I001580-05,LN001580,2024-12-15,744444.44,80400.00
R0002777,I001660-09,LN001660,2024-12-15,877777.77,94800.00
R0002778,I001810-03,LN001810,2024-12-15,716666.67,51600.00
R0002779,I001852-02,LN001852,2024-12-15,1088888.89,117600.00
R0002780,I000050-03,LN000050,2024-12-16,1258333.34,181200.00
R0002781,I000134-06,LN000134,2024-12-16,191666.67,27600.00
R0002782,I000162-10,LN000162,2024-12-16,1288888.89,278400.00
R0002783,I000487-04,LN000487,2024-12-16,158333.34,22800.00
R0002784,I001014-07,LN001014,2024-12-16,1208333.33,174000.00
R0002785,I001127-02,LN001127,2024-12-16,1575000.00,226800.00
R0002786,I001303-08,LN001303,2024-12-16,361111.11,78000.00
R0002787,I001452-09,LN001452,2024-12-16,688888.89,148800.00
R0002788,I001537-03,LN001537,2024-12-16,125000.00,18000.00
R0002789,I001670-04,LN001670,2024-12-16,1177777.78,127200.00
R0002790,I001685-09,LN001685,2024-12-16,700000.00,75600.00
R0002791,I001931-05,LN001931,2024-12-16,2444444.44,264000.00
R0002792,I000110-08,LN000110,2024-12-17,900000.00,129600.00
R0002793,I000174-02,LN000174,2024-12-17,1500000.00,324000.00
R0002794,I000250-07,LN000250,2024-12-17,711111.11,153600.00
R0002795,I000361-06,LN000361,2024-12-17,1900000.00,273600.00
R0002796,I000465-05,LN000465,2024-12-17,811111.11,87600.00
R0002797,I000540-08,LN000540,2024-12-17,3144444.44,339600.00
R0002798,I001003-10,LN001003,2024-12-17,558333.33,80400.00
R0002799,I001118-08,LN001118,2024-12-17,1866666.66,201600.00
R0002800,I001199-03,LN001199,2024-12-17,2400000.00,345600.00
R0002801,I001284-04,LN001284,2024-12-17,3950000.00,284400.00
R0002802,I001357-06,LN001357,2024-12-17,2655555.55,286800.00
R0002803,I001362-04,LN001362,2024-12-17,3188888.89,344400.00
R0002804,I001457-01,LN001457,2024-12-17,316666.67,45600.00
R0002805,I001526-04,LN001526,2024-12-17,1316666.67,189600.00
R0002806,I001536-07,LN001536,2024-12-17,222222.22,24000.00
R0002807,I001668-04,LN001668,2024-12-17,388888.89,84000.00
R0002808,I001710-03,LN001710,2024-12-17,39583.33,5700.00
R0002809,I001845-05,LN001845,2024-12-17,333333.33,24000.00
R0002810,I001912-09,LN001912,2024-12-17,2275000.00,327600.00
R0002811,I001941-10,LN001941,2024-12-17,1750000.00,252000.00
R0002812,I001980-06,LN001980,2024-12-17,1250000.00,270000.00
R0002813,I000111-05,LN000111,2024-12-18,333333.33,48000.00
R0002814,I000205-01,LN000205,2024-12-18,1825000.00,262800.00
R0002815,I000242-01,LN000242,2024-12-18,1766666.67,254400.00
R0002816,I000328-11,LN000328,2024-12-18,2016666.66,290400.00
R0002817,I000412-01,LN000412,2024-12-18,3316666.67,238800.00
R0002818,I000420-06,LN000420,2024-12-18,1565416.66,225420.00
R0002819,I000481-01,LN000481,2024-12-18,1658333.34,238800.00
R0002820,I000522-01,LN000522,2024-12-18,4783333.34,344400.00
R0002821,I000605-06,LN000605,2024-12-18,4850000.00,349200.00
R0002822,I000648-03,LN000648,2024-12-18,550000.00,118800.00
R0002823,I000902-09,LN000902,2024-12-18,358333.33,51600.00
R0002824,I000943-03,LN000943,2024-12-18,4683333.33,337200.00
R0002825,I001024-04,LN001024,2024-12-18,2241666.67,322800.00
R0002826,I001126-08,LN001126,2024-12-18,926666.66,133440.00
R0002827,I001147-11,LN001147,2024-12-18,1725000.00,248400.00
R0002828,I001798-06,LN001798,2024-12-18,3550000.00,255600.00
R0002829,I001919-09,LN001919,2024-12-18,1261111.11,272400.00
R0002830,I001937-04,LN001937,2024-12-18,1383333.34,199200.00
R0002831,I000084-04,LN000084,2024-12-19,294444.45,63600.00
R0002832,I000623-08,LN000623,2024-12-19,2233333.33,321600.00
R0002833,I000695-05,LN000695,2024-12-19,804444.44,86880.00
R0002834,I000721-03,LN000721,2024-12-19,500000.00,108000.00
R0002835,I000936-01,LN000936,2024-12-19,3233333.34,349200.00
R0002836,I000957-09,LN000957,2024-12-19,1182222.22,255360.00
R0002837,I001129-07,LN001129,2024-12-19,255555.55,27600.00
R0002838,I001145-03,LN001145,2024-12-19,600000.00,86400.00
R0002839,I001339-07,LN001339,2024-12-19,2450000.00,352800.00
R0002840,I001382-02,LN001382,2024-12-19,388888.89,42000.00
R0002841,I001476-05,LN001476,2024-12-19,1983333.33,285600.00
R0002842,I001486-08,LN001486,2024-12-19,394444.45,85200.00
R0002843,I001591-03,LN001591,2024-12-19,566666.67,122400.00
R0002844,I001617-07,LN001617,2024-12-19,916666.67,132000.00
R0002845,I001817-02,LN001817,2024-12-19,2150000.00,309600.00
R0002846,I001903-10,LN001903,2024-12-19,2133333.33,307200.00
R0002847,I001990-09,LN001990,2024-12-19,1783333.33,256800.00
R0002848,I000040-07,LN000040,2024-12-20,1625000.00,234000.00
R0002849,I000476-09,LN000476,2024-12-20,1133333.33,244800.00
R0002850,I000628-05,LN000628,2024-12-20,1116666.67,160800.00
R0002851,I000752-01,LN000752,2024-12-20,1627777.78,351600.00
R0002852,I000773-02,LN000773,2024-12-20,1100000.00,158400.00
R0002853,I000935-09,LN000935,2024-12-20,2033333.33,292800.00
R0002854,I001315-03,LN001315,2024-12-20,2016666.67,145200.00
R0002855,I001479-06,LN001479,2024-12-20,2275000.00,327600.00
R0002856,I001485-07,LN001485,2024-12-20,1000000.00,144000.00
R0002857,I001519-07,LN001519,2024-12-20,2433333.33,350400.00
R0002858,I001854-08,LN001854,2024-12-20,3100000.00,334800.00
R0002859,I000012-03,LN000012,2024-12-21,233333.33,33600.00
R0002860,I000055-10,LN000055,2024-12-21,300000.00,43200.00
R0002861,I000106-09,LN000106,2024-12-21,105555.56,22800.00
R0002862,I000192-09,LN000192,2024-12-21,1766666.66,254400.00
R0002863,I000237-03,LN000237,2024-12-21,1400000.00,302400.00
R0002864,I000514-01,LN000514,2024-12-21,1675000.00,241200.00
R0002865,I000543-06,LN000543,2024-12-21,325000.00,46800.00
R0002866,I000716-02,LN000716,2024-12-21,2683333.34,193200.00
R0002867,I000806-07,LN000806,2024-12-21,1033333.33,148800.00
R0002868,I000845-06,LN000845,2024-12-21,675000.00,97200.00
R0002869,I000900-05,LN000900,2024-12-21,883333.33,127200.00
R0002870,I000917-10,LN000917,2024-12-21,1027777.78,222000.00
R0002871,I001107-03,LN001107,2024-12-21,6800000.00,244800.00
R0002872,I001250-10,LN001250,2024-12-21,1311111.11,283200.00
R0002873,I001399-11,LN001399,2024-12-21,1408333.33,202800.00
R0002874,I001437-02,LN001437,2024-12-21,3100000.00,223200.00
R0002875,I001456-08,LN001456,2024-12-21,1405555.56,303600.00
R0002876,I001885-02,LN001885,2024-12-21,3333333.34,240000.00
R0002877,I001970-03,LN001970,2024-12-21,7766666.66,279600.00
R0002878,I000020-08,LN000020,2024-12-22,683333.33,98400.00
R0002879,I000122-01,LN000122,2024-12-22,7100000.00,255600.00
R0002880,I000185-08,LN000185,2024-12-22,1177777.78,254400.00
R0002881,I000347-05,LN000347,2024-12-22,1633333.33,235200.00
R0002882,I000356-06,LN000356,2024-12-22,1825000.00,262800.00
R0002883,I000417-03,LN000417,2024-12-22,1591666.67,229200.00
R0002884,I000598-03,LN000598,2024-12-22,1916666.67,276000.00
R0002885,I000633-06,LN000633,2024-12-22,675000.00,97200.00
R0002886,I000847-08,LN000847,2024-12-22,2041666.67,294000.00
R0002887,I001137-01,LN001137,2024-12-22,400000.00,28800.00
R0002888,I001149-07,LN001149,2024-12-22,1558333.33,224400.00
R0002889,I001574-03,LN001574,2024-12-22,7766666.66,279600.00
R0002890,I001679-07,LN001679,2024-12-22,1083333.33,156000.00
R0002891,I001945-08,LN001945,2024-12-22,316666.67,45600.00
R0002892,I000244-01,LN000244,2024-12-23,3266666.67,235200.00
R0002893,I000427-02,LN000427,2024-12-23,3516666.67,253200.00
R0002894,I000753-02,LN000753,2024-12-23,3766666.67,271200.00
R0002895,I000912-05,LN000912,2024-12-23,1108333.33,159600.00
R0002896,I001046-06,LN001046,2024-12-23,225000.00,32400.00
R0002897,I001089-04,LN001089,2024-12-23,2466666.67,355200.00
R0002898,I001096-04,LN001096,2024-12-23,608333.34,87600.00
R0002899,I001098-02,LN001098,2024-12-23,577777.78,124800.00
R0002900,I001165-08,LN001165,2024-12-23,2911111.11,314400.00
R0002901,I001396-06,LN001396,2024-12-23,1283333.33,92400.00
R0002902,I001697-06,LN001697,2024-12-23,2011111.11,217200.00
R0002903,I001853-01,LN001853,2024-12-23,2175000.00,313200.00
R0002904,I000067-04,LN000067,2024-12-24,3866666.67,278400.00
R0002905,I000128-03,LN000128,2024-12-24,2391666.67,344400.00
R0002906,I000293-03,LN000293,2024-12-24,275000.00,59400.00
R0002907,I000302-07,LN000302,2024-12-24,600000.00,64800.00
R0002908,I000475-05,LN000475,2024-12-24,4116666.66,296400.00
R0002909,I000630-02,LN000630,2024-12-24,2666666.67,192000.00
R0002910,I001135-01,LN001135,2024-12-24,1558333.34,224400.00
R0002911,I001280-07,LN001280,2024-12-24,566666.67,81600.00
R0002912,I001383-02,LN001383,2024-12-24,766666.67,110400.00
R0002913,I001449-10,LN001449,2024-12-24,341666.66,49200.00
R0002914,I001659-03,LN001659,2024-12-24,1791666.67,258000.00
R0002915,I001720-07,LN001720,2024-12-24,1516666.67,218400.00
R0002916,I000176-06,LN000176,2024-12-25,1000000.00,144000.00
R0002917,I000288-08,LN000288,2024-12-25,1288888.89,139200.00
R0002918,I000357-10,LN000357,2024-12-25,891666.66,128400.00
R0002919,I000393-02,LN000393,2024-12-25,1550000.00,111600.00
R0002920,I000477-06,LN000477,2024-12-25,3916666.66,282000.00
R0002921,I000541-08,LN000541,2024-12-25,461111.11,99600.00
R0002922,I000560-09,LN000560,2024-12-25,722222.22,78000.00
R0002923,I000672-06,LN000672,2024-12-25,216666.67,31200.00
R0002924,I000704-05,LN000704,2024-12-25,1716666.67,247200.00
R0002925,I000855-06,LN000855,2024-12-25,1200000.00,172800.00
R0002926,I000872-06,LN000872,2024-12-25,2311111.11,249600.00
R0002927,I001230-02,LN001230,2024-12-25,1916666.67,276000.00
R0002928,I001261-10,LN001261,2024-12-25,761111.11,164400.00
R0002929,I001362-05,LN001362,2024-12-25,3188888.89,344400.00
R0002930,I001386-05,LN001386,2024-12-25,1311111.11,141600.00
R0002931,I001412-01,LN001412,2024-12-25,4600000.00,331200.00
R0002932,I001596-10,LN001596,2024-12-25,488888.89,105600.00
R0002933,I001733-02,LN001733,2024-12-25,161111.12,34800.00
R0002934,I001748-04,LN001748,2024-12-25,2155555.56,232800.00
R0002935,I000102-02,LN000102,2024-12-26,3400000.00,244800.00
R0002936,I000241-05,LN000241,2024-12-26,766666.67,165600.00
R0002937,I000397-03,LN000397,2024-12-26,483333.34,104400.00
R0002938,I000452-01,LN000452,2024-12-26,458333.34,66000.00
R0002939,I000474-03,LN000474,2024-12-26,833333.34,90000.00
R0002940,I000517-07,LN000517,2024-12-26,491666.67,70800.00
R0002941,I000535-01,LN000535,2024-12-26,1283333.34,92400.00
R0002942,I001123-02,LN001123,2024-12-26,2511111.11,271200.00
R0002943,I001258-04,LN001258,2024-12-26,1038888.89,224400.00
R0002944,I001345-10,LN001345,2024-12-26,1083333.33,234000.00
R0002945,I001352-03,LN001352,2024-12-26,573333.33,20640.00
R0002946,I001430-01,LN001430,2024-12-26,488888.89,105600.00
R0002947,I001439-05,LN001439,2024-12-26,1175000.00,169200.00
R0002948,I001493-04,LN001493,2024-12-26,3250000.00,234000.00
R0002949,I001525-03,LN001525,2024-12-26,266666.67,28800.00
R0002950,I001533-03,LN001533,2024-12-26,211111.11,45600.00
R0002951,I001602-01,LN001602,2024-12-26,2888888.89,312000.00
R0002952,I001770-02,LN001770,2024-12-26,733333.33,26400.00
R0002953,I001918-01,LN001918,2024-12-26,2375000.00,342000.00
R0002954,I000102-04,LN000102,2024-12-27,4250000.00,306000.00
R0002955,I000276-09,LN000276,2024-12-27,2041666.66,294000.00
R0002956,I000321-05,LN000321,2024-12-27,825000.00,118800.00
R0002957,I000553-05,LN000553,2024-12-27,1991666.67,286800.00
R0002958,I000632-06,LN000632,2024-12-27,1944444.44,210000.00
R0002959,I000636-04,LN000636,2024-12-27,2100000.00,151200.00
R0002960,I000973-06,LN000973,2024-12-27,2600000.00,187200.00
R0002961,I001158-02,LN001158,2024-12-27,4033333.34,290400.00
R0002962,I001536-08,LN001536,2024-12-27,222222.22,24000.00
R0002963,I001722-09,LN001722,2024-12-27,2177777.77,235200.00
R0002964,I001817-03,LN001817,2024-12-27,2150000.00,309600.00
R0002965,I000201-03,LN000201,2024-12-28,744444.45,80400.00
R0002966,I000274-04,LN000274,2024-12-28,3211111.11,346800.00
R0002967,I000470-06,LN000470,2024-12-28,400000.00,28800.00
R0002968,I000680-10,LN000680,2024-12-28,300000.00,64800.00
R0002969,I000725-11,LN000725,2024-12-28,1211111.11,261600.00
R0002970,I000940-06,LN000940,2024-12-28,4116666.66,296400.00
R0002971,I000960-02,LN000960,2024-12-28,1650000.00,237600.00
R0002972,I001150-04,LN001150,2024-12-28,2450000.00,176400.00
R0002973,I001246-08,LN001246,2024-12-28,520833.33,75000.00
R0002974,I001251-06,LN001251,2024-12-28,2325000.00,334800.00
R0002975,I001394-09,LN001394,2024-12-28,1311111.11,141600.00
R0002976,I001484-05,LN001484,2024-12-28,2466666.67,355200.00
R0002977,I001577-03,LN001577,2024-12-28,1888888.89,204000.00
R0002978,I001919-10,LN001919,2024-12-28,1261111.11,272400.00
R0002979,I000050-02,LN000050,2024-12-29,1258333.34,181200.00
R0002980,I000129-06,LN000129,2024-12-29,2322222.22,250800.00
R0002981,I000147-08,LN000147,2024-12-29,1050000.00,226800.00
R0002982,I000369-11,LN000369,2024-12-29,377777.78,81600.00
R0002983,I000382-12,LN000382,2024-12-29,991666.66,142800.00
R0002984,I000641-10,LN000641,2024-12-29,2050000.00,295200.00
R0002985,I000693-07,LN000693,2024-12-29,572222.22,123600.00
R0002986,I000901-05,LN000901,2024-12-29,725000.00,104400.00
R0002987,I000924-06,LN000924,2024-12-29,333333.33,48000.00
R0002988,I001027-09,LN001027,2024-12-29,400000.00,57600.00
R0002989,I001063-04,LN001063,2024-12-29,2666666.67,288000.00
R0002990,I001075-08,LN001075,2024-12-29,888888.89,192000.00
R0002991,I001455-02,LN001455,2024-12-29,2022222.23,218400.00
R0002992,I001635-11,LN001635,2024-12-29,975000.00,140400.00
R0002993,I001885-03,LN001885,2024-12-29,3333333.33,240000.00
R0002994,I000069-03,LN000069,2024-12-30,266666.67,38400.00
R0002995,I000222-08,LN000222,2024-12-30,2208333.33,318000.00
R0002996,I000248-08,LN000248,2024-12-30,1877777.77,202800.00
R0002997,I000307-05,LN000307,2024-12-30,2900000.00,313200.00
R0002998,I000327-05,LN000327,2024-12-30,883333.33,127200.00
R0002999,I000624-06,LN000624,2024-12-30,1488888.89,160800.00
R0003000,I000644-07,LN000644,2024-12-30,1933333.33,208800.00
R0003001,I000859-07,LN000859,2024-12-30,266666.66,28800.00
R0003002,I001070-01,LN001070,2024-12-30,941666.67,135600.00
R0003003,I001099-01,LN001099,2024-12-30,1011111.12,109200.00
R0003004,I001187-07,LN001187,2024-12-30,2400000.00,345600.00
R0003005,I001644-07,LN001644,2024-12-30,733333.33,105600.00
R0003006,I001657-04,LN001657,2024-12-30,4633333.33,333600.00
R0003007,I001739-02,LN001739,2024-12-30,4350000.00,313200.00
R0003008,I001851-04,LN001851,2024-12-30,977777.78,105600.00
R0003009,I001868-05,LN001868,2024-12-30,800000.00,115200.00
R0003010,I000011-11,LN000011,2024-12-31,1916666.66,276000.00
R0003011,I000034-07,LN000034,2024-12-31,3188888.89,344400.00
R0003012,I000187-03,LN000187,2024-12-31,2083333.34,300000.00
R0003013,I000270-05,LN000270,2024-12-31,766666.67,110400.00
R0003014,I000303-03,LN000303,2024-12-31,741666.67,106800.00
R0003015,I000931-05,LN000931,2024-12-31,2033333.33,219600.00
R0003016,I000958-01,LN000958,2024-12-31,2813333.33,202560.00
R0003017,I001301-06,LN001301,2024-12-31,633333.33,91200.00
R0003018,I001374-05,LN001374,2024-12-31,888888.89,192000.00
R0003019,I001904-09,LN001904,2024-12-31,1711111.11,184800.00
R0003020,I001914-10,LN001914,2024-12-31,341666.66,49200.00
R0003021,I001988-01,LN001988,2024-12-31,2866666.67,206400.00
R0003022,I000088-03,LN000088,2025-01-01,1141666.67,164400.00
R0003023,I000092-02,LN000092,2025-01-01,1400000.00,151200.00
R0003024,I000189-01,LN000189,2025-01-01,244444.45,26400.00
R0003025,I000503-03,LN000503,2025-01-01,2250000.00,162000.00
R0003026,I000709-10,LN000709,2025-01-01,150000.00,21600.00
R0003027,I000715-02,LN000715,2025-01-01,3100000.00,223200.00
R0003028,I000837-01,LN000837,2025-01-01,433333.34,62400.00
R0003029,I000941-08,LN000941,2025-01-01,2058333.33,296400.00
R0003030,I000958-02,LN000958,2025-01-01,3516666.67,253200.00
R0003031,I000976-03,LN000976,2025-01-01,4050000.00,291600.00
R0003032,I001114-08,LN001114,2025-01-01,1091666.67,157200.00
R0003033,I001291-04,LN001291,2025-01-01,1973333.33,284160.00
R0003034,I001313-06,LN001313,2025-01-01,800000.00,57600.00
R0003035,I001360-06,LN001360,2025-01-01,1000000.00,216000.00
R0003036,I001491-02,LN001491,2025-01-01,800000.00,115200.00
R0003037,I001504-04,LN001504,2025-01-01,1283333.34,184800.00
R0003038,I001534-02,LN001534,2025-01-01,1500000.00,216000.00
R0003039,I001624-05,LN001624,2025-01-01,1255555.56,135600.00
R0003040,I001670-06,LN001670,2025-01-01,1177777.78,127200.00
R0003041,I000128-04,LN000128,2025-01-02,2391666.67,344400.00
R0003042,I000206-04,LN000206,2025-01-02,2755555.56,297600.00
R0003043,I000325-05,LN000325,2025-01-02,1566666.66,112800.00
R0003044,I000514-04,LN000514,2025-01-02,1675000.00,241200.00
R0003045,I000645-02,LN000645,2025-01-02,2950000.00,212400.00
R0003046,I000716-05,LN000716,2025-01-02,2683333.33,193200.00
R0003047,I000740-03,LN000740,2025-01-02,2266666.67,163200.00
R0003048,I000884-04,LN000884,2025-01-02,4433333.33,319200.00
R0003049,I001130-11,LN001130,2025-01-02,1825000.00,262800.00
R0003050,I001170-02,LN001170,2025-01-02,4266666.67,153600.00
R0003051,I001307-06,LN001307,2025-01-02,2866666.66,206400.00
R0003052,I001482-09,LN001482,2025-01-02,1233333.33,177600.00
R0003053,I001552-06,LN001552,2025-01-02,466666.67,50400.00
R0003054,I001567-02,LN001567,2025-01-02,1383333.34,99600.00
R0003055,I001686-11,LN001686,2025-01-02,1741666.66,250800.00
R0003056,I001711-11,LN001711,2025-01-02,1566666.66,225600.00
R0003057,I001855-09,LN001855,2025-01-02,2555555.55,276000.00
R0003058,I001992-02,LN001992,2025-01-02,1275000.00,183600.00
R0003059,I000025-02,LN000025,2025-01-03,4016666.67,289200.00
R0003060,I000111-07,LN000111,2025-01-03,333333.33,48000.00
R0003061,I000170-05,LN000170,2025-01-03,1183333.33,85200.00
R0003062,I000222-07,LN000222,2025-01-03,2208333.33,318000.00
R0003063,I000374-02,LN000374,2025-01-03,1241666.67,178800.00
R0003064,I000376-01,LN000376,2025-01-03,1711111.12,184800.00
R0003065,I000415-08,LN000415,2025-01-03,616666.67,133200.00
R0003066,I000556-03,LN000556,2025-01-03,1322222.23,285600.00
R0003067,I000557-03,LN000557,2025-01-03,716666.66,51600.00
R0003068,I000566-01,LN000566,2025-01-03,488888.89,52800.00
R0003069,I000893-05,LN000893,2025-01-03,422222.22,45600.00
R0003070,I000934-10,LN000934,2025-01-03,313333.33,45120.00
R0003071,I001202-06,LN001202,2025-01-03,1250000.00,180000.00
R0003072,I001318-08,LN001318,2025-01-03,2244444.44,242400.00
R0003073,I001342-07,LN001342,2025-01-03,208333.33,30000.00
R0003074,I001369-11,LN001369,2025-01-03,1341666.66,193200.00
R0003075,I001669-04,LN001669,2025-01-03,600000.00,86400.00
R0003076,I001827-05,LN001827,2025-01-03,1405555.56,303600.00
R0003077,I001964-05,LN001964,2025-01-03,3500000.00,252000.00
R0003078,I001966-07,LN001966,2025-01-03,800000.00,115200.00
R0003079,I000083-03,LN000083,2025-01-04,1561111.11,337200.00
R0003080,I000180-05,LN000180,2025-01-04,666666.67,72000.00
R0003081,I000353-08,LN000353,2025-01-04,2141666.67,308400.00
R0003082,I000542-03,LN000542,2025-01-04,283333.34,40800.00
R0003083,I000563-09,LN000563,2025-01-04,3122222.22,337200.00
R0003084,I000695-06,LN000695,2025-01-04,2011111.11,217200.00
R0003085,I000851-03,LN000851,2025-01-04,1222222.23,264000.00
R0003086,I000872-05,LN000872,2025-01-04,2888888.89,312000.00
R0003087,I001046-09,LN001046,2025-01-04,225000.00,32400.00
R0003088,I001123-03,LN001123,2025-01-04,2511111.11,271200.00
R0003089,I001134-03,LN001134,2025-01-04,4800000.00,172800.00
R0003090,I001291-05,LN001291,2025-01-04,2466666.67,355200.00
R0003091,I001302-02,LN001302,2025-01-04,1000000.00,72000.00
R0003092,I001443-08,LN001443,2025-01-04,1366666.66,147600.00
R0003093,I001896-05,LN001896,2025-01-04,2444444.44,264000.00
R0003094,I000141-01,LN000141,2025-01-05,1841666.67,265200.00
R0003095,I000221-08,LN000221,2025-01-05,1316666.67,189600.00
R0003096,I000258-08,LN000258,2025-01-05,2811111.11,303600.00
R0003097,I000277-06,LN000277,2025-01-05,275000.00,19800.00
R0003098,I000285-01,LN000285,2025-01-05,622916.67,89700.00
R0003099,I000454-04,LN000454,2025-01-05,1744444.45,188400.00
R0003100,I000525-05,LN000525,2025-01-05,322222.22,69600.00
R0003101,I000596-03,LN000596,2025-01-05,8433333.33,303600.00
R0003102,I000649-12,LN000649,2025-01-05,1191666.66,171600.00
R0003103,I000896-02,LN000896,2025-01-05,833333.34,90000.00
R0003104,I000936-02,LN000936,2025-01-05,3233333.34,349200.00
R0003105,I001221-08,LN001221,2025-01-05,850000.00,183600.00
R0003106,I001261-11,LN001261,2025-01-05,761111.11,164400.00
R0003107,I001414-07,LN001414,2025-01-05,216666.67,31200.00
R0003108,I001521-05,LN001521,2025-01-05,2955555.56,319200.00
R0003109,I001570-05,LN001570,2025-01-05,3533333.33,254400.00
R0003110,I001678-04,LN001678,2025-01-05,2208333.34,318000.00
R0003111,I001970-02,LN001970,2025-01-05,7766666.67,279600.00
R0003112,I000149-05,LN000149,2025-01-06,900000.00,129600.00
R0003113,I000175-09,LN000175,2025-01-06,1225000.00,176400.00
R0003114,I000187-02,LN000187,2025-01-06,2083333.34,300000.00
R0003115,I000573-04,LN000573,2025-01-06,1583333.34,342000.00
R0003116,I000592-04,LN000592,2025-01-06,516666.67,74400.00
R0003117,I000624-07,LN000624,2025-01-06,1488888.89,160800.00
R0003118,I000766-08,LN000766,2025-01-06,266666.66,38400.00
R0003119,I000948-02,LN000948,2025-01-06,4283333.34,308400.00
R0003120,I000950-01,LN000950,2025-01-06,1525000.00,219600.00
R0003121,I001326-02,LN001326,2025-01-06,3033333.34,218400.00
R0003122,I001574-02,LN001574,2025-01-06,7766666.67,279600.00
R0003123,I001612-06,LN001612,2025-01-06,2425000.00,349200.00
R0003124,I001879-09,LN001879,2025-01-06,1360000.00,146880.00
R0003125,I001894-11,LN001894,2025-01-06,1050000.00,226800.00
R0003126,I001928-03,LN001928,2025-01-06,550000.00,118800.00
R0003127,I000026-05,LN000026,2025-01-07,977777.78,211200.00
R0003128,I000356-08,LN000356,2025-01-07,1825000.00,262800.00
R0003129,I000421-02,LN000421,2025-01-07,4683333.34,337200.00
R0003130,I000490-01,LN000490,2025-01-07,1750000.00,126000.00
R0003131,I000752-03,LN000752,2025-01-07,1627777.78,351600.00
R0003132,I000883-03,LN000883,2025-01-07,1966666.67,283200.00
R0003133,I000964-09,LN000964,2025-01-07,1666666.66,180000.00
R0003134,I001186-09,LN001186,2025-01-07,1077777.78,232800.00
R0003135,I001402-05,LN001402,2025-01-07,1283333.33,92400.00
R0003136,I001721-04,LN001721,2025-01-07,1250000.00,180000.00
R0003137,I001940-03,LN001940,2025-01-07,1122222.23,242400.00
R0003138,I000059-05,LN000059,2025-01-08,2400000.00,259200.00
R0003139,I000554-10,LN000554,2025-01-08,866666.66,124800.00
R0003140,I000600-04,LN000600,2025-01-08,2466666.67,355200.00
R0003141,I000625-01,LN000625,2025-01-08,1416666.67,102000.00
R0003142,I000644-08,LN000644,2025-01-08,1933333.33,208800.00
R0003143,I001042-09,LN001042,2025-01-08,1516666.67,327600.00
R0003144,I001160-03,LN001160,2025-01-08,4150000.00,298800.00
R0003145,I001234-07,LN001234,2025-01-08,1183333.33,170400.00
R0003146,I001311-01,LN001311,2025-01-08,2544444.45,274800.00
R0003147,I001475-02,LN001475,2025-01-08,1466666.67,158400.00
R0003148,I001682-02,LN001682,2025-01-08,2216666.67,159600.00
R0003149,I001830-09,LN001830,2025-01-08,161111.11,34800.00
R0003150,I001960-07,LN001960,2025-01-08,2191666.67,315600.00
R0003151,I000442-06,LN000442,2025-01-09,1533333.33,220800.00
R0003152,I000524-02,LN000524,2025-01-09,1050000.00,151200.00
R0003153,I000613-07,LN000613,2025-01-09,988888.89,106800.00
R0003154,I000672-05,LN000672,2025-01-09,216666.67,31200.00
R0003155,I000822-05,LN000822,2025-01-09,750000.00,108000.00
R0003156,I001092-03,LN001092,2025-01-09,850000.00,122400.00
R0003157,I001253-03,LN001253,2025-01-09,244444.45,52800.00
R0003158,I001438-11,LN001438,2025-01-09,1305555.55,282000.00
R0003159,I001630-11,LN001630,2025-01-09,1072222.22,231600.00
R0003160,I001726-04,LN001726,2025-01-09,416666.67,60000.00
R0003161,I001965-02,LN001965,2025-01-09,1566666.67,225600.00
R0003162,I001988-02,LN001988,2025-01-09,2866666.67,206400.00
R0003163,I000005-02,LN000005,2025-01-10,300000.00,64800.00
R0003164,I000053-01,LN000053,2025-01-10,933333.34,67200.00
R0003165,I000055-09,LN000055,2025-01-10,300000.00,43200.00
R0003166,I000073-10,LN000073,2025-01-10,2208333.33,318000.00
R0003167,I000112-04,LN000112,2025-01-10,4750000.00,342000.00
R0003168,I000181-03,LN000181,2025-01-10,1561111.11,337200.00
R0003169,I000187-01,LN000187,2025-01-10,2083333.34,300000.00
R0003170,I000202-03,LN000202,2025-01-10,2783333.33,200400.00
R0003171,I000222-10,LN000222,2025-01-10,2208333.33,318000.00
R0003172,I000264-03,LN000264,2025-01-10,1200000.00,172800.00
R0003173,I000381-07,LN000381,2025-01-10,1375000.00,198000.00
R0003174,I000447-11,LN000447,2025-01-10,2108333.33,303600.00
R0003175,I000531-04,LN000531,2025-01-10,525000.00,75600.00
R0003176,I000556-04,LN000556,2025-01-10,1322222.23,285600.00
R0003177,I000810-05,LN000810,2025-01-10,816666.66,58800.00
R0003178,I001080-09,LN001080,2025-01-10,716666.66,103200.00
R0003179,I001360-07,LN001360,2025-01-10,1000000.00,216000.00
R0003180,I001780-06,LN001780,2025-01-10,600000.00,64800.00
R0003181,I001805-06,LN001805,2025-01-10,3122222.22,337200.00
R0003182,I001819-01,LN001819,2025-01-10,275000.00,39600.00
R0003183,I001976-03,LN001976,2025-01-10,4116666.67,296400.00
R0003184,I001993-09,LN001993,2025-01-10,1533333.33,220800.00
R0003185,I000012-04,LN000012,2025-01-11,583333.34,84000.00
R0003186,I000060-01,LN000060,2025-01-11,950000.00,68400.00
R0003187,I000085-02,LN000085,2025-01-11,658333.34,94800.00
R0003188,I000177-05,LN000177,2025-01-11,855555.56,184800.00
R0003189,I000219-08,LN000219,2025-01-11,1900000.00,273600.00
R0003190,I000237-06,LN000237,2025-01-11,1400000.00,302400.00
R0003191,I000501-08,LN000501,2025-01-11,466666.67,67200.00
R0003192,I000669-06,LN000669,2025-01-11,1099583.33,158340.00
R0003193,I000792-02,LN000792,2025-01-11,1941666.67,279600.00
R0003194,I000911-05,LN000911,2025-01-11,658333.33,94800.00
R0003195,I000933-02,LN000933,2025-01-11,3150000.00,226800.00
R0003196,I001020-07,LN001020,2025-01-11,1294444.45,279600.00
R0003197,I001045-08,LN001045,2025-01-11,166666.67,24000.00
R0003198,I001049-02,LN001049,2025-01-11,2577777.78,278400.00
R0003199,I001102-01,LN001102,2025-01-11,500000.00,36000.00
R0003200,I001255-01,LN001255,2025-01-11,1933333.34,139200.00
R0003201,I001348-05,LN001348,2025-01-11,105555.56,22800.00
R0003202,I001348-06,LN001348,2025-01-11,84444.44,18240.00
R0003203,I001948-06,LN001948,2025-01-11,2633333.33,189600.00
R0003204,I000120-05,LN000120,2025-01-12,1133333.33,122400.00
R0003205,I000479-05,LN000479,2025-01-12,141666.67,20400.00
R0003206,I000489-01,LN000489,2025-01-12,191666.67,27600.00
R0003207,I000836-04,LN000836,2025-01-12,825000.00,118800.00
R0003208,I000866-01,LN000866,2025-01-12,1216666.67,87600.00
R0003209,I001406-04,LN001406,2025-01-12,3900000.00,280800.00
R0003210,I001473-05,LN001473,2025-01-12,1666666.67,240000.00
R0003211,I001800-03,LN001800,2025-01-12,3416666.67,246000.00
R0003212,I001815-05,LN001815,2025-01-12,1625000.00,234000.00
R0003213,I001840-02,LN001840,2025-01-12,4183333.34,301200.00
R0003214,I000185-09,LN000185,2025-01-13,1177777.78,254400.00
R0003215,I000205-02,LN000205,2025-01-13,1825000.00,262800.00
R0003216,I000409-02,LN000409,2025-01-13,1975000.00,284400.00
R0003217,I000628-06,LN000628,2025-01-13,1116666.67,160800.00
R0003218,I001057-04,LN001057,2025-01-13,2416666.67,174000.00
R0003219,I001069-01,LN001069,2025-01-13,1405555.56,303600.00
R0003220,I001126-09,LN001126,2025-01-13,2316666.66,333600.00
R0003221,I001213-04,LN001213,2025-01-13,4116666.67,296400.00
R0003222,I001271-03,LN001271,2025-01-13,1237500.00,89100.00
R0003223,I001484-07,LN001484,2025-01-13,2466666.67,355200.00
R0003224,I001509-10,LN001509,2025-01-13,1433333.33,206400.00
R0003225,I001530-07,LN001530,2025-01-13,3311111.11,357600.00
R0003226,I001602-02,LN001602,2025-01-13,2888888.89,312000.00
R0003227,I001674-09,LN001674,2025-01-13,168888.88,18240.00
R0003228,I001750-06,LN001750,2025-01-13,2083333.33,300000.00
R0003229,I001852-03,LN001852,2025-01-13,1088888.89,117600.00
R0003230,I001933-01,LN001933,2025-01-13,2588888.89,279600.00
R0003231,I000050-04,LN000050,2025-01-14,817916.67,117780.00
R0003232,I000084-05,LN000084,2025-01-14,294444.45,63600.00
R0003233,I000164-05,LN000164,2025-01-14,822222.22,177600.00
R0003234,I000642-04,LN000642,2025-01-14,1100000.00,158400.00
R0003235,I000664-05,LN000664,2025-01-14,883333.34,190800.00
R0003236,I001014-08,LN001014,2025-01-14,1208333.33,174000.00
R0003237,I001415-09,LN001415,2025-01-14,500000.00,54000.00
R0003238,I001532-06,LN001532,2025-01-14,858333.33,123600.00
R0003239,I001540-05,LN001540,2025-01-14,727777.78,157200.00
R0003240,I001567-05,LN001567,2025-01-14,1383333.33,99600.00
R0003241,I001710-04,LN001710,2025-01-14,158333.34,22800.00
R0003242,I001990-10,LN001990,2025-01-14,1783333.33,256800.00
R0003243,I000174-03,LN000174,2025-01-15,1500000.00,324000.00
R0003244,I000279-04,LN000279,2025-01-15,1622222.22,175200.00
R0003245,I000444-05,LN000444,2025-01-15,1635833.32,117780.00
R0003246,I000542-04,LN000542,2025-01-15,283333.34,40800.00
R0003247,I000570-09,LN000570,2025-01-15,1808333.33,260400.00
R0003248,I000623-07,LN000623,2025-01-15,2233333.33,321600.00
R0003249,I000641-11,LN000641,2025-01-15,2050000.00,295200.00
R0003250,I000646-02,LN000646,2025-01-15,1505555.56,325200.00
R0003251,I000691-11,LN000691,2025-01-15,2200000.00,316800.00
R0003252,I000709-09,LN000709,2025-01-15,150000.00,21600.00
R0003253,I000723-01,LN000723,2025-01-15,1508333.34,217200.00
R0003254,I000750-01,LN000750,2025-01-15,741666.67,106800.00
R0003255,I000933-03,LN000933,2025-01-15,3150000.00,226800.00
R0003256,I000947-02,LN000947,2025-01-15,4850000.00,349200.00
R0003257,I001118-09,LN001118,2025-01-15,1866666.66,201600.00
R0003258,I001122-01,LN001122,2025-01-15,3050000.00,219600.00
R0003259,I001370-02,LN001370,2025-01-15,4033333.34,290400.00
R0003260,I000162-11,LN000162,2025-01-16,1288888.89,278400.00
R0003261,I000303-05,LN000303,2025-01-16,741666.67,106800.00
R0003262,I000421-03,LN000421,2025-01-16,4683333.33,337200.00
R0003263,I000487-05,LN000487,2025-01-16,158333.33,22800.00
R0003264,I000907-02,LN000907,2025-01-16,4383333.34,315600.00
R0003265,I000957-10,LN000957,2025-01-16,1477777.78,319200.00
R0003266,I001048-01,LN001048,2025-01-16,800000.00,86400.00
R0003267,I001127-03,LN001127,2025-01-16,1575000.00,226800.00
R0003268,I001136-01,LN001136,2025-01-16,1666666.67,240000.00
R0003269,I001216-04,LN001216,2025-01-16,2066666.67,297600.00
R0003270,I001389-05,LN001389,2025-01-16,855555.56,92400.00
R0003271,I001452-10,LN001452,2025-01-16,688888.89,148800.00
R0003272,I001465-06,LN001465,2025-01-16,4133333.33,297600.00
R0003273,I001552-05,LN001552,2025-01-16,466666.67,50400.00
R0003274,I001931-06,LN001931,2025-01-16,2444444.44,264000.00
R0003275,I001951-02,LN001951,2025-01-16,1216666.67,175200.00
R0003276,I000187-04,LN000187,2025-01-17,2083333.34,300000.00
R0003277,I000250-08,LN000250,2025-01-17,711111.11,153600.00
R0003278,I001234-08,LN001234,2025-01-17,1183333.33,170400.00
R0003279,I001349-03,LN001349,2025-01-17,977777.78,211200.00
R0003280,I001449-08,LN001449,2025-01-17,341666.67,49200.00
R0003281,I001582-09,LN001582,2025-01-17,1983333.33,285600.00
R0003282,I001589-04,LN001589,2025-01-17,1294444.45,279600.00
R0003283,I001813-04,LN001813,2025-01-17,988888.89,106800.00
R0003284,I001941-11,LN001941,2025-01-17,1750000.00,252000.00
R0003285,I001980-07,LN001980,2025-01-17,1250000.00,270000.00
R0003286,I000242-02,LN000242,2025-01-18,1766666.67,254400.00
R0003287,I000375-01,LN000375,2025-01-18,1450000.00,208800.00
R0003288,I000453-11,LN000453,2025-01-18,402222.22,86880.00
R0003289,I000505-04,LN000505,2025-01-18,3016666.67,217200.00
R0003290,I000522-02,LN000522,2025-01-18,4783333.34,344400.00
R0003291,I000654-02,LN000654,2025-01-18,683333.34,49200.00
R0003292,I000657-10,LN000657,2025-01-18,1758333.33,253200.00
R0003293,I000664-06,LN000664,2025-01-18,883333.34,190800.00
R0003294,I000773-03,LN000773,2025-01-18,1100000.00,158400.00
R0003295,I000865-09,LN000865,2025-01-18,783333.33,112800.00
R0003296,I000943-04,LN000943,2025-01-18,4683333.33,337200.00
R0003297,I001024-05,LN001024,2025-01-18,2241666.67,322800.00
R0003298,I001412-02,LN001412,2025-01-18,4600000.00,331200.00
R0003299,I001658-05,LN001658,2025-01-18,1072222.22,231600.00
R0003300,I001903-11,LN001903,2025-01-18,2133333.33,307200.00
R0003301,I000112-05,LN000112,2025-01-19,4750000.00,342000.00
R0003302,I000465-06,LN000465,2025-01-19,811111.11,87600.00
R0003303,I000474-04,LN000474,2025-01-19,833333.33,90000.00
R0003304,I000557-04,LN000557,2025-01-19,1433333.33,103200.00
R0003305,I000654-03,LN000654,2025-01-19,546666.66,39360.00
R0003306,I000909-10,LN000909,2025-01-19,1108333.33,159600.00
R0003307,I001199-04,LN001199,2025-01-19,2400000.00,345600.00
R0003308,I001221-07,LN001221,2025-01-19,850000.00,183600.00
R0003309,I001345-11,LN001345,2025-01-19,1083333.33,234000.00
R0003310,I001382-03,LN001382,2025-01-19,388888.89,42000.00
R0003311,I001430-02,LN001430,2025-01-19,488888.89,105600.00
R0003312,I001437-03,LN001437,2025-01-19,3100000.00,223200.00
R0003313,I001457-02,LN001457,2025-01-19,316666.67,45600.00
R0003314,I001486-09,LN001486,2025-01-19,394444.44,85200.00
R0003315,I001525-04,LN001525,2025-01-19,266666.67,28800.00
R0003316,I001532-05,LN001532,2025-01-19,858333.33,123600.00
R0003317,I001845-06,LN001845,2025-01-19,333333.33,24000.00
R0003318,I000129-07,LN000129,2025-01-20,2322222.22,250800.00
R0003319,I000466-02,LN000466,2025-01-20,3100000.00,111600.00
R0003320,I000566-02,LN000566,2025-01-20,488888.89,52800.00
R0003321,I000598-04,LN000598,2025-01-20,1916666.67,276000.00
R0003322,I000819-02,LN000819,2025-01-20,991666.67,142800.00
R0003323,I000919-02,LN000919,2025-01-20,8433333.33,303600.00
R0003324,I000961-05,LN000961,2025-01-20,958750.00,138060.00
R0003325,I001033-05,LN001033,2025-01-20,2125000.00,306000.00
R0003326,I001063-05,LN001063,2025-01-20,2666666.67,288000.00
R0003327,I001137-02,LN001137,2025-01-20,400000.00,28800.00
R0003328,I001147-12,LN001147,2025-01-20,1725000.00,248400.00
R0003329,I001315-04,LN001315,2025-01-20,1310833.33,94380.00
R0003330,I001479-07,LN001479,2025-01-20,2275000.00,327600.00
R0003331,I001598-01,LN001598,2025-01-20,422222.23,45600.00
R0003332,I001748-05,LN001748,2025-01-20,2155555.56,232800.00
R0003333,I001755-01,LN001755,2025-01-20,2350000.00,169200.00
R0003334,I000106-10,LN000106,2025-01-21,105555.56,22800.00
R0003335,I000451-06,LN000451,2025-01-21,1226666.66,88320.00
R0003336,I000739-01,LN000739,2025-01-21,1294444.45,279600.00
R0003337,I000845-07,LN000845,2025-01-21,675000.00,97200.00
R0003338,I001053-06,LN001053,2025-01-21,183333.34,39600.00
R0003339,I001149-06,LN001149,2025-01-21,623333.33,89760.00
R0003340,I001150-05,LN001150,2025-01-21,2450000.00,176400.00
R0003341,I001151-01,LN001151,2025-01-21,516666.67,74400.00
R0003342,I001187-08,LN001187,2025-01-21,2400000.00,345600.00
R0003343,I001250-11,LN001250,2025-01-21,1311111.11,283200.00
R0003344,I001397-01,LN001397,2025-01-21,1511111.12,163200.00
R0003345,I001533-04,LN001533,2025-01-21,211111.11,45600.00
R0003346,I000020-09,LN000020,2025-01-22,683333.33,98400.00
R0003347,I000102-05,LN000102,2025-01-22,4250000.00,306000.00
R0003348,I000122-02,LN000122,2025-01-22,7100000.00,255600.00
R0003349,I000159-12,LN000159,2025-01-22,988888.89,213600.00
R0003350,I000321-06,LN000321,2025-01-22,825000.00,118800.00
R0003351,I000361-07,LN000361,2025-01-22,1900000.00,273600.00
R0003352,I000464-03,LN000464,2025-01-22,544444.45,117600.00
R0003353,I000475-06,LN000475,2025-01-22,4116666.66,296400.00
R0003354,I000630-03,LN000630,2025-01-22,2666666.67,192000.00
R0003355,I001135-02,LN001135,2025-01-22,1558333.34,224400.00
R0003356,I001149-08,LN001149,2025-01-22,1558333.33,224400.00
R0003357,I001282-02,LN001282,2025-01-22,1150000.00,82800.00
R0003358,I001335-01,LN001335,2025-01-22,1616666.67,349200.00
R0003359,I001485-08,LN001485,2025-01-22,1000000.00,144000.00
R0003360,I001526-05,LN001526,2025-01-22,1316666.67,189600.00
R0003361,I001563-03,LN001563,2025-01-22,1600000.00,115200.00
R0003362,I001571-01,LN001571,2025-01-22,3144444.45,339600.00
R0003363,I001945-09,LN001945,2025-01-22,316666.66,45600.00
R0003364,I000328-12,LN000328,2025-01-23,1008333.33,145200.00
R0003365,I000393-03,LN000393,2025-01-23,1550000.00,111600.00
R0003366,I000412-02,LN000412,2025-01-23,3316666.67,238800.00
R0003367,I000541-09,LN000541,2025-01-23,461111.11,99600.00
R0003368,I000592-02,LN000592,2025-01-23,516666.67,74400.00
R0003369,I000753-03,LN000753,2025-01-23,3013333.33,216960.00
R0003370,I000909-11,LN000909,2025-01-23,1108333.33,159600.00
R0003371,I000912-06,LN000912,2025-01-23,1108333.33,159600.00
R0003372,I001035-04,LN001035,2025-01-23,2616666.67,188400.00
R0003373,I001070-02,LN001070,2025-01-23,941666.67,135600.00
R0003374,I001165-09,LN001165,2025-01-23,2911111.11,314400.00
R0003375,I001386-06,LN001386,2025-01-23,1311111.11,141600.00
R0003376,I001537-05,LN001537,2025-01-23,125000.00,18000.00
R0003377,I001657-05,LN001657,2025-01-23,4633333.33,333600.00
R0003378,I001697-07,LN001697,2025-01-23,2011111.11,217200.00
R0003379,I001737-12,LN001737,2025-01-23,527777.78,114000.00
R0003380,I000095-02,LN000095,2025-01-24,233333.34,50400.00
R0003381,I000120-04,LN000120,2025-01-24,1133333.33,122400.00
R0003382,I000170-04,LN000170,2025-01-24,946666.66,68160.00
R0003383,I000221-07,LN000221,2025-01-24,1316666.67,189600.00
R0003384,I000293-04,LN000293,2025-01-24,1100000.00,237600.00
R0003385,I000429-02,LN000429,2025-01-24,2016666.67,145200.00
R0003386,I000540-09,LN000540,2025-01-24,3144444.44,339600.00
R0003387,I000700-01,LN000700,2025-01-24,1333333.34,192000.00
R0003388,I001617-08,LN001617,2025-01-24,916666.67,132000.00
R0003389,I001695-08,LN001695,2025-01-24,2566666.66,277200.00
R0003390,I001918-02,LN001918,2025-01-24,2375000.00,342000.00
R0003391,I000149-03,LN000149,2025-01-25,900000.00,129600.00
R0003392,I000170-06,LN000170,2025-01-25,1183333.33,85200.00
R0003393,I000176-07,LN000176,2025-01-25,1000000.00,144000.00
R0003394,I000189-02,LN000189,2025-01-25,244444.45,26400.00
R0003395,I000244-02,LN000244,2025-01-25,3266666.67,235200.00
R0003396,I000288-09,LN000288,2025-01-25,1288888.88,139200.00
R0003397,I000347-07,LN000347,2025-01-25,1633333.33,235200.00
R0003398,I000357-11,LN000357,2025-01-25,891666.66,128400.00
R0003399,I000374-03,LN000374,2025-01-25,1241666.67,178800.00
R0003400,I000642-05,LN000642,2025-01-25,1100000.00,158400.00
R0003401,I000648-04,LN000648,2025-01-25,550000.00,118800.00
R0003402,I000672-07,LN000672,2025-01-25,216666.67,31200.00
R0003403,I000800-05,LN000800,2025-01-25,511111.11,110400.00
R0003404,I000855-07,LN000855,2025-01-25,1200000.00,172800.00
R0003405,I000902-10,LN000902,2025-01-25,358333.33,51600.00
R0003406,I000935-10,LN000935,2025-01-25,2033333.33,292800.00
R0003407,I001034-07,LN001034,2025-01-25,2116666.67,304800.00
R0003408,I001362-06,LN001362,2025-01-25,3188888.89,344400.00
R0003409,I001369-12,LN001369,2025-01-25,1341666.66,193200.00
R0003410,I001389-06,LN001389,2025-01-25,855555.55,92400.00
R0003411,I001797-03,LN001797,2025-01-25,444444.45,96000.00
R0003412,I001932-06,LN001932,2025-01-25,958333.33,138000.00
R0003413,I000302-08,LN000302,2025-01-26,600000.00,64800.00
R0003414,I000397-04,LN000397,2025-01-26,483333.34,104400.00
R0003415,I000623-09,LN000623,2025-01-26,1451666.66,209040.00
R0003416,I000941-10,LN000941,2025-01-26,2058333.33,296400.00
R0003417,I001073-05,LN001073,2025-01-26,1600000.00,230400.00
R0003418,I001251-07,LN001251,2025-01-26,2325000.00,334800.00
R0003419,I001305-01,LN001305,2025-01-26,1088888.89,235200.00
R0003420,I001351-08,LN001351,2025-01-26,1283333.33,184800.00
R0003421,I001455-01,LN001455,2025-01-26,1314444.44,141960.00
R0003422,I001493-05,LN001493,2025-01-26,3250000.00,234000.00
R0003423,I001551-01,LN001551,2025-01-26,3966666.67,285600.00
R0003424,I001582-10,LN001582,2025-01-26,1983333.33,285600.00
R0003425,I001594-02,LN001594,2025-01-26,2366666.67,170400.00
R0003426,I001818-03,LN001818,2025-01-26,2911111.11,314400.00
R0003427,I000147-09,LN000147,2025-01-27,1050000.00,226800.00
R0003428,I000206-06,LN000206,2025-01-27,2755555.55,297600.00
R0003429,I000268-09,LN000268,2025-01-27,2311111.11,249600.00
R0003430,I000454-05,LN000454,2025-01-27,1133888.88,122460.00
R0003431,I000553-06,LN000553,2025-01-27,1991666.67,286800.00
R0003432,I000632-07,LN000632,2025-01-27,1944444.44,210000.00
R0003433,I000682-01,LN000682,2025-01-27,766666.67,82800.00
R0003434,I000862-01,LN000862,2025-01-27,1350555.55,145860.00
R0003435,I000901-06,LN000901,2025-01-27,725000.00,104400.00
R0003436,I000924-07,LN000924,2025-01-27,333333.33,48000.00
R0003437,I000936-03,LN000936,2025-01-27,2101666.67,226980.00
R0003438,I001032-01,LN001032,2025-01-27,1166666.67,168000.00
R0003439,I001213-05,LN001213,2025-01-27,2058333.33,148200.00
R0003440,I001230-03,LN001230,2025-01-27,1916666.67,276000.00
R0003441,I001318-09,LN001318,2025-01-27,2244444.44,242400.00
R0003442,I001417-04,LN001417,2025-01-27,3566666.67,256800.00
R0003443,I001980-05,LN001980,2025-01-27,1250000.00,270000.00
R0003444,I000055-11,LN000055,2025-01-28,300000.00,43200.00
R0003445,I000202-04,LN000202,2025-01-28,2783333.33,200400.00
R0003446,I000394-01,LN000394,2025-01-28,3133333.34,225600.00
R0003447,I000427-03,LN000427,2025-01-28,3516666.67,253200.00
R0003448,I000453-12,LN000453,2025-01-28,1005555.55,217200.00
R0003449,I000501-06,LN000501,2025-01-28,466666.67,67200.00
R0003450,I000680-11,LN000680,2025-01-28,300000.00,64800.00
R0003451,I000725-12,LN000725,2025-01-28,1211111.11,261600.00
R0003452,I000796-05,LN000796,2025-01-28,1466666.67,316800.00
R0003453,I001099-02,LN001099,2025-01-28,1011111.11,109200.00
R0003454,I001153-05,LN001153,2025-01-28,583333.33,84000.00
R0003455,I001246-09,LN001246,2025-01-28,1666666.66,240000.00
R0003456,I001339-08,LN001339,2025-01-28,2450000.00,352800.00
R0003457,I001456-09,LN001456,2025-01-28,702777.78,151800.00
R0003458,I001476-06,LN001476,2025-01-28,1983333.33,285600.00
R0003459,I001751-11,LN001751,2025-01-28,1533333.33,220800.00
R0003460,I001928-04,LN001928,2025-01-28,550000.00,118800.00
R0003461,I000034-08,LN000034,2025-01-29,3188888.89,344400.00
R0003462,I000067-05,LN000067,2025-01-29,3866666.66,278400.00
R0003463,I000101-06,LN000101,2025-01-29,2366666.66,170400.00
R0003464,I000369-12,LN000369,2025-01-29,377777.78,81600.00
R0003465,I000468-07,LN000468,2025-01-29,2766666.66,298800.00
R0003466,I000693-08,LN000693,2025-01-29,572222.22,123600.00
R0003467,I000702-11,LN000702,2025-01-29,722222.22,156000.00
R0003468,I000872-07,LN000872,2025-01-29,2888888.89,312000.00
R0003469,I001188-02,LN001188,2025-01-29,858333.34,123600.00
R0003470,I001272-01,LN001272,2025-01-29,3350000.00,241200.00
R0003471,I001455-03,LN001455,2025-01-29,2022222.22,218400.00
R0003472,I001456-10,LN001456,2025-01-29,1405555.56,303600.00
R0003473,I001570-06,LN001570,2025-01-29,3533333.33,254400.00
R0003474,I001579-01,LN001579,2025-01-29,983333.34,70800.00
R0003475,I001659-04,LN001659,2025-01-29,1791666.67,258000.00
R0003476,I001695-07,LN001695,2025-01-29,2566666.66,277200.00
R0003477,I001885-04,LN001885,2025-01-29,3333333.33,240000.00
R0003478,I001903-12,LN001903,2025-01-29,2133333.33,307200.00
R0003479,I000201-04,LN000201,2025-01-30,744444.45,80400.00
R0003480,I000248-09,LN000248,2025-01-30,1877777.77,202800.00
R0003481,I000327-06,LN000327,2025-01-30,883333.33,127200.00
R0003482,I000533-09,LN000533,2025-01-30,136666.66,19680.00
R0003483,I000544-01,LN000544,2025-01-30,2408333.34,346800.00
R0003484,I000704-06,LN000704,2025-01-30,1716666.67,247200.00
R0003485,I000719-03,LN000719,2025-01-30,2333333.34,336000.00
R0003486,I000721-06,LN000721,2025-01-30,500000.00,108000.00
R0003487,I000737-09,LN000737,2025-01-30,1288888.89,278400.00
R0003488,I000768-01,LN000768,2025-01-30,894444.44,96600.00
R0003489,I000802-09,LN000802,2025-01-30,2788888.88,301200.00
R0003490,I001098-03,LN001098,2025-01-30,577777.78,124800.00
R0003491,I001376-07,LN001376,2025-01-30,2425000.00,349200.00
R0003492,I001504-05,LN001504,2025-01-30,1283333.33,184800.00
R0003493,I001612-07,LN001612,2025-01-30,2425000.00,349200.00
R0003494,I001794-01,LN001794,2025-01-30,683333.34,49200.00
R0003495,I001830-10,LN001830,2025-01-30,161111.11,34800.00
R0003496,I001012-01,LN001012,2025-01-31,872222.23,188400.00
R0003497,I001062-01,LN001062,2025-01-31,383333.34,27600.00
R0003498,I001148-01,LN001148,2025-01-31,191666.67,27600.00
R0003499,I001449-11,LN001449,2025-01-31,341666.66,49200.00
R0003500,I001596-11,LN001596,2025-01-31,195555.55,42240.00
R0003501,I001726-05,LN001726,2025-01-31,416666.67,60000.00
R0003502,I001940-04,LN001940,2025-01-31,1122222.23,242400.00
R0003503,I000323-04,LN000323,2025-02-01,916666.67,132000.00
R0003504,I000456-01,LN000456,2025-02-01,509166.67,36660.00
R0003505,I000503-04,LN000503,2025-02-01,2250000.00,162000.00
R0003506,I000633-08,LN000633,2025-02-01,675000.00,97200.00
R0003507,I000709-11,LN000709,2025-02-01,150000.00,21600.00
R0003508,I000728-04,LN000728,2025-02-01,516666.67,111600.00
R0003509,I000786-01,LN000786,2025-02-01,3200000.00,345600.00
R0003510,I000837-02,LN000837,2025-02-01,433333.34,62400.00
R0003511,I001237-13,LN001237,2025-02-01,1533333.33,331200.00
R0003512,I001355-01,LN001355,2025-02-01,233333.34,33600.00
R0003513,I001357-07,LN001357,2025-02-01,1327777.77,143400.00
R0003514,I001414-06,LN001414,2025-02-01,108333.33,15600.00
R0003515,I001737-13,LN001737,2025-02-01,527777.78,114000.00
R0003516,I001826-01,LN001826,2025-02-01,2533333.34,273600.00
R0003517,I001851-05,LN001851,2025-02-01,977777.78,105600.00
R0003518,I000128-05,LN000128,2025-02-02,2391666.67,344400.00
R0003519,I000219-09,LN000219,2025-02-02,1900000.00,273600.00
R0003520,I000237-07,LN000237,2025-02-02,1400000.00,302400.00
R0003521,I000270-06,LN000270,2025-02-02,766666.67,110400.00
R0003522,I000325-06,LN000325,2025-02-02,1566666.66,112800.00
R0003523,I000645-03,LN000645,2025-02-02,2950000.00,212400.00
R0003524,I000740-04,LN000740,2025-02-02,1813333.33,130560.00
R0003525,I000883-04,LN000883,2025-02-02,1966666.67,283200.00
R0003526,I000911-06,LN000911,2025-02-02,658333.33,94800.00
R0003527,I001045-09,LN001045,2025-02-02,166666.66,24000.00
R0003528,I001170-03,LN001170,2025-02-02,4266666.66,153600.00
R0003529,I001186-10,LN001186,2025-02-02,1077777.78,232800.00
R0003530,I001280-09,LN001280,2025-02-02,566666.66,81600.00
R0003531,I001291-06,LN001291,2025-02-02,2466666.67,355200.00
R0003532,I001438-12,LN001438,2025-02-02,1305555.55,282000.00
R0003533,I001552-07,LN001552,2025-02-02,466666.66,50400.00
R0003534,I001770-03,LN001770,2025-02-02,733333.33,26400.00
R0003535,I001787-01,LN001787,2025-02-02,3750000.00,270000.00
R0003536,I001992-03,LN001992,2025-02-02,1275000.00,183600.00
R0003537,I000040-08,LN000040,2025-02-03,1625000.00,234000.00
R0003538,I000241-06,LN000241,2025-02-03,191666.66,41400.00
R0003539,I000674-01,LN000674,2025-02-03,425000.00,61200.00
R0003540,I000896-03,LN000896,2025-02-03,833333.34,90000.00
R0003541,I001491-03,LN001491,2025-02-03,800000.00,115200.00
R0003542,I001537-06,LN001537,2025-02-03,125000.00,18000.00
R0003543,I001590-10,LN001590,2025-02-03,1127777.78,243600.00
R0003544,I001780-07,LN001780,2025-02-03,600000.00,64800.00
R0003545,I001800-04,LN001800,2025-02-03,3416666.67,246000.00
R0003546,I001951-03,LN001951,2025-02-03,1216666.67,175200.00
R0003547,I001964-06,LN001964,2025-02-03,3500000.00,252000.00
R0003548,I000072-01,LN000072,2025-02-04,1300000.00,280800.00
R0003549,I000209-06,LN000209,2025-02-04,700000.00,50400.00
R0003550,I000654-04,LN000654,2025-02-04,683333.33,49200.00
R0003551,I000822-06,LN000822,2025-02-04,1500000.00,216000.00
R0003552,I000907-01,LN000907,2025-02-04,4383333.34,315600.00
R0003553,I000952-05,LN000952,2025-02-04,1072222.22,231600.00
R0003554,I001069-02,LN001069,2025-02-04,1405555.56,303600.00
R0003555,I001123-04,LN001123,2025-02-04,2511111.11,271200.00
R0003556,I001130-12,LN001130,2025-02-04,1825000.00,262800.00
R0003557,I001184-01,LN001184,2025-02-04,304166.67,43800.00
R0003558,I001194-01,LN001194,2025-02-04,3177777.78,343200.00
R0003559,I001216-02,LN001216,2025-02-04,2066666.67,297600.00
R0003560,I001443-09,LN001443,2025-02-04,1366666.66,147600.00
R0003561,I001596-09,LN001596,2025-02-04,488888.89,105600.00
R0003562,I001602-03,LN001602,2025-02-04,2888888.89,312000.00
R0003563,I001720-10,LN001720,2025-02-04,1516666.66,218400.00
R0003564,I001894-12,LN001894,2025-02-04,1050000.00,226800.00
R0003565,I000141-02,LN000141,2025-02-05,1841666.67,265200.00
R0003566,I000285-02,LN000285,2025-02-05,958333.34,138000.00
R0003567,I000310-02,LN000310,2025-02-05,2400000.00,345600.00
R0003568,I000988-05,LN000988,2025-02-05,1725000.00,248400.00
R0003569,I001075-09,LN001075,2025-02-05,888888.89,192000.00
R0003570,I001221-09,LN001221,2025-02-05,850000.00,183600.00
R0003571,I001301-07,LN001301,2025-02-05,633333.33,91200.00
R0003572,I001402-06,LN001402,2025-02-05,1283333.33,92400.00
R0003573,I001577-04,LN001577,2025-02-05,944444.44,102000.00
R0003574,I001589-03,LN001589,2025-02-05,1294444.45,279600.00
R0003575,I001721-05,LN001721,2025-02-05,1250000.00,180000.00
R0003576,I001921-01,LN001921,2025-02-05,2616666.67,188400.00
R0003577,I001954-08,LN001954,2025-02-05,1800000.00,259200.00
R0003578,I000088-04,LN000088,2025-02-06,742083.33,106860.00
R0003579,I000149-06,LN000149,2025-02-06,900000.00,129600.00
R0003580,I000180-06,LN000180,2025-02-06,666666.67,72000.00
R0003581,I000498-08,LN000498,2025-02-06,1141666.67,164400.00
R0003582,I000592-05,LN000592,2025-02-06,516666.67,74400.00
R0003583,I000600-05,LN000600,2025-02-06,2466666.67,355200.00
R0003584,I000948-03,LN000948,2025-02-06,4283333.33,308400.00
R0003585,I001311-02,LN001311,2025-02-06,2544444.45,274800.00
R0003586,I001326-03,LN001326,2025-02-06,3033333.33,218400.00
R0003587,I001577-05,LN001577,2025-02-06,1888888.89,204000.00
R0003588,I001743-06,LN001743,2025-02-06,3650000.00,262800.00
R0003589,I001758-02,LN001758,2025-02-06,1116666.67,160800.00
R0003590,I001860-02,LN001860,2025-02-06,1366666.67,196800.00
R0003591,I000026-06,LN000026,2025-02-07,977777.78,211200.00
R0003592,I000213-11,LN000213,2025-02-07,755555.55,163200.00
R0003593,I000326-03,LN000326,2025-02-07,1388888.89,150000.00
R0003594,I000356-09,LN000356,2025-02-07,1825000.00,262800.00
R0003595,I000468-08,LN000468,2025-02-07,2766666.66,298800.00
R0003596,I000523-05,LN000523,2025-02-07,2722222.22,294000.00
R0003597,I000766-11,LN000766,2025-02-07,666666.66,96000.00
R0003598,I000961-06,LN000961,2025-02-07,1475000.00,212400.00
R0003599,I001027-10,LN001027,2025-02-07,400000.00,57600.00
R0003600,I001303-09,LN001303,2025-02-07,361111.11,78000.00
R0003601,I001316-01,LN001316,2025-02-07,3016666.67,217200.00
R0003602,I001417-05,LN001417,2025-02-07,3566666.66,256800.00
R0003603,I001818-05,LN001818,2025-02-07,2911111.11,314400.00
R0003604,I001873-01,LN001873,2025-02-07,2933333.34,211200.00
R0003605,I000376-02,LN000376,2025-02-08,1711111.11,184800.00
R0003606,I000531-05,LN000531,2025-02-08,525000.00,75600.00
R0003607,I000720-12,LN000720,2025-02-08,991666.66,142800.00
R0003608,I000754-01,LN000754,2025-02-08,2122222.23,229200.00
R0003609,I000775-12,LN000775,2025-02-08,1208333.33,174000.00
R0003610,I000836-03,LN000836,2025-02-08,660000.00,95040.00
R0003611,I000859-08,LN000859,2025-02-08,266666.66,28800.00
R0003612,I001003-12,LN001003,2025-02-08,558333.33,80400.00
R0003613,I001042-10,LN001042,2025-02-08,1516666.67,327600.00
R0003614,I001114-09,LN001114,2025-02-08,1091666.66,157200.00
R0003615,I001131-01,LN001131,2025-02-08,966666.67,139200.00
R0003616,I001282-04,LN001282,2025-02-08,1150000.00,82800.00
R0003617,I001342-08,LN001342,2025-02-08,208333.33,30000.00
R0003618,I001461-11,LN001461,2025-02-08,100000.00,21600.00
R0003619,I001475-03,LN001475,2025-02-08,1466666.67,158400.00
R0003620,I001502-01,LN001502,2025-02-08,3133333.34,338400.00
R0003621,I001503-10,LN001503,2025-02-08,1650000.00,237600.00
R0003622,I001519-06,LN001519,2025-02-08,2433333.33,350400.00
R0003623,I001521-06,LN001521,2025-02-08,1921111.10,207480.00
R0003624,I001682-03,LN001682,2025-02-08,2216666.67,159600.00
R0003625,I001960-08,LN001960,2025-02-08,2191666.67,315600.00
R0003626,I000524-03,LN000524,2025-02-09,1050000.00,151200.00
R0003627,I000533-10,LN000533,2025-02-09,341666.66,49200.00
R0003628,I001253-04,LN001253,2025-02-09,244444.45,52800.00
R0003629,I001279-08,LN001279,2025-02-09,688888.89,148800.00
R0003630,I001374-06,LN001374,2025-02-09,888888.89,192000.00
R0003631,I001482-10,LN001482,2025-02-09,1233333.33,177600.00
R0003632,I001677-04,LN001677,2025-02-09,2650000.00,190800.00
R0003633,I001692-02,LN001692,2025-02-09,2783333.34,200400.00
R0003634,I001922-01,LN001922,2025-02-09,800000.00,86400.00
R0003635,I001937-05,LN001937,2025-02-09,1383333.33,199200.00
R0003636,I001965-03,LN001965,2025-02-09,1566666.67,225600.00
R0003637,I000005-03,LN000005,2025-02-10,300000.00,64800.00
R0003638,I000181-04,LN000181,2025-02-10,1561111.11,337200.00
R0003639,I000430-06,LN000430,2025-02-10,227500.00,32760.00
R0003640,I000447-12,LN000447,2025-02-10,2108333.33,303600.00
R0003641,I000489-02,LN000489,2025-02-10,191666.67,27600.00
R0003642,I000752-04,LN000752,2025-02-10,406944.44,87900.00
R0003643,I000836-05,LN000836,2025-02-10,206250.00,29700.00
R0003644,I001080-10,LN001080,2025-02-10,716666.66,103200.00
R0003645,I001145-04,LN001145,2025-02-10,600000.00,86400.00
R0003646,I001276-01,LN001276,2025-02-10,1625000.00,234000.00
R0003647,I001360-08,LN001360,2025-02-10,1000000.00,216000.00
R0003648,I001669-05,LN001669,2025-02-10,600000.00,86400.00
R0003649,I001805-07,LN001805,2025-02-10,3122222.22,337200.00
R0003650,I001813-05,LN001813,2025-02-10,988888.89,106800.00
R0003651,I001993-10,LN001993,2025-02-10,1533333.33,220800.00
R0003652,I000060-02,LN000060,2025-02-11,950000.00,68400.00
R0003653,I000239-01,LN000239,2025-02-11,350000.00,25200.00
R0003654,I000466-03,LN000466,2025-02-11,3100000.00,111600.00
R0003655,I000541-07,LN000541,2025-02-11,461111.11,99600.00
R0003656,I000716-06,LN000716,2025-02-11,2683333.33,193200.00
R0003657,I000792-03,LN000792,2025-02-11,1941666.67,279600.00
R0003658,I000950-02,LN000950,2025-02-11,1525000.00,219600.00
R0003659,I001033-06,LN001033,2025-02-11,1700000.00,244800.00
R0003660,I001049-03,LN001049,2025-02-11,2577777.78,278400.00
R0003661,I001255-02,LN001255,2025-02-11,1933333.34,139200.00
R0003662,I001278-01,LN001278,2025-02-11,2108333.34,303600.00
R0003663,I001290-04,LN001290,2025-02-11,1933333.33,139200.00
R0003664,I001626-03,LN001626,2025-02-11,1800000.00,129600.00
R0003665,I000053-02,LN000053,2025-02-12,933333.34,67200.00
R0003666,I000120-06,LN000120,2025-02-12,1133333.33,122400.00
R0003667,I000192-10,LN000192,2025-02-12,1766666.66,254400.00
R0003668,I000257-01,LN000257,2025-02-12,2650000.00,190800.00
R0003669,I000258-09,LN000258,2025-02-12,2811111.11,303600.00
R0003670,I000269-03,LN000269,2025-02-12,1733333.34,249600.00
R0003671,I000433-11,LN000433,2025-02-12,977777.78,211200.00
R0003672,I000917-11,LN000917,2025-02-12,1027777.78,222000.00
R0003673,I000920-07,LN000920,2025-02-12,675000.00,97200.00
R0003674,I001081-04,LN001081,2025-02-12,3666666.67,264000.00
R0003675,I001414-08,LN001414,2025-02-12,216666.67,31200.00
R0003676,I001561-01,LN001561,2025-02-12,683333.34,49200.00
R0003677,I001827-06,LN001827,2025-02-12,1405555.56,303600.00
R0003678,I001840-03,LN001840,2025-02-12,4183333.33,301200.00
R0003679,I001941-12,LN001941,2025-02-12,1750000.00,252000.00
R0003680,I001997-02,LN001997,2025-02-12,1025000.00,147600.00
R0003681,I000409-03,LN000409,2025-02-13,1975000.00,284400.00
R0003682,I000633-07,LN000633,2025-02-13,675000.00,97200.00
R0003683,I000669-07,LN000669,2025-02-13,1691666.67,243600.00
R0003684,I000719-02,LN000719,2025-02-13,2333333.34,336000.00
R0003685,I001046-10,LN001046,2025-02-13,225000.00,32400.00
R0003686,I001277-01,LN001277,2025-02-13,2733333.34,196800.00
R0003687,I001302-03,LN001302,2025-02-13,1000000.00,72000.00
R0003688,I001530-08,LN001530,2025-02-13,3311111.11,357600.00
R0003689,I001563-04,LN001563,2025-02-13,1600000.00,115200.00
R0003690,I001668-05,LN001668,2025-02-13,388888.89,84000.00
R0003691,I001750-07,LN001750,2025-02-13,2083333.33,300000.00
R0003692,I001779-09,LN001779,2025-02-13,338888.88,36600.00
R0003693,I000050-05,LN000050,2025-02-14,1258333.33,181200.00
R0003694,I000069-04,LN000069,2025-02-14,106666.66,15360.00
R0003695,I000130-01,LN000130,2025-02-14,3316666.67,238800.00
R0003696,I000931-06,LN000931,2025-02-14,2033333.33,219600.00
R0003697,I001096-05,LN001096,2025-02-14,608333.33,87600.00
R0003698,I001169-01,LN001169,2025-02-14,3750000.00,270000.00
R0003699,I001540-06,LN001540,2025-02-14,727777.78,157200.00
R0003700,I001630-12,LN001630,2025-02-14,1072222.22,231600.00
R0003701,I001710-05,LN001710,2025-02-14,158333.33,22800.00
R0003702,I001815-06,LN001815,2025-02-14,1625000.00,234000.00
R0003703,I001931-07,LN001931,2025-02-14,2444444.44,264000.00
R0003704,I000059-06,LN000059,2025-02-15,2400000.00,259200.00
R0003705,I000092-03,LN000092,2025-02-15,1400000.00,151200.00
R0003706,I000110-10,LN000110,2025-02-15,900000.00,129600.00
R0003707,I000174-04,LN000174,2025-02-15,1500000.00,324000.00
R0003708,I000222-11,LN000222,2025-02-15,2208333.33,318000.00
R0003709,I000570-10,LN000570,2025-02-15,1808333.33,260400.00
R0003710,I000691-12,LN000691,2025-02-15,2200000.00,316800.00
R0003711,I000723-02,LN000723,2025-02-15,1508333.34,217200.00
R0003712,I000750-02,LN000750,2025-02-15,741666.67,106800.00
R0003713,I000947-03,LN000947,2025-02-15,4850000.00,349200.00
R0003714,I001094-11,LN001094,2025-02-15,350000.00,50400.00
R0003715,I001326-04,LN001326,2025-02-15,3033333.33,218400.00
R0003716,I001591-04,LN001591,2025-02-15,566666.67,122400.00
R0003717,I001736-01,LN001736,2025-02-15,1041666.67,150000.00
R0003718,I001912-11,LN001912,2025-02-15,2275000.00,327600.00
R0003719,I000012-05,LN000012,2025-02-16,583333.33,84000.00
R0003720,I000164-06,LN000164,2025-02-16,822222.22,177600.00
R0003721,I000326-04,LN000326,2025-02-16,1388888.89,150000.00
R0003722,I000865-08,LN000865,2025-02-16,313333.33,45120.00
R0003723,I000917-12,LN000917,2025-02-16,1027777.78,222000.00
R0003724,I000988-06,LN000988,2025-02-16,1725000.00,248400.00
R0003725,I001014-09,LN001014,2025-02-16,1208333.33,174000.00
R0003726,I001020-08,LN001020,2025-02-16,517777.78,111840.00
R0003727,I001098-01,LN001098,2025-02-16,577777.78,124800.00
R0003728,I001124-12,LN001124,2025-02-16,266666.66,38400.00
R0003729,I001181-01,LN001181,2025-02-16,600000.00,86400.00
R0003730,I001188-03,LN001188,2025-02-16,858333.34,123600.00
R0003731,I001238-10,LN001238,2025-02-16,2100000.00,302400.00
R0003732,I001412-03,LN001412,2025-02-16,4600000.00,331200.00
R0003733,I001536-09,LN001536,2025-02-16,222222.22,24000.00
R0003734,I001567-06,LN001567,2025-02-16,1383333.33,99600.00
R0003735,I001596-12,LN001596,2025-02-16,488888.89,105600.00
R0003736,I001642-01,LN001642,2025-02-16,450000.00,97200.00
R0003737,I001711-12,LN001711,2025-02-16,1566666.66,225600.00
R0003738,I001807-07,LN001807,2025-02-16,433333.33,62400.00
R0003739,I000177-06,LN000177,2025-02-17,213888.89,46200.00
R0003740,I000228-01,LN000228,2025-02-17,1172222.23,253200.00
R0003741,I000279-05,LN000279,2025-02-17,1622222.22,175200.00
R0003742,I000420-07,LN000420,2025-02-17,2408333.33,346800.00
R0003743,I000444-06,LN000444,2025-02-17,2516666.66,181200.00
R0003744,I000463-01,LN000463,2025-02-17,5966666.67,214800.00
R0003745,I000630-04,LN000630,2025-02-17,2666666.67,192000.00
R0003746,I000941-11,LN000941,2025-02-17,2058333.33,296400.00
R0003747,I001062-02,LN001062,2025-02-17,383333.34,27600.00
R0003748,I001129-09,LN001129,2025-02-17,255555.55,27600.00
R0003749,I001345-12,LN001345,2025-02-17,1083333.33,234000.00
R0003750,I001399-12,LN001399,2025-02-17,1408333.33,202800.00
R0003751,I001919-11,LN001919,2025-02-17,1261111.11,272400.00
R0003752,I001980-08,LN001980,2025-02-17,1250000.00,270000.00
R0003753,I000208-04,LN000208,2025-02-18,675000.00,97200.00
R0003754,I000276-10,LN000276,2025-02-18,2041666.66,294000.00
R0003755,I000481-03,LN000481,2025-02-18,1658333.34,238800.00
R0003756,I000517-06,LN000517,2025-02-18,491666.67,70800.00
R0003757,I000541-10,LN000541,2025-02-18,461111.11,99600.00
R0003758,I000628-07,LN000628,2025-02-18,1116666.67,160800.00
R0003759,I000636-05,LN000636,2025-02-18,2100000.00,151200.00
R0003760,I000642-06,LN000642,2025-02-18,1100000.00,158400.00
R0003761,I000648-05,LN000648,2025-02-18,550000.00,118800.00
R0003762,I000753-04,LN000753,2025-02-18,3766666.67,271200.00
R0003763,I000773-04,LN000773,2025-02-18,1100000.00,158400.00
R0003764,I000800-03,LN000800,2025-02-18,511111.11,110400.00
R0003765,I000865-10,LN000865,2025-02-18,783333.33,112800.00
R0003766,I000943-05,LN000943,2025-02-18,4683333.33,337200.00
R0003767,I001024-06,LN001024,2025-02-18,2241666.67,322800.00
R0003768,I001092-04,LN001092,2025-02-18,850000.00,122400.00
R0003769,I001158-03,LN001158,2025-02-18,4033333.33,290400.00
R0003770,I001303-10,LN001303,2025-02-18,361111.11,78000.00
R0003771,I001434-01,LN001434,2025-02-18,3933333.34,283200.00
R0003772,I001484-08,LN001484,2025-02-18,1973333.33,284160.00
R0003773,I001504-03,LN001504,2025-02-18,1283333.34,184800.00
R0003774,I001692-03,LN001692,2025-02-18,2783333.33,200400.00
R0003775,I001697-08,LN001697,2025-02-18,2011111.11,217200.00
R0003776,I001743-05,LN001743,2025-02-18,3650000.00,262800.00
R0003777,I001758-01,LN001758,2025-02-18,1116666.67,160800.00
R0003778,I001762-01,LN001762,2025-02-18,280000.00,60480.00
R0003779,I001896-06,LN001896,2025-02-18,2444444.44,264000.00
R0003780,I001988-03,LN001988,2025-02-18,2866666.67,206400.00
R0003781,I000175-10,LN000175,2025-02-19,1225000.00,176400.00
R0003782,I000202-05,LN000202,2025-02-19,2783333.33,200400.00
R0003783,I000264-04,LN000264,2025-02-19,1200000.00,172800.00
R0003784,I000295-01,LN000295,2025-02-19,516666.67,74400.00
R0003785,I000430-05,LN000430,2025-02-19,350000.00,50400.00
R0003786,I000453-13,LN000453,2025-02-19,1005555.55,217200.00
R0003787,I000465-07,LN000465,2025-02-19,811111.11,87600.00
R0003788,I000474-05,LN000474,2025-02-19,833333.33,90000.00
R0003789,I000556-06,LN000556,2025-02-19,1322222.22,285600.00
R0003790,I001053-05,LN001053,2025-02-19,146666.67,31680.00
R0003791,I001145-05,LN001145,2025-02-19,600000.00,86400.00
R0003792,I001150-06,LN001150,2025-02-19,2450000.00,176400.00
R0003793,I001199-05,LN001199,2025-02-19,2400000.00,345600.00
R0003794,I001339-09,LN001339,2025-02-19,2450000.00,352800.00
R0003795,I001349-04,LN001349,2025-02-19,977777.78,211200.00
R0003796,I001406-05,LN001406,2025-02-19,3900000.00,280800.00
R0003797,I001457-03,LN001457,2025-02-19,316666.67,45600.00
R0003798,I001476-07,LN001476,2025-02-19,1983333.33,285600.00
R0003799,I001486-10,LN001486,2025-02-19,394444.44,85200.00
R0003800,I001525-05,LN001525,2025-02-19,266666.67,28800.00
R0003801,I001960-09,LN001960,2025-02-19,2191666.66,315600.00
R0003802,I000134-07,LN000134,2025-02-20,124583.33,17940.00
R0003803,I000242-03,LN000242,2025-02-20,1766666.67,254400.00
R0003804,I000522-03,LN000522,2025-02-20,4783333.33,344400.00
R0003805,I000598-05,LN000598,2025-02-20,1916666.67,276000.00
R0003806,I000641-12,LN000641,2025-02-20,2050000.00,295200.00
R0003807,I000682-02,LN000682,2025-02-20,766666.67,82800.00
R0003808,I000693-09,LN000693,2025-02-20,572222.22,123600.00
R0003809,I000775-11,LN000775,2025-02-20,1208333.33,174000.00
R0003810,I000819-03,LN000819,2025-02-20,991666.67,142800.00
R0003811,I000872-08,LN000872,2025-02-20,2888888.89,312000.00
R0003812,I000919-03,LN000919,2025-02-20,8433333.33,303600.00
R0003813,I000933-04,LN000933,2025-02-20,3150000.00,226800.00
R0003814,I001063-06,LN001063,2025-02-20,2666666.67,288000.00
R0003815,I001065-01,LN001065,2025-02-20,466666.67,50400.00
R0003816,I001137-03,LN001137,2025-02-20,400000.00,28800.00
R0003817,I001389-07,LN001389,2025-02-20,855555.55,92400.00
R0003818,I001485-09,LN001485,2025-02-20,1000000.00,144000.00
R0003819,I001503-09,LN001503,2025-02-20,1650000.00,237600.00
R0003820,I001755-02,LN001755,2025-02-20,2350000.00,169200.00
R0003821,I001807-08,LN001807,2025-02-20,433333.33,62400.00
R0003822,I001906-01,LN001906,2025-02-20,1433333.34,51600.00
R0003823,I001937-06,LN001937,2025-02-20,1383333.33,199200.00
R0003824,I000009-08,LN000009,2025-02-21,1866666.66,201600.00
R0003825,I000084-06,LN000084,2025-02-21,294444.45,63600.00
R0003826,I000203-01,LN000203,2025-02-21,1733333.34,62400.00
R0003827,I000397-05,LN000397,2025-02-21,483333.34,104400.00
R0003828,I000504-03,LN000504,2025-02-21,551111.11,59520.00
R0003829,I000845-08,LN000845,2025-02-21,675000.00,97200.00
R0003830,I000907-03,LN000907,2025-02-21,4383333.33,315600.00
R0003831,I001053-07,LN001053,2025-02-21,183333.33,39600.00
R0003832,I001250-12,LN001250,2025-02-21,1311111.11,283200.00
R0003833,I001439-07,LN001439,2025-02-21,1175000.00,169200.00
R0003834,I001473-06,LN001473,2025-02-21,1666666.67,240000.00
R0003835,I000122-03,LN000122,2025-02-22,7100000.00,255600.00
R0003836,I000129-08,LN000129,2025-02-22,2322222.22,250800.00
R0003837,I000476-11,LN000476,2025-02-22,1133333.33,244800.00
R0003838,I000646-03,LN000646,2025-02-22,1505555.56,325200.00
R0003839,I000901-07,LN000901,2025-02-22,725000.00,104400.00
R0003840,I001057-05,LN001057,2025-02-22,2416666.66,174000.00
R0003841,I001135-03,LN001135,2025-02-22,1558333.34,224400.00
R0003842,I001143-01,LN001143,2025-02-22,2333333.33,168000.00
R0003843,I001149-09,LN001149,2025-02-22,1558333.33,224400.00
R0003844,I001213-06,LN001213,2025-02-22,4116666.66,296400.00
R0003845,I001234-09,LN001234,2025-02-22,591666.66,85200.00
R0003846,I001256-09,LN001256,2025-02-22,633333.33,91200.00
R0003847,I001526-06,LN001526,2025-02-22,1316666.67,189600.00
R0003848,I001571-02,LN001571,2025-02-22,3144444.45,339600.00
R0003849,I001589-05,LN001589,2025-02-22,1294444.45,279600.00
R0003850,I001594-01,LN001594,2025-02-22,1183333.33,85200.00
R0003851,I000095-03,LN000095,2025-02-23,233333.34,50400.00
R0003852,I000106-11,LN000106,2025-02-23,105555.55,22800.00
R0003853,I000134-08,LN000134,2025-02-23,191666.67,27600.00
R0003854,I000162-12,LN000162,2025-02-23,1288888.89,278400.00
R0003855,I000175-11,LN000175,2025-02-23,1225000.00,176400.00
R0003856,I000192-11,LN000192,2025-02-23,1766666.66,254400.00
R0003857,I000314-02,LN000314,2025-02-23,7566666.67,272400.00
R0003858,I000327-07,LN000327,2025-02-23,883333.33,127200.00
R0003859,I000375-02,LN000375,2025-02-23,1450000.00,208800.00
R0003860,I000393-04,LN000393,2025-02-23,1550000.00,111600.00
R0003861,I000902-11,LN000902,2025-02-23,358333.33,51600.00
R0003862,I000958-03,LN000958,2025-02-23,3516666.67,253200.00
R0003863,I001040-01,LN001040,2025-02-23,2144444.45,231600.00
R0003864,I001070-03,LN001070,2025-02-23,941666.67,135600.00
R0003865,I001099-03,LN001099,2025-02-23,1011111.11,109200.00
R0003866,I001136-02,LN001136,2025-02-23,1666666.67,240000.00
R0003867,I001187-09,LN001187,2025-02-23,2400000.00,345600.00
R0003868,I001308-01,LN001308,2025-02-23,2241666.67,322800.00
R0003869,I001317-02,LN001317,2025-02-23,8400000.00,302400.00
R0003870,I001376-08,LN001376,2025-02-23,1576250.00,226980.00
R0003871,I001386-07,LN001386,2025-02-23,1311111.11,141600.00
R0003872,I001449-12,LN001449,2025-02-23,341666.66,49200.00
R0003873,I001733-04,LN001733,2025-02-23,161111.11,34800.00
R0003874,I001853-03,LN001853,2025-02-23,2175000.00,313200.00
R0003875,I001932-07,LN001932,2025-02-23,958333.33,138000.00
R0003876,I000274-05,LN000274,2025-02-24,3211111.11,346800.00
R0003877,I000302-09,LN000302,2025-02-24,600000.00,64800.00
R0003878,I000361-08,LN000361,2025-02-24,1900000.00,273600.00
R0003879,I000429-03,LN000429,2025-02-24,2016666.67,145200.00
R0003880,I000514-05,LN000514,2025-02-24,1675000.00,241200.00
R0003881,I000543-08,LN000543,2025-02-24,260000.00,37440.00
R0003882,I000709-12,LN000709,2025-02-24,150000.00,21600.00
R0003883,I000742-01,LN000742,2025-02-24,2400000.00,259200.00
R0003884,I001015-01,LN001015,2025-02-24,4766666.67,171600.00
R0003885,I001064-01,LN001064,2025-02-24,2400000.00,345600.00
R0003886,I001383-04,LN001383,2025-02-24,766666.67,110400.00
R0003887,I001551-02,LN001551,2025-02-24,3966666.67,285600.00
R0003888,I001591-05,LN001591,2025-02-24,566666.67,122400.00
R0003889,I001668-06,LN001668,2025-02-24,388888.89,84000.00
R0003890,I001695-09,LN001695,2025-02-24,2566666.66,277200.00
R0003891,I001918-03,LN001918,2025-02-24,2375000.00,342000.00
R0003892,I001945-10,LN001945,2025-02-24,316666.66,45600.00
R0003893,I000040-09,LN000040,2025-02-25,1625000.00,234000.00
R0003894,I000208-03,LN000208,2025-02-25,540000.00,77760.00
R0003895,I000219-10,LN000219,2025-02-25,1900000.00,273600.00
R0003896,I000303-06,LN000303,2025-02-25,741666.67,106800.00
R0003897,I000374-04,LN000374,2025-02-25,1241666.67,178800.00
R0003898,I000487-06,LN000487,2025-02-25,158333.33,22800.00
R0003899,I000810-06,LN000810,2025-02-25,326666.66,23520.00
R0003900,I000934-11,LN000934,2025-02-25,783333.33,112800.00
R0003901,I001096-06,LN001096,2025-02-25,608333.33,87600.00
R0003902,I001216-05,LN001216,2025-02-25,2066666.67,297600.00
R0003903,I001230-04,LN001230,2025-02-25,958333.33,138000.00
R0003904,I001322-01,LN001322,2025-02-25,916666.67,132000.00
R0003905,I001328-04,LN001328,2025-02-25,550000.00,118800.00
R0003906,I001355-02,LN001355,2025-02-25,233333.34,33600.00
R0003907,I001439-06,LN001439,2025-02-25,940000.00,135360.00
R0003908,I001482-08,LN001482,2025-02-25,1233333.33,177600.00
R0003909,I001626-02,LN001626,2025-02-25,1800000.00,129600.00
R0003910,I001748-06,LN001748,2025-02-25,2155555.55,232800.00
R0003911,I001797-04,LN001797,2025-02-25,444444.45,96000.00
R0003912,I001966-08,LN001966,2025-02-25,800000.00,115200.00
R0003913,I001999-01,LN001999,2025-02-25,1600000.00,345600.00
R0003914,I000250-09,LN000250,2025-02-26,711111.11,153600.00
R0003915,I000293-05,LN000293,2025-02-26,1100000.00,237600.00
R0003916,I000415-10,LN000415,2025-02-26,616666.67,133200.00
R0003917,I000452-03,LN000452,2025-02-26,458333.34,66000.00
R0003918,I000498-07,LN000498,2025-02-26,456666.66,65760.00
R0003919,I000573-05,LN000573,2025-02-26,1583333.34,342000.00
R0003920,I000689-01,LN000689,2025-02-26,3133333.34,338400.00
R0003921,I000711-02,LN000711,2025-02-26,2655555.56,286800.00
R0003922,I000725-13,LN000725,2025-02-26,484444.44,104640.00
R0003923,I001151-02,LN001151,2025-02-26,516666.67,74400.00
R0003924,I001153-06,LN001153,2025-02-26,583333.33,84000.00
R0003925,I001202-08,LN001202,2025-02-26,1250000.00,180000.00
R0003926,I001284-06,LN001284,2025-02-26,3950000.00,284400.00
R0003927,I001351-09,LN001351,2025-02-26,1283333.33,184800.00
R0003928,I001357-08,LN001357,2025-02-26,2655555.55,286800.00
R0003929,I001582-11,LN001582,2025-02-26,1983333.33,285600.00
R0003930,I001644-08,LN001644,2025-02-26,733333.33,105600.00
R0003931,I001677-06,LN001677,2025-02-26,2650000.00,190800.00
R0003932,I001679-08,LN001679,2025-02-26,541666.66,78000.00
R0003933,I001751-12,LN001751,2025-02-26,1533333.33,220800.00
R0003934,I001919-12,LN001919,2025-02-26,1261111.11,272400.00
R0003935,I001992-04,LN001992,2025-02-26,1275000.00,183600.00
R0003936,I000102-06,LN000102,2025-02-27,4250000.00,306000.00
R0003937,I000205-03,LN000205,2025-02-27,1825000.00,262800.00
R0003938,I000208-05,LN000208,2025-02-27,675000.00,97200.00
R0003939,I000276-11,LN000276,2025-02-27,2041666.66,294000.00
R0003940,I000353-09,LN000353,2025-02-27,2141666.66,308400.00
R0003941,I000454-06,LN000454,2025-02-27,1744444.44,188400.00
R0003942,I000456-02,LN000456,2025-02-27,783333.34,56400.00
R0003943,I000505-05,LN000505,2025-02-27,3016666.66,217200.00
R0003944,I000553-07,LN000553,2025-02-27,1991666.67,286800.00
R0003945,I000573-06,LN000573,2025-02-27,1583333.34,342000.00
R0003946,I000623-11,LN000623,2025-02-27,2233333.33,321600.00
R0003947,I000654-05,LN000654,2025-02-27,683333.33,49200.00
R0003948,I000672-08,LN000672,2025-02-27,216666.67,31200.00
R0003949,I000935-11,LN000935,2025-02-27,2033333.33,292800.00
R0003950,I001022-01,LN001022,2025-02-27,3000000.00,216000.00
R0003951,I001048-03,LN001048,2025-02-27,800000.00,86400.00
R0003952,I001302-04,LN001302,2025-02-27,1000000.00,72000.00
R0003953,I001455-04,LN001455,2025-02-27,2022222.22,218400.00
R0003954,I001678-05,LN001678,2025-02-27,2208333.33,318000.00
R0003955,I001933-02,LN001933,2025-02-27,2588888.89,279600.00
R0003956,I001951-04,LN001951,2025-02-27,1216666.67,175200.00
R0003957,I000009-09,LN000009,2025-02-28,1866666.66,201600.00
R0003958,I000034-09,LN000034,2025-02-28,3188888.88,344400.00
R0003959,I000067-06,LN000067,2025-02-28,3866666.66,278400.00
R0003960,I000069-05,LN000069,2025-02-28,266666.67,38400.00
R0003961,I000201-05,LN000201,2025-02-28,744444.44,80400.00
R0003962,I000323-05,LN000323,2025-02-28,916666.67,132000.00
R0003963,I000472-02,LN000472,2025-02-28,1533333.34,110400.00
R0003964,I000533-11,LN000533,2025-02-28,341666.66,49200.00
R0003965,I000633-09,LN000633,2025-02-28,675000.00,97200.00
R0003966,I000700-02,LN000700,2025-02-28,1333333.34,192000.00
R0003967,I000752-05,LN000752,2025-02-28,1627777.78,351600.00
R0003968,I001168-01,LN001168,2025-02-28,3366666.67,242400.00
R0003969,I001184-02,LN001184,2025-02-28,608333.34,87600.00
R0003970,I001290-06,LN001290,2025-02-28,1933333.33,139200.00
R0003971,I001502-02,LN001502,2025-02-28,783333.33,84600.00
R0003972,I001504-06,LN001504,2025-02-28,1283333.33,184800.00
R0003973,I001588-01,LN001588,2025-02-28,483333.34,69600.00
R0003974,I001624-06,LN001624,2025-02-28,1255555.55,135600.00
R0003975,I001705-01,LN001705,2025-02-28,4066666.67,292800.00
R0003976,I001781-01,LN001781,2025-02-28,316666.67,22800.00
R0003977,I001851-06,LN001851,2025-02-28,782222.22,84480.00
R0003978,I001868-07,LN001868,2025-02-28,800000.00,115200.00
R0003979,I001873-02,LN001873,2025-02-28,2933333.34,211200.00
R0003980,I001885-05,LN001885,2025-02-28,3333333.33,240000.00
R0003981,I001910-02,LN001910,2025-02-28,3111111.11,336000.00
R0003982,I001914-12,LN001914,2025-02-28,341666.66,49200.00
R0003983,I001928-05,LN001928,2025-02-28,550000.00,118800.00
R0003984,I000147-10,LN000147,2025-03-01,1050000.00,226800.00
R0003985,I000464-04,LN000464,2025-03-01,544444.45,117600.00
R0003986,I000632-08,LN000632,2025-03-01,1944444.44,210000.00
R0003987,I000715-04,LN000715,2025-03-01,3100000.00,223200.00
R0003988,I000786-02,LN000786,2025-03-01,3200000.00,345600.00
R0003989,I000837-03,LN000837,2025-03-01,433333.34,62400.00
R0003990,I000847-10,LN000847,2025-03-01,2041666.66,294000.00
R0003991,I000936-04,LN000936,2025-03-01,3233333.33,349200.00
R0003992,I000958-04,LN000958,2025-03-01,3516666.67,253200.00
R0003993,I001160-05,LN001160,2025-03-01,4150000.00,298800.00
R0003994,I001247-04,LN001247,2025-03-01,1750000.00,252000.00
R0003995,I001315-05,LN001315,2025-03-01,2016666.66,145200.00
R0003996,I001491-04,LN001491,2025-03-01,800000.00,115200.00
R0003997,I001519-09,LN001519,2025-03-01,2433333.33,350400.00
R0003998,I001598-02,LN001598,2025-03-01,422222.23,45600.00
R0003999,I001670-08,LN001670,2025-03-01,1177777.77,127200.00
R0004000,I001737-14,LN001737,2025-03-01,527777.78,114000.00
R0004001,I001780-08,LN001780,2025-03-01,600000.00,64800.00
R0004002,I001912-10,LN001912,2025-03-01,2275000.00,327600.00
R0004003,I000073-11,LN000073,2025-03-02,2208333.33,318000.00
R0004004,I000128-06,LN000128,2025-03-02,2391666.67,344400.00
R0004005,I000307-07,LN000307,2025-03-02,2900000.00,313200.00
R0004006,I000427-04,LN000427,2025-03-02,3516666.67,253200.00
R0004007,I000481-02,LN000481,2025-03-02,1658333.34,238800.00
R0004008,I000514-06,LN000514,2025-03-02,1675000.00,241200.00
R0004009,I000544-02,LN000544,2025-03-02,2408333.34,346800.00
R0004010,I000583-09,LN000583,2025-03-02,2244444.44,242400.00
R0004011,I000644-09,LN000644,2025-03-02,1933333.33,208800.00
R0004012,I000645-04,LN000645,2025-03-02,2950000.00,212400.00
R0004013,I000702-12,LN000702,2025-03-02,722222.22,156000.00
R0004014,I000719-04,LN000719,2025-03-02,2333333.34,336000.00
R0004015,I000737-10,LN000737,2025-03-02,1288888.89,278400.00
R0004016,I000884-06,LN000884,2025-03-02,4433333.33,319200.00
R0004017,I001027-11,LN001027,2025-03-02,400000.00,57600.00
R0004018,I001280-10,LN001280,2025-03-02,566666.66,81600.00
R0004019,I001397-02,LN001397,2025-03-02,1511111.11,163200.00
R0004020,I001657-06,LN001657,2025-03-02,4633333.33,333600.00
R0004021,I001794-02,LN001794,2025-03-02,683333.34,49200.00
R0004022,I001826-02,LN001826,2025-03-02,2533333.34,273600.00
R0004023,I001866-01,LN001866,2025-03-02,2811111.12,303600.00
R0004024,I001940-05,LN001940,2025-03-02,1122222.22,242400.00
R0004025,I000088-05,LN000088,2025-03-03,1141666.67,164400.00
R0004026,I000613-08,LN000613,2025-03-03,988888.89,106800.00
R0004027,I000657-11,LN000657,2025-03-03,1758333.33,253200.00
R0004028,I000893-07,LN000893,2025-03-03,422222.22,45600.00
R0004029,I000934-12,LN000934,2025-03-03,783333.33,112800.00
R0004030,I000976-04,LN000976,2025-03-03,2632500.00,189540.00
R0004031,I000976-05,LN000976,2025-03-03,4050000.00,291600.00
R0004032,I001019-02,LN001019,2025-03-03,1625000.00,234000.00
R0004033,I001057-03,LN001057,2025-03-03,2416666.67,174000.00
R0004034,I001272-02,LN001272,2025-03-03,3350000.00,241200.00
R0004035,I001276-02,LN001276,2025-03-03,1625000.00,234000.00
R0004036,I001280-08,LN001280,2025-03-03,141666.66,20400.00
R0004037,I001317-03,LN001317,2025-03-03,8400000.00,302400.00
R0004038,I001521-07,LN001521,2025-03-03,2955555.55,319200.00
R0004039,I001537-07,LN001537,2025-03-03,125000.00,18000.00
R0004040,I001797-05,LN001797,2025-03-03,444444.45,96000.00
R0004041,I001966-09,LN001966,2025-03-03,800000.00,115200.00
R0004042,I000177-07,LN000177,2025-03-04,855555.56,184800.00
R0004043,I000524-04,LN000524,2025-03-04,1050000.00,151200.00
R0004044,I000532-01,LN000532,2025-03-04,1308333.34,188400.00
R0004045,I000613-09,LN000613,2025-03-04,988888.88,106800.00
R0004046,I000740-05,LN000740,2025-03-04,2266666.66,163200.00
R0004047,I000822-07,LN000822,2025-03-04,1500000.00,216000.00
R0004048,I000851-05,LN000851,2025-03-04,1222222.22,264000.00
R0004049,I000911-07,LN000911,2025-03-04,658333.33,94800.00
R0004050,I001045-10,LN001045,2025-03-04,166666.66,24000.00
R0004051,I001069-03,LN001069,2025-03-04,1405555.56,303600.00
R0004052,I001073-06,LN001073,2025-03-04,800000.00,115200.00
R0004053,I001123-05,LN001123,2025-03-04,2511111.11,271200.00
R0004054,I001194-02,LN001194,2025-03-04,3177777.78,343200.00
R0004055,I001291-07,LN001291,2025-03-04,2466666.67,355200.00
R0004056,I001552-08,LN001552,2025-03-04,466666.66,50400.00
R0004057,I001602-04,LN001602,2025-03-04,2888888.89,312000.00
R0004058,I001612-08,LN001612,2025-03-04,2425000.00,349200.00
R0004059,I001644-09,LN001644,2025-03-04,733333.33,105600.00
R0004060,I001758-03,LN001758,2025-03-04,1116666.67,160800.00
R0004061,I001787-02,LN001787,2025-03-04,3750000.00,270000.00
R0004062,I001806-01,LN001806,2025-03-04,1133333.34,163200.00
R0004063,I000025-04,LN000025,2025-03-05,4016666.67,289200.00
R0004064,I000209-05,LN000209,2025-03-05,280000.00,20160.00
R0004065,I000420-09,LN000420,2025-03-05,2408333.33,346800.00
R0004066,I000535-03,LN000535,2025-03-05,1283333.33,92400.00
R0004067,I001202-07,LN001202,2025-03-05,1000000.00,144000.00
R0004068,I001301-08,LN001301,2025-03-05,633333.33,91200.00
R0004069,I001417-06,LN001417,2025-03-05,3566666.66,256800.00
R0004070,I001568-01,LN001568,2025-03-05,1441666.67,207600.00
R0004071,I001594-03,LN001594,2025-03-05,2366666.67,170400.00
R0004072,I001678-06,LN001678,2025-03-05,2208333.33,318000.00
R0004073,I001827-07,LN001827,2025-03-05,1405555.56,303600.00
R0004074,I001921-02,LN001921,2025-03-05,2616666.67,188400.00
R0004075,I000032-01,LN000032,2025-03-06,841666.67,121200.00
R0004076,I000241-08,LN000241,2025-03-06,766666.67,165600.00
R0004077,I000504-04,LN000504,2025-03-06,1377777.78,148800.00
R0004078,I000557-05,LN000557,2025-03-06,931666.66,67080.00
R0004079,I000695-08,LN000695,2025-03-06,2011111.11,217200.00
R0004080,I000796-07,LN000796,2025-03-06,1466666.67,316800.00
R0004081,I000951-01,LN000951,2025-03-06,4083333.34,294000.00
R0004082,I001351-10,LN001351,2025-03-06,1283333.33,184800.00
R0004083,I001362-07,LN001362,2025-03-06,3188888.89,344400.00
R0004084,I001437-04,LN001437,2025-03-06,775000.00,55800.00
R0004085,I001503-11,LN001503,2025-03-06,1650000.00,237600.00
R0004086,I001577-06,LN001577,2025-03-06,1888888.89,204000.00
R0004087,I001729-01,LN001729,2025-03-06,3966666.67,285600.00
R0004088,I000055-12,LN000055,2025-03-07,300000.00,43200.00
R0004089,I000285-03,LN000285,2025-03-07,958333.34,138000.00
R0004090,I000314-01,LN000314,2025-03-07,7566666.67,272400.00
R0004091,I000356-10,LN000356,2025-03-07,1825000.00,262800.00
R0004092,I000766-12,LN000766,2025-03-07,666666.66,96000.00
R0004093,I000883-05,LN000883,2025-03-07,1966666.67,283200.00
R0004094,I001012-02,LN001012,2025-03-07,872222.23,188400.00
R0004095,I001316-02,LN001316,2025-03-07,3016666.67,217200.00
R0004096,I001406-03,LN001406,2025-03-07,3900000.00,280800.00
R0004097,I001438-13,LN001438,2025-03-07,1305555.55,282000.00
R0004098,I001509-11,LN001509,2025-03-07,1433333.33,206400.00
R0004099,I001532-08,LN001532,2025-03-07,858333.33,123600.00
R0004100,I001710-06,LN001710,2025-03-07,158333.33,22800.00
R0004101,I001929-04,LN001929,2025-03-07,738888.89,159600.00
R0004102,I000023-01,LN000023,2025-03-08,416666.67,30000.00
R0004103,I000181-05,LN000181,2025-03-08,1561111.11,337200.00
R0004104,I000531-06,LN000531,2025-03-08,525000.00,75600.00
R0004105,I000600-06,LN000600,2025-03-08,2466666.67,355200.00
R0004106,I000625-03,LN000625,2025-03-08,1416666.67,102000.00
R0004107,I000646-04,LN000646,2025-03-08,1505555.56,325200.00
R0004108,I000912-07,LN000912,2025-03-08,886666.66,127680.00
R0004109,I001041-08,LN001041,2025-03-08,933333.33,134400.00
R0004110,I001042-11,LN001042,2025-03-08,1516666.67,327600.00
R0004111,I001131-02,LN001131,2025-03-08,966666.67,139200.00
R0004112,I001177-01,LN001177,2025-03-08,333333.34,48000.00
R0004113,I001282-05,LN001282,2025-03-08,1150000.00,82800.00
R0004114,I001311-03,LN001311,2025-03-08,2544444.45,274800.00
R0004115,I001590-11,LN001590,2025-03-08,1127777.78,243600.00
R0004116,I001679-09,LN001679,2025-03-08,1083333.33,156000.00
R0004117,I000020-10,LN000020,2025-03-09,273333.33,39360.00
R0004118,I000130-02,LN000130,2025-03-09,3316666.67,238800.00
R0004119,I000468-09,LN000468,2025-03-09,2766666.66,298800.00
R0004120,I000498-09,LN000498,2025-03-09,1141666.66,164400.00
R0004121,I000657-12,LN000657,2025-03-09,1758333.33,253200.00
R0004122,I000671-01,LN000671,2025-03-09,1000000.00,108000.00
R0004123,I000704-07,LN000704,2025-03-09,1716666.67,247200.00
R0004124,I000768-02,LN000768,2025-03-09,1788888.89,193200.00
R0004125,I000792-04,LN000792,2025-03-09,1941666.67,279600.00
R0004126,I000859-09,LN000859,2025-03-09,266666.66,28800.00
R0004127,I000960-04,LN000960,2025-03-09,1650000.00,237600.00
R0004128,I001089-05,LN001089,2025-03-09,2466666.67,355200.00
R0004129,I001092-05,LN001092,2025-03-09,850000.00,122400.00
R0004130,I001186-11,LN001186,2025-03-09,1077777.78,232800.00
R0004131,I001271-05,LN001271,2025-03-09,4950000.00,356400.00
R0004132,I001279-09,LN001279,2025-03-09,688888.89,148800.00
R0004133,I001374-07,LN001374,2025-03-09,888888.89,192000.00
R0004134,I001444-02,LN001444,2025-03-09,2008333.34,289200.00
R0004135,I001482-11,LN001482,2025-03-09,1233333.33,177600.00
R0004136,I001720-11,LN001720,2025-03-09,1516666.66,218400.00
R0004137,I001896-07,LN001896,2025-03-09,2444444.44,264000.00
R0004138,I001922-02,LN001922,2025-03-09,800000.00,86400.00
R0004139,I001957-01,LN001957,2025-03-09,1550000.00,111600.00
R0004140,I001965-04,LN001965,2025-03-09,1566666.67,225600.00
R0004141,I000213-12,LN000213,2025-03-10,755555.55,163200.00
R0004142,I000264-05,LN000264,2025-03-10,1200000.00,172800.00
R0004143,I000376-03,LN000376,2025-03-10,1711111.11,184800.00
R0004144,I000525-07,LN000525,2025-03-10,322222.22,69600.00
R0004145,I000535-02,LN000535,2025-03-10,1283333.34,92400.00
R0004146,I000697-02,LN000697,2025-03-10,255555.56,27600.00
R0004147,I000836-06,LN000836,2025-03-10,825000.00,118800.00
R0004148,I000919-01,LN000919,2025-03-10,8433333.34,303600.00
R0004149,I001360-09,LN001360,2025-03-10,1000000.00,216000.00
R0004150,I001376-09,LN001376,2025-03-10,2425000.00,349200.00
R0004151,I001475-04,LN001475,2025-03-10,1466666.67,158400.00
R0004152,I001561-02,LN001561,2025-03-10,683333.34,49200.00
R0004153,I001720-09,LN001720,2025-03-10,1213333.32,174720.00
R0004154,I001721-06,LN001721,2025-03-10,1000000.00,144000.00
R0004155,I001806-02,LN001806,2025-03-10,1133333.34,163200.00
R0004156,I001811-01,LN001811,2025-03-10,1300000.00,140400.00
R0004157,I001993-11,LN001993,2025-03-10,1533333.33,220800.00
R0004158,I000060-03,LN000060,2025-03-11,950000.00,68400.00
R0004159,I000085-04,LN000085,2025-03-11,658333.34,94800.00
R0004160,I000253-01,LN000253,2025-03-11,1577777.78,340800.00
R0004161,I000269-02,LN000269,2025-03-11,433333.33,62400.00
R0004162,I000409-04,LN000409,2025-03-11,1975000.00,284400.00
R0004163,I000599-01,LN000599,2025-03-11,1783333.34,128400.00
R0004164,I000779-01,LN000779,2025-03-11,3050000.00,219600.00
R0004165,I001033-07,LN001033,2025-03-11,2125000.00,306000.00
R0004166,I001460-01,LN001460,2025-03-11,1344444.45,290400.00
R0004167,I001626-04,LN001626,2025-03-11,1800000.00,129600.00
R0004168,I001738-01,LN001738,2025-03-11,2366666.67,340800.00
R0004169,I000221-10,LN000221,2025-03-12,1316666.66,189600.00
R0004170,I000379-07,LN000379,2025-03-12,1625000.00,234000.00
R0004171,I000479-07,LN000479,2025-03-12,141666.67,20400.00
R0004172,I000591-09,LN000591,2025-03-12,1277777.77,138000.00
R0004173,I000677-01,LN000677,2025-03-12,416666.67,90000.00
R0004174,I000920-08,LN000920,2025-03-12,675000.00,97200.00
R0004175,I001079-01,LN001079,2025-03-12,2422222.23,261600.00
R0004176,I001406-06,LN001406,2025-03-12,3900000.00,280800.00
R0004177,I001479-08,LN001479,2025-03-12,2275000.00,327600.00
R0004178,I001800-05,LN001800,2025-03-12,3416666.66,246000.00
R0004179,I001805-08,LN001805,2025-03-12,3122222.22,337200.00
R0004180,I001815-07,LN001815,2025-03-12,1625000.00,234000.00
R0004181,I001840-04,LN001840,2025-03-12,4183333.33,301200.00
R0004182,I001864-02,LN001864,2025-03-12,1850000.00,133200.00
R0004183,I001954-09,LN001954,2025-03-12,1800000.00,259200.00
R0004184,I000059-07,LN000059,2025-03-13,2400000.00,259200.00
R0004185,I000083-05,LN000083,2025-03-13,1561111.11,337200.00
R0004186,I000085-03,LN000085,2025-03-13,263333.33,37920.00
R0004187,I000112-06,LN000112,2025-03-13,4750000.00,342000.00
R0004188,I000353-11,LN000353,2025-03-13,2141666.66,308400.00
R0004189,I000623-10,LN000623,2025-03-13,2233333.33,321600.00
R0004190,I000628-08,LN000628,2025-03-13,1116666.67,160800.00
R0004191,I001020-09,LN001020,2025-03-13,1294444.44,279600.00
R0004192,I001024-07,LN001024,2025-03-13,2241666.67,322800.00
R0004193,I001049-04,LN001049,2025-03-13,2577777.78,278400.00
R0004194,I001057-06,LN001057,2025-03-13,2416666.66,174000.00
R0004195,I001256-10,LN001256,2025-03-13,633333.33,91200.00
R0004196,I001278-02,LN001278,2025-03-13,2108333.34,303600.00
R0004197,I001413-01,LN001413,2025-03-13,1941666.67,279600.00
R0004198,I001461-12,LN001461,2025-03-13,100000.00,21600.00
R0004199,I001647-01,LN001647,2025-03-13,2683333.34,193200.00
R0004200,I001852-05,LN001852,2025-03-13,1088888.89,117600.00
R0004201,I001894-13,LN001894,2025-03-13,1050000.00,226800.00
R0004202,I001932-05,LN001932,2025-03-13,958333.33,138000.00
R0004203,I000164-07,LN000164,2025-03-14,822222.22,177600.00
R0004204,I000294-01,LN000294,2025-03-14,3244444.45,350400.00
R0004205,I000433-12,LN000433,2025-03-14,977777.78,211200.00
R0004206,I000957-12,LN000957,2025-03-14,960555.55,207480.00
R0004207,I000961-07,LN000961,2025-03-14,1475000.00,212400.00
R0004208,I000988-07,LN000988,2025-03-14,1725000.00,248400.00
R0004209,I001100-02,LN001100,2025-03-14,1000000.00,72000.00
R0004210,I001119-01,LN001119,2025-03-14,1500000.00,216000.00
R0004211,I001136-03,LN001136,2025-03-14,1666666.67,240000.00
R0004212,I001290-05,LN001290,2025-03-14,1933333.33,139200.00
R0004213,I001473-07,LN001473,2025-03-14,1666666.67,240000.00
R0004214,I001476-08,LN001476,2025-03-14,1983333.33,285600.00
R0004215,I001540-07,LN001540,2025-03-14,727777.78,157200.00
R0004216,I001608-01,LN001608,2025-03-14,283333.34,20400.00
R0004217,I001611-01,LN001611,2025-03-14,2716666.67,195600.00
R0004218,I001630-13,LN001630,2025-03-14,1072222.22,231600.00
R0004219,I001642-02,LN001642,2025-03-14,450000.00,97200.00
R0004220,I001931-08,LN001931,2025-03-14,2444444.44,264000.00
R0004221,I000149-07,LN000149,2025-03-15,900000.00,129600.00
R0004222,I000185-10,LN000185,2025-03-15,588888.89,127200.00
R0004223,I000279-06,LN000279,2025-03-15,1622222.22,175200.00
R0004224,I000542-06,LN000542,2025-03-15,283333.33,40800.00
R0004225,I000947-04,LN000947,2025-03-15,4850000.00,349200.00
R0004226,I001015-02,LN001015,2025-03-15,4766666.67,171600.00
R0004227,I001093-01,LN001093,2025-03-15,283333.34,20400.00
R0004228,I001122-03,LN001122,2025-03-15,3050000.00,219600.00
R0004229,I001126-11,LN001126,2025-03-15,2316666.66,333600.00
R0004230,I001530-09,LN001530,2025-03-15,3311111.11,357600.00
R0004231,I001750-08,LN001750,2025-03-15,2083333.33,300000.00
R0004232,I001762-02,LN001762,2025-03-15,700000.00,151200.00
R0004233,I001810-06,LN001810,2025-03-15,716666.66,51600.00
R0004234,I001819-03,LN001819,2025-03-15,110000.00,15840.00
R0004235,I001852-04,LN001852,2025-03-15,435555.55,47040.00
R0004236,I001912-12,LN001912,2025-03-15,2275000.00,327600.00
R0004237,I000162-13,LN000162,2025-03-16,1288888.89,278400.00
R0004238,I000303-07,LN000303,2025-03-16,741666.67,106800.00
R0004239,I000307-06,LN000307,2025-03-16,2900000.00,313200.00
R0004240,I000487-07,LN000487,2025-03-16,158333.33,22800.00
R0004241,I000490-04,LN000490,2025-03-16,1750000.00,126000.00
R0004242,I000803-01,LN000803,2025-03-16,1666666.67,240000.00
R0004243,I000943-06,LN000943,2025-03-16,4683333.33,337200.00
R0004244,I001076-02,LN001076,2025-03-16,2333333.34,336000.00
R0004245,I001169-02,LN001169,2025-03-16,3750000.00,270000.00
R0004246,I001303-11,LN001303,2025-03-16,361111.11,78000.00
R0004247,I001381-01,LN001381,2025-03-16,933333.34,201600.00
R0004248,I001596-13,LN001596,2025-03-16,488888.89,105600.00
R0004249,I001999-02,LN001999,2025-03-16,1600000.00,345600.00
R0004250,I000005-04,LN000005,2025-03-17,300000.00,64800.00
R0004251,I000105-01,LN000105,2025-03-17,1577777.78,170400.00
R0004252,I000189-03,LN000189,2025-03-17,244444.45,26400.00
R0004253,I000222-12,LN000222,2025-03-17,2208333.33,318000.00
R0004254,I000228-02,LN000228,2025-03-17,1172222.23,253200.00
R0004255,I000465-08,LN000465,2025-03-17,811111.11,87600.00
R0004256,I000474-06,LN000474,2025-03-17,833333.33,90000.00
R0004257,I000754-02,LN000754,2025-03-17,2122222.23,229200.00
R0004258,I001035-05,LN001035,2025-03-17,2616666.66,188400.00
R0004259,I001080-11,LN001080,2025-03-17,716666.66,103200.00
R0004260,I001199-06,LN001199,2025-03-17,2400000.00,345600.00
R0004261,I001345-13,LN001345,2025-03-17,1083333.33,234000.00
R0004262,I001349-05,LN001349,2025-03-17,977777.78,211200.00
R0004263,I001382-05,LN001382,2025-03-17,388888.89,42000.00
R0004264,I001682-04,LN001682,2025-03-17,2216666.67,159600.00
R0004265,I001813-06,LN001813,2025-03-17,988888.89,106800.00
R0004266,I001960-10,LN001960,2025-03-17,1753333.32,252480.00
R0004267,I000012-06,LN000012,2025-03-18,583333.33,84000.00
R0004268,I000126-01,LN000126,2025-03-18,3066666.67,220800.00
R0004269,I000213-13,LN000213,2025-03-18,755555.55,163200.00
R0004270,I000326-05,LN000326,2025-03-18,1388888.89,150000.00
R0004271,I000393-05,LN000393,2025-03-18,1550000.00,111600.00
R0004272,I000501-10,LN000501,2025-03-18,466666.66,67200.00
R0004273,I001181-02,LN001181,2025-03-18,600000.00,86400.00
R0004274,I001412-04,LN001412,2025-03-18,4600000.00,331200.00
R0004275,I001452-12,LN001452,2025-03-18,688888.89,148800.00
R0004276,I001670-07,LN001670,2025-03-18,1177777.78,127200.00
R0004277,I001692-04,LN001692,2025-03-18,2783333.33,200400.00
R0004278,I001937-07,LN001937,2025-03-18,1383333.33,199200.00
R0004279,I001988-04,LN001988,2025-03-18,2866666.67,206400.00
R0004280,I000202-06,LN000202,2025-03-19,2783333.33,200400.00
R0004281,I000203-02,LN000203,2025-03-19,1733333.33,62400.00
R0004282,I000295-02,LN000295,2025-03-19,516666.67,74400.00
R0004283,I000855-08,LN000855,2025-03-19,1200000.00,172800.00
R0004284,I000866-03,LN000866,2025-03-19,1216666.67,87600.00
R0004285,I000889-01,LN000889,2025-03-19,2444444.45,264000.00
R0004286,I001234-10,LN001234,2025-03-19,1183333.33,170400.00
R0004287,I001339-10,LN001339,2025-03-19,2450000.00,352800.00
R0004288,I001795-01,LN001795,2025-03-19,2850000.00,205200.00
R0004289,I000025-03,LN000025,2025-03-20,4016666.67,289200.00
R0004290,I000242-04,LN000242,2025-03-20,1766666.67,254400.00
R0004291,I000323-03,LN000323,2025-03-20,916666.67,132000.00
R0004292,I000394-02,LN000394,2025-03-20,3133333.34,225600.00
R0004293,I000401-01,LN000401,2025-03-20,750000.00,108000.00
R0004294,I000505-06,LN000505,2025-03-20,3016666.66,217200.00
R0004295,I000507-01,LN000507,2025-03-20,1691666.67,243600.00
R0004296,I000672-09,LN000672,2025-03-20,216666.66,31200.00
R0004297,I000773-05,LN000773,2025-03-20,1100000.00,158400.00
R0004298,I000847-11,LN000847,2025-03-20,2041666.66,294000.00
R0004299,I000856-01,LN000856,2025-03-20,1633333.34,235200.00
R0004300,I000933-05,LN000933,2025-03-20,3150000.00,226800.00
R0004301,I001063-07,LN001063,2025-03-20,2666666.66,288000.00
R0004302,I001102-03,LN001102,2025-03-20,500000.00,36000.00
R0004303,I001261-12,LN001261,2025-03-20,761111.11,164400.00
R0004304,I001315-06,LN001315,2025-03-20,2016666.66,145200.00
R0004305,I001358-01,LN001358,2025-03-20,1666666.67,240000.00
R0004306,I001389-08,LN001389,2025-03-20,855555.55,92400.00
R0004307,I001598-03,LN001598,2025-03-20,422222.22,45600.00
R0004308,I001601-01,LN001601,2025-03-20,2166666.67,312000.00
R0004309,I001718-02,LN001718,2025-03-20,4983333.34,358800.00
R0004310,I001755-03,LN001755,2025-03-20,2350000.00,169200.00
R0004311,I001821-02,LN001821,2025-03-20,2308333.34,332400.00
R0004312,I001906-02,LN001906,2025-03-20,1433333.33,51600.00
R0004313,I001951-05,LN001951,2025-03-20,1216666.67,175200.00
R0004314,I000084-07,LN000084,2025-03-21,294444.45,63600.00
R0004315,I000106-12,LN000106,2025-03-21,105555.55,22800.00
R0004316,I000192-12,LN000192,2025-03-21,1766666.66,254400.00
R0004317,I000314-03,LN000314,2025-03-21,7566666.66,272400.00
R0004318,I000453-14,LN000453,2025-03-21,1005555.55,217200.00
R0004319,I000544-03,LN000544,2025-03-21,2408333.34,346800.00
R0004320,I000578-01,LN000578,2025-03-21,883333.34,63600.00
R0004321,I000739-03,LN000739,2025-03-21,1294444.45,279600.00
R0004322,I000806-10,LN000806,2025-03-21,1033333.33,148800.00
R0004323,I000845-09,LN000845,2025-03-21,675000.00,97200.00
R0004324,I000862-02,LN000862,2025-03-21,2077777.78,224400.00
R0004325,I000917-13,LN000917,2025-03-21,1027777.78,222000.00
R0004326,I000924-08,LN000924,2025-03-21,333333.33,48000.00
R0004327,I001070-04,LN001070,2025-03-21,941666.67,135600.00
R0004328,I001335-02,LN001335,2025-03-21,1616666.67,349200.00
R0004329,I001397-03,LN001397,2025-03-21,1511111.11,163200.00
R0004330,I001582-12,LN001582,2025-03-21,1983333.33,285600.00
R0004331,I000136-01,LN000136,2025-03-22,2166666.67,234000.00
R0004332,I000187-06,LN000187,2025-03-22,2083333.33,300000.00
R0004333,I000270-07,LN000270,2025-03-22,766666.67,110400.00
R0004334,I000361-09,LN000361,2025-03-22,1900000.00,273600.00
R0004335,I000377-01,LN000377,2025-03-22,1744444.45,188400.00
R0004336,I000570-11,LN000570,2025-03-22,1808333.33,260400.00
R0004337,I000598-06,LN000598,2025-03-22,1916666.67,276000.00
R0004338,I000623-12,LN000623,2025-03-22,2233333.33,321600.00
R0004339,I000630-05,LN000630,2025-03-22,2666666.66,192000.00
R0004340,I000632-09,LN000632,2025-03-22,1944444.44,210000.00
R0004341,I000693-10,LN000693,2025-03-22,572222.22,123600.00
R0004342,I000797-01,LN000797,2025-03-22,905555.56,195600.00
R0004343,I000936-05,LN000936,2025-03-22,3233333.33,349200.00
R0004344,I001062-03,LN001062,2025-03-22,383333.33,27600.00
R0004345,I001098-04,LN001098,2025-03-22,577777.78,124800.00
R0004346,I001135-04,LN001135,2025-03-22,1558333.34,224400.00
R0004347,I001149-10,LN001149,2025-03-22,1558333.33,224400.00
R0004348,I001158-05,LN001158,2025-03-22,4033333.33,290400.00
R0004349,I001267-01,LN001267,2025-03-22,1066666.67,153600.00
R0004350,I001532-07,LN001532,2025-03-22,858333.33,123600.00
R0004351,I001571-03,LN001571,2025-03-22,3144444.45,339600.00
R0004352,I001589-06,LN001589,2025-03-22,1294444.45,279600.00
R0004353,I001668-07,LN001668,2025-03-22,388888.89,84000.00
R0004354,I000155-01,LN000155,2025-03-23,1683333.34,121200.00
R0004355,I000189-04,LN000189,2025-03-23,244444.45,26400.00
R0004356,I000206-08,LN000206,2025-03-23,1102222.22,119040.00
R0004357,I000244-04,LN000244,2025-03-23,3266666.67,235200.00
R0004358,I000412-04,LN000412,2025-03-23,3316666.67,238800.00
R0004359,I000541-11,LN000541,2025-03-23,461111.11,99600.00
R0004360,I000674-02,LN000674,2025-03-23,425000.00,61200.00
R0004361,I000796-06,LN000796,2025-03-23,1466666.67,316800.00
R0004362,I001032-02,LN001032,2025-03-23,1166666.67,168000.00
R0004363,I001034-09,LN001034,2025-03-23,2116666.66,304800.00
R0004364,I001040-02,LN001040,2025-03-23,2144444.45,231600.00
R0004365,I001041-07,LN001041,2025-03-23,933333.33,134400.00
R0004366,I001122-02,LN001122,2025-03-23,3050000.00,219600.00
R0004367,I001160-04,LN001160,2025-03-23,4150000.00,298800.00
R0004368,I001250-13,LN001250,2025-03-23,1311111.11,283200.00
R0004369,I001355-03,LN001355,2025-03-23,233333.34,33600.00
R0004370,I001434-02,LN001434,2025-03-23,3933333.34,283200.00
R0004371,I001453-01,LN001453,2025-03-23,2988888.89,322800.00
R0004372,I001781-02,LN001781,2025-03-23,316666.67,22800.00
R0004373,I000095-04,LN000095,2025-03-24,233333.34,50400.00
R0004374,I000213-14,LN000213,2025-03-24,755555.55,163200.00
R0004375,I000293-06,LN000293,2025-03-24,1100000.00,237600.00
R0004376,I000535-04,LN000535,2025-03-24,1283333.33,92400.00
R0004377,I000536-01,LN000536,2025-03-24,162500.00,11700.00
R0004378,I001305-03,LN001305,2025-03-24,1088888.89,235200.00
R0004379,I001551-03,LN001551,2025-03-24,3966666.67,285600.00
R0004380,I001591-06,LN001591,2025-03-24,566666.67,122400.00
R0004381,I001617-10,LN001617,2025-03-24,916666.66,132000.00
R0004382,I001945-11,LN001945,2025-03-24,316666.66,45600.00
R0004383,I000040-10,LN000040,2025-03-25,1625000.00,234000.00
R0004384,I000129-09,LN000129,2025-03-25,1857777.77,200640.00
R0004385,I000307-08,LN000307,2025-03-25,2900000.00,313200.00
R0004386,I000421-05,LN000421,2025-03-25,4683333.33,337200.00
R0004387,I000855-09,LN000855,2025-03-25,1200000.00,172800.00
R0004388,I000997-01,LN000997,2025-03-25,2088888.89,225600.00
R0004389,I001048-04,LN001048,2025-03-25,800000.00,86400.00
R0004390,I001201-01,LN001201,2025-03-25,325000.00,46800.00
R0004391,I001230-05,LN001230,2025-03-25,1916666.67,276000.00
R0004392,I001238-12,LN001238,2025-03-25,2100000.00,302400.00
R0004393,I001261-13,LN001261,2025-03-25,761111.11,164400.00
R0004394,I001697-09,LN001697,2025-03-25,2011111.11,217200.00
R0004395,I001866-02,LN001866,2025-03-25,2811111.11,303600.00
R0004396,I001932-08,LN001932,2025-03-25,958333.33,138000.00
R0004397,I001976-05,LN001976,2025-03-25,2675833.32,192660.00
R0004398,I000501-09,LN000501,2025-03-26,466666.66,67200.00
R0004399,I000689-02,LN000689,2025-03-26,3133333.34,338400.00
R0004400,I000711-03,LN000711,2025-03-26,2655555.56,286800.00
R0004401,I000721-07,LN000721,2025-03-26,500000.00,108000.00
R0004402,I001048-02,LN001048,2025-03-26,520000.00,56160.00
R0004403,I001153-07,LN001153,2025-03-26,583333.33,84000.00
R0004404,I001357-09,LN001357,2025-03-26,2655555.55,286800.00
R0004405,I001726-07,LN001726,2025-03-26,416666.67,60000.00
R0004406,I001889-01,LN001889,2025-03-26,1825000.00,262800.00
R0004407,I001919-13,LN001919,2025-03-26,1261111.11,272400.00
R0004408,I001996-01,LN001996,2025-03-26,7866666.67,283200.00
R0004409,I000205-04,LN000205,2025-03-27,1825000.00,262800.00
R0004410,I000276-12,LN000276,2025-03-27,2041666.66,294000.00
R0004411,I000437-01,LN000437,2025-03-27,1833333.34,198000.00
R0004412,I000456-03,LN000456,2025-03-27,783333.33,56400.00
R0004413,I000522-04,LN000522,2025-03-27,4783333.33,344400.00
R0004414,I000525-06,LN000525,2025-03-27,322222.22,69600.00
R0004415,I000553-08,LN000553,2025-03-27,1991666.67,286800.00
R0004416,I000566-04,LN000566,2025-03-27,488888.89,52800.00
R0004417,I000682-03,LN000682,2025-03-27,766666.67,82800.00
R0004418,I000786-03,LN000786,2025-03-27,3200000.00,345600.00
R0004419,I000924-09,LN000924,2025-03-27,333333.33,48000.00
R0004420,I000935-12,LN000935,2025-03-27,2033333.33,292800.00
R0004421,I000958-05,LN000958,2025-03-27,3516666.66,253200.00
R0004422,I001022-02,LN001022,2025-03-27,3000000.00,216000.00
R0004423,I001335-03,LN001335,2025-03-27,1616666.67,349200.00
R0004424,I001348-09,LN001348,2025-03-27,105555.56,22800.00
R0004425,I001737-15,LN001737,2025-03-27,527777.77,114000.00
R0004426,I001819-02,LN001819,2025-03-27,275000.00,39600.00
R0004427,I000092-04,LN000092,2025-03-28,1400000.00,151200.00
R0004428,I000179-01,LN000179,2025-03-28,222222.23,24000.00
R0004429,I000201-06,LN000201,2025-03-28,744444.44,80400.00
R0004430,I000274-07,LN000274,2025-03-28,3211111.11,346800.00
R0004431,I000377-02,LN000377,2025-03-28,1744444.45,188400.00
R0004432,I000427-05,LN000427,2025-03-28,3516666.66,253200.00
R0004433,I000498-10,LN000498,2025-03-28,1141666.66,164400.00
R0004434,I000664-08,LN000664,2025-03-28,441666.66,95400.00
R0004435,I001045-11,LN001045,2025-03-28,166666.66,24000.00
R0004436,I001089-07,LN001089,2025-03-28,1233333.33,177600.00
R0004437,I001094-12,LN001094,2025-03-28,280000.00,40320.00
R0004438,I001098-05,LN001098,2025-03-28,577777.78,124800.00
R0004439,I001099-04,LN001099,2025-03-28,1011111.11,109200.00
R0004440,I001151-03,LN001151,2025-03-28,516666.67,74400.00
R0004441,I001246-11,LN001246,2025-03-28,1354166.66,195000.00
R0004442,I001437-05,LN001437,2025-03-28,3100000.00,223200.00
R0004443,I001439-08,LN001439,2025-03-28,1175000.00,169200.00
R0004444,I001486-11,LN001486,2025-03-28,394444.44,85200.00
R0004445,I001533-06,LN001533,2025-03-28,211111.11,45600.00
R0004446,I001739-05,LN001739,2025-03-28,4350000.00,313200.00
R0004447,I001928-06,LN001928,2025-03-28,550000.00,118800.00
R0004448,I000147-11,LN000147,2025-03-29,1050000.00,226800.00
R0004449,I000208-06,LN000208,2025-03-29,675000.00,97200.00
R0004450,I000369-14,LN000369,2025-03-29,94444.44,20400.00
R0004451,I000417-05,LN000417,2025-03-29,1034583.33,148980.00
R0004452,I000472-03,LN000472,2025-03-29,1533333.33,110400.00
R0004453,I000872-09,LN000872,2025-03-29,2888888.88,312000.00
R0004454,I001226-01,LN001226,2025-03-29,1383333.34,99600.00
R0004455,I001265-08,LN001265,2025-03-29,2350000.00,338400.00
R0004456,I001659-06,LN001659,2025-03-29,1791666.67,258000.00
R0004457,I001744-01,LN001744,2025-03-29,2450000.00,352800.00
R0004458,I001817-05,LN001817,2025-03-29,860000.00,123840.00
R0004459,I001817-06,LN001817,2025-03-29,2150000.00,309600.00
R0004460,I001873-03,LN001873,2025-03-29,2933333.33,211200.00
R0004461,I001885-06,LN001885,2025-03-29,3333333.33,240000.00
R0004462,I000110-11,LN000110,2025-03-30,450000.00,64800.00
R0004463,I000175-12,LN000175,2025-03-30,1225000.00,176400.00
R0004464,I000323-06,LN000323,2025-03-30,916666.67,132000.00
R0004465,I000542-05,LN000542,2025-03-30,283333.33,40800.00
R0004466,I000704-08,LN000704,2025-03-30,1716666.67,247200.00
R0004467,I000719-05,LN000719,2025-03-30,2333333.33,336000.00
R0004468,I000768-03,LN000768,2025-03-30,1788888.89,193200.00
R0004469,I000777-01,LN000777,2025-03-30,211111.12,45600.00
R0004470,I000822-08,LN000822,2025-03-30,1500000.00,216000.00
R0004471,I000912-08,LN000912,2025-03-30,1108333.33,159600.00
R0004472,I000948-05,LN000948,2025-03-30,4283333.33,308400.00
R0004473,I000960-05,LN000960,2025-03-30,1650000.00,237600.00
R0004474,I001184-03,LN001184,2025-03-30,608333.34,87600.00
R0004475,I001187-10,LN001187,2025-03-30,2400000.00,345600.00
R0004476,I001504-07,LN001504,2025-03-30,1283333.33,184800.00
R0004477,I001602-05,LN001602,2025-03-30,2888888.89,312000.00
R0004478,I001669-06,LN001669,2025-03-30,600000.00,86400.00
R0004479,I001794-03,LN001794,2025-03-30,683333.33,49200.00
R0004480,I001807-09,LN001807,2025-03-30,216666.66,31200.00
R0004481,I001830-12,LN001830,2025-03-30,161111.11,34800.00
R0004482,I000141-04,LN000141,2025-03-31,1841666.67,265200.00
R0004483,I000523-07,LN000523,2025-03-31,2722222.22,294000.00
R0004484,I000533-12,LN000533,2025-03-31,341666.66,49200.00
R0004485,I000700-03,LN000700,2025-03-31,1333333.34,192000.00
R0004486,I000702-13,LN000702,2025-03-31,722222.22,156000.00
R0004487,I001148-03,LN001148,2025-03-31,124583.33,17940.00
R0004488,I001253-05,LN001253,2025-03-31,244444.45,52800.00
R0004489,I001308-02,LN001308,2025-03-31,2241666.67,322800.00
R0004490,I001374-08,LN001374,2025-03-31,888888.89,192000.00
R0004491,I001678-07,LN001678,2025-03-31,2208333.33,318000.00
R0004492,I001705-02,LN001705,2025-03-31,4066666.67,292800.00
R0004493,I000120-07,LN000120,2025-04-01,1133333.33,122400.00
R0004494,I000359-01,LN000359,2025-04-01,1600000.00,172800.00
R0004495,I000504-05,LN000504,2025-04-01,1377777.78,148800.00
R0004496,I000600-07,LN000600,2025-04-01,2466666.67,355200.00
R0004497,I000800-07,LN000800,2025-04-01,511111.11,110400.00
R0004498,I000837-04,LN000837,2025-04-01,433333.34,62400.00
R0004499,I000976-06,LN000976,2025-04-01,4050000.00,291600.00
R0004500,I001032-03,LN001032,2025-04-01,1166666.67,168000.00
R0004501,I001035-06,LN001035,2025-04-01,2616666.66,188400.00
R0004502,I001064-02,LN001064,2025-04-01,2400000.00,345600.00
R0004503,I001096-07,LN001096,2025-04-01,608333.33,87600.00
R0004504,I001502-03,LN001502,2025-04-01,3133333.34,338400.00
R0004505,I001525-06,LN001525,2025-04-01,133333.33,14400.00
R0004506,I001670-09,LN001670,2025-04-01,1177777.77,127200.00
R0004507,I001868-08,LN001868,2025-04-01,800000.00,115200.00
R0004508,I000128-07,LN000128,2025-04-02,2391666.67,344400.00
R0004509,I000204-01,LN000204,2025-04-02,2650000.00,190800.00
R0004510,I000237-09,LN000237,2025-04-02,1400000.00,302400.00
R0004511,I000421-04,LN000421,2025-04-02,4683333.33,337200.00
R0004512,I000490-03,LN000490,2025-04-02,1750000.00,126000.00
R0004513,I000740-06,LN000740,2025-04-02,2266666.66,163200.00
R0004514,I000815-01,LN000815,2025-04-02,1500000.00,162000.00
R0004515,I000819-04,LN000819,2025-04-02,991666.67,142800.00
R0004516,I000911-08,LN000911,2025-04-02,658333.33,94800.00
R0004517,I000950-03,LN000950,2025-04-02,1525000.00,219600.00
R0004518,I001186-12,LN001186,2025-04-02,1077777.78,232800.00
R0004519,I001194-03,LN001194,2025-04-02,3177777.78,343200.00
R0004520,I001255-03,LN001255,2025-04-02,1933333.33,139200.00
R0004521,I001291-08,LN001291,2025-04-02,2466666.67,355200.00
R0004522,I001738-02,LN001738,2025-04-02,946666.66,136320.00
R0004523,I001787-03,LN001787,2025-04-02,3750000.00,270000.00
R0004524,I001907-02,LN001907,2025-04-02,1708333.34,246000.00
R0004525,I001929-05,LN001929,2025-04-02,738888.89,159600.00
R0004526,I001957-02,LN001957,2025-04-02,1550000.00,111600.00
R0004527,I001992-05,LN001992,2025-04-02,1275000.00,183600.00
R0004528,I000088-06,LN000088,2025-04-03,1141666.67,164400.00
R0004529,I000376-04,LN000376,2025-04-03,1711111.11,184800.00
R0004530,I000420-10,LN000420,2025-04-03,2408333.33,346800.00
R0004531,I000557-06,LN000557,2025-04-03,358333.33,25800.00
R0004532,I000866-02,LN000866,2025-04-03,1216666.67,87600.00
R0004533,I000896-05,LN000896,2025-04-03,416666.66,45000.00
R0004534,I000900-08,LN000900,2025-04-03,883333.33,127200.00
R0004535,I001019-03,LN001019,2025-04-03,1625000.00,234000.00
R0004536,I001272-03,LN001272,2025-04-03,3350000.00,241200.00
R0004537,I001797-06,LN001797,2025-04-03,444444.45,96000.00
R0004538,I001864-01,LN001864,2025-04-03,1850000.00,133200.00
R0004539,I000083-06,LN000083,2025-04-04,1561111.11,337200.00
R0004540,I000111-08,LN000111,2025-04-04,166666.66,24000.00
R0004541,I000159-14,LN000159,2025-04-04,395555.55,85440.00
R0004542,I000177-08,LN000177,2025-04-04,855555.56,184800.00
R0004543,I000185-11,LN000185,2025-04-04,1177777.78,254400.00
R0004544,I000397-06,LN000397,2025-04-04,483333.34,104400.00
R0004545,I000420-08,LN000420,2025-04-04,1204166.66,173400.00
R0004546,I000514-07,LN000514,2025-04-04,1675000.00,241200.00
R0004547,I000523-06,LN000523,2025-04-04,2177777.77,235200.00
R0004548,I000536-02,LN000536,2025-04-04,250000.00,18000.00
R0004549,I000592-07,LN000592,2025-04-04,516666.67,74400.00
R0004550,I000721-08,LN000721,2025-04-04,500000.00,108000.00
R0004551,I000748-01,LN000748,2025-04-04,3066666.67,331200.00
R0004552,I000851-06,LN000851,2025-04-04,1222222.22,264000.00
R0004553,I000931-07,LN000931,2025-04-04,1321666.66,142740.00
R0004554,I001069-04,LN001069,2025-04-04,1405555.56,303600.00
R0004555,I001123-06,LN001123,2025-04-04,2511111.11,271200.00
R0004556,I001174-01,LN001174,2025-04-04,2108333.34,303600.00
R0004557,I001251-09,LN001251,2025-04-04,2325000.00,334800.00
R0004558,I001758-04,LN001758,2025-04-04,1116666.67,160800.00
R0004559,I001867-04,LN001867,2025-04-04,1034583.33,148980.00
R0004560,I000086-01,LN000086,2025-04-05,1416666.67,306000.00
R0004561,I000285-04,LN000285,2025-04-05,958333.34,138000.00
R0004562,I000464-05,LN000464,2025-04-05,544444.45,117600.00
R0004563,I000489-04,LN000489,2025-04-05,191666.67,27600.00
R0004564,I000695-07,LN000695,2025-04-05,804444.44,86880.00
R0004565,I000752-06,LN000752,2025-04-05,1627777.78,351600.00
R0004566,I000870-01,LN000870,2025-04-05,2488888.89,268800.00
R0004567,I000893-08,LN000893,2025-04-05,422222.22,45600.00
R0004568,I000931-08,LN000931,2025-04-05,2033333.33,219600.00
R0004569,I000961-08,LN000961,2025-04-05,1475000.00,212400.00
R0004570,I001012-03,LN001012,2025-04-05,872222.23,188400.00
R0004571,I001114-10,LN001114,2025-04-05,436666.66,62880.00
R0004572,I001301-09,LN001301,2025-04-05,633333.33,91200.00
R0004573,I001561-03,LN001561,2025-04-05,683333.33,49200.00
R0004574,I001568-02,LN001568,2025-04-05,1441666.67,207600.00
R0004575,I001800-06,LN001800,2025-04-05,3416666.66,246000.00
R0004576,I001884-01,LN001884,2025-04-05,3366666.67,242400.00
R0004577,I000020-11,LN000020,2025-04-06,444166.66,63960.00
R0004578,I000060-04,LN000060,2025-04-06,950000.00,68400.00
R0004579,I000092-05,LN000092,2025-04-06,1400000.00,151200.00
R0004580,I000174-05,LN000174,2025-04-06,1500000.00,324000.00
R0004581,I000327-08,LN000327,2025-04-06,883333.33,127200.00
R0004582,I000532-02,LN000532,2025-04-06,1308333.34,188400.00
R0004583,I000573-07,LN000573,2025-04-06,1583333.33,342000.00
R0004584,I000599-02,LN000599,2025-04-06,1783333.34,128400.00
R0004585,I000674-03,LN000674,2025-04-06,340000.00,48960.00
R0004586,I000695-09,LN000695,2025-04-06,2011111.11,217200.00
R0004587,I001033-08,LN001033,2025-04-06,2125000.00,306000.00
R0004588,I001041-09,LN001041,2025-04-06,933333.33,134400.00
R0004589,I001177-02,LN001177,2025-04-06,333333.34,48000.00
R0004590,I001311-04,LN001311,2025-04-06,2544444.45,274800.00
R0004591,I001370-04,LN001370,2025-04-06,4033333.33,290400.00
R0004592,I001503-12,LN001503,2025-04-06,1650000.00,237600.00
R0004593,I001579-03,LN001579,2025-04-06,245833.33,17700.00
R0004594,I001626-05,LN001626,2025-04-06,1800000.00,129600.00
R0004595,I001644-10,LN001644,2025-04-06,733333.33,105600.00
R0004596,I001821-01,LN001821,2025-04-06,2308333.34,332400.00
R0004597,I001889-02,LN001889,2025-04-06,1825000.00,262800.00
R0004598,I001894-14,LN001894,2025-04-06,1050000.00,226800.00
R0004599,I001910-03,LN001910,2025-04-06,3111111.11,336000.00
R0004600,I000900-09,LN000900,2025-04-07,883333.33,127200.00
R0004601,I001039-01,LN001039,2025-04-07,2083333.34,150000.00
R0004602,I001168-02,LN001168,2025-04-07,3366666.67,242400.00
R0004603,I001221-11,LN001221,2025-04-07,850000.00,183600.00
R0004604,I001271-06,LN001271,2025-04-07,4950000.00,356400.00
R0004605,I001316-03,LN001316,2025-04-07,3016666.67,217200.00
R0004606,I001438-14,LN001438,2025-04-07,1305555.55,282000.00
R0004607,I001482-12,LN001482,2025-04-07,1233333.33,177600.00
R0004608,I001921-03,LN001921,2025-04-07,2616666.67,188400.00
R0004609,I000059-08,LN000059,2025-04-08,2400000.00,259200.00
R0004610,I000069-06,LN000069,2025-04-08,266666.67,38400.00
R0004611,I000181-06,LN000181,2025-04-08,1561111.11,337200.00
R0004612,I000306-01,LN000306,2025-04-08,433333.34,62400.00
R0004613,I000754-03,LN000754,2025-04-08,2122222.22,229200.00
R0004614,I000955-01,LN000955,2025-04-08,1433333.34,309600.00
R0004615,I001073-07,LN001073,2025-04-08,1600000.00,230400.00
R0004616,I001131-03,LN001131,2025-04-08,966666.67,139200.00
R0004617,I001160-06,LN001160,2025-04-08,4150000.00,298800.00
R0004618,I001376-10,LN001376,2025-04-08,2425000.00,349200.00
R0004619,I001414-10,LN001414,2025-04-08,54166.66,7800.00
R0004620,I001475-05,LN001475,2025-04-08,1466666.67,158400.00
R0004621,I001618-02,LN001618,2025-04-08,1655555.56,178800.00
R0004622,I001852-06,LN001852,2025-04-08,1088888.89,117600.00
R0004623,I001980-10,LN001980,2025-04-08,1250000.00,270000.00
R0004624,I001993-12,LN001993,2025-04-08,1533333.33,220800.00
R0004625,I000162-14,LN000162,2025-04-09,1288888.89,278400.00
R0004626,I000164-08,LN000164,2025-04-09,822222.22,177600.00
R0004627,I000239-03,LN000239,2025-04-09,350000.00,25200.00
R0004628,I000253-02,LN000253,2025-04-09,1577777.78,340800.00
R0004629,I000356-11,LN000356,2025-04-09,1825000.00,262800.00
R0004630,I000412-03,LN000412,2025-04-09,3316666.67,238800.00
R0004631,I000442-09,LN000442,2025-04-09,1533333.33,220800.00
R0004632,I000501-11,LN000501,2025-04-09,466666.66,67200.00
R0004633,I000654-06,LN000654,2025-04-09,546666.66,39360.00
R0004634,I000817-01,LN000817,2025-04-09,858333.34,123600.00
R0004635,I000988-08,LN000988,2025-04-09,1725000.00,248400.00
R0004636,I001092-06,LN001092,2025-04-09,850000.00,122400.00
R0004637,I001136-04,LN001136,2025-04-09,1666666.67,240000.00
R0004638,I001302-05,LN001302,2025-04-09,500000.00,36000.00
R0004639,I001479-09,LN001479,2025-04-09,2275000.00,327600.00
R0004640,I001720-12,LN001720,2025-04-09,1516666.66,218400.00
R0004641,I001896-08,LN001896,2025-04-09,2444444.44,264000.00
R0004642,I001933-03,LN001933,2025-04-09,2588888.89,279600.00
R0004643,I000005-05,LN000005,2025-04-10,300000.00,64800.00
R0004644,I000120-08,LN000120,2025-04-10,1133333.33,122400.00
R0004645,I000221-11,LN000221,2025-04-10,1316666.66,189600.00
R0004646,I000264-06,LN000264,2025-04-10,1200000.00,172800.00
R0004647,I000525-08,LN000525,2025-04-10,322222.22,69600.00
R0004648,I000543-09,LN000543,2025-04-10,325000.00,46800.00
R0004649,I000742-02,LN000742,2025-04-10,2400000.00,259200.00
R0004650,I000836-07,LN000836,2025-04-10,825000.00,118800.00
R0004651,I001042-12,LN001042,2025-04-10,1516666.67,327600.00
R0004652,I001276-03,LN001276,2025-04-10,1625000.00,234000.00
R0004653,I001282-06,LN001282,2025-04-10,1150000.00,82800.00
R0004654,I001491-05,LN001491,2025-04-10,800000.00,115200.00
R0004655,I001658-06,LN001658,2025-04-10,428888.88,92640.00
R0004656,I001669-07,LN001669,2025-04-10,600000.00,86400.00
R0004657,I001682-05,LN001682,2025-04-10,2216666.66,159600.00
R0004658,I001805-09,LN001805,2025-04-10,3122222.22,337200.00
R0004659,I001811-02,LN001811,2025-04-10,520000.00,56160.00
R0004660,I001813-07,LN001813,2025-04-10,988888.89,106800.00
R0004661,I000085-05,LN000085,2025-04-11,658333.33,94800.00
R0004662,I000182-01,LN000182,2025-04-11,625000.00,90000.00
R0004663,I000204-02,LN000204,2025-04-11,2650000.00,190800.00
R0004664,I000409-05,LN000409,2025-04-11,1975000.00,284400.00
R0004665,I000476-12,LN000476,2025-04-11,1133333.33,244800.00
R0004666,I000779-02,LN000779,2025-04-11,3050000.00,219600.00
R0004667,I000792-05,LN000792,2025-04-11,1941666.67,279600.00
R0004668,I000952-07,LN000952,2025-04-11,1072222.22,231600.00
R0004669,I001020-10,LN001020,2025-04-11,1294444.44,279600.00
R0004670,I001039-02,LN001039,2025-04-11,2083333.34,150000.00
R0004671,I001049-05,LN001049,2025-04-11,2577777.78,278400.00
R0004672,I001238-11,LN001238,2025-04-11,2100000.00,302400.00
R0004673,I001257-01,LN001257,2025-04-11,1316666.67,284400.00
R0004674,I001279-10,LN001279,2025-04-11,688888.89,148800.00
R0004675,I001485-10,LN001485,2025-04-11,1000000.00,144000.00
R0004676,I001519-10,LN001519,2025-04-11,2433333.33,350400.00
R0004677,I001552-09,LN001552,2025-04-11,466666.66,50400.00
R0004678,I001860-04,LN001860,2025-04-11,1366666.67,196800.00
R0004679,I001976-04,LN001976,2025-04-11,3293333.33,237120.00
R0004680,I001999-03,LN001999,2025-04-11,1600000.00,345600.00
R0004681,I000053-04,LN000053,2025-04-12,933333.33,67200.00
R0004682,I000134-09,LN000134,2025-04-12,191666.66,27600.00
R0004683,I000257-03,LN000257,2025-04-12,2650000.00,190800.00
R0004684,I000398-01,LN000398,2025-04-12,750000.00,162000.00
R0004685,I000433-13,LN000433,2025-04-12,977777.78,211200.00
R0004686,I000479-08,LN000479,2025-04-12,141666.67,20400.00
R0004687,I000677-02,LN000677,2025-04-12,416666.67,90000.00
R0004688,I001079-02,LN001079,2025-04-12,2422222.23,261600.00
R0004689,I001202-09,LN001202,2025-04-12,1250000.00,180000.00
R0004690,I001521-08,LN001521,2025-04-12,2955555.55,319200.00
R0004691,I001704-01,LN001704,2025-04-12,1888888.89,204000.00
R0004692,I001795-02,LN001795,2025-04-12,2850000.00,205200.00
R0004693,I001815-08,LN001815,2025-04-12,1625000.00,234000.00
R0004694,I001818-07,LN001818,2025-04-12,1455555.55,157200.00
R0004695,I001954-10,LN001954,2025-04-12,1800000.00,259200.00
R0004696,I001966-10,LN001966,2025-04-12,800000.00,115200.00
R0004697,I000331-01,LN000331,2025-04-13,2408333.34,346800.00
R0004698,I000353-12,LN000353,2025-04-13,2141666.66,308400.00
R0004699,I000432-01,LN000432,2025-04-13,2158333.34,310800.00
R0004700,I000542-07,LN000542,2025-04-13,283333.33,40800.00
R0004701,I000723-04,LN000723,2025-04-13,1508333.34,217200.00
R0004702,I000900-07,LN000900,2025-04-13,220833.33,31800.00
R0004703,I001046-12,LN001046,2025-04-13,225000.00,32400.00
R0004704,I001255-04,LN001255,2025-04-13,1933333.33,139200.00
R0004705,I001256-11,LN001256,2025-04-13,633333.33,91200.00
R0004706,I001278-03,LN001278,2025-04-13,2108333.34,303600.00
R0004707,I001413-02,LN001413,2025-04-13,1941666.67,279600.00
R0004708,I001546-01,LN001546,2025-04-13,1525000.00,219600.00
R0004709,I001563-06,LN001563,2025-04-13,1600000.00,115200.00
R0004710,I001612-09,LN001612,2025-04-13,2425000.00,349200.00
R0004711,I001647-02,LN001647,2025-04-13,2683333.34,193200.00
R0004712,I001736-03,LN001736,2025-04-13,1041666.67,150000.00
R0004713,I000294-02,LN000294,2025-04-14,3244444.45,350400.00
R0004714,I000347-08,LN000347,2025-04-14,1633333.33,235200.00
R0004715,I000353-10,LN000353,2025-04-14,1713333.32,246720.00
R0004716,I000369-13,LN000369,2025-04-14,377777.78,81600.00
R0004717,I000431-01,LN000431,2025-04-14,2166666.67,78000.00
R0004718,I000556-08,LN000556,2025-04-14,1322222.22,285600.00
R0004719,I000606-02,LN000606,2025-04-14,2441666.67,351600.00
R0004720,I000653-02,LN000653,2025-04-14,3044444.45,328800.00
R0004721,I000948-04,LN000948,2025-04-14,4283333.33,308400.00
R0004722,I000957-13,LN000957,2025-04-14,1477777.78,319200.00
R0004723,I001381-02,LN001381,2025-04-14,933333.34,201600.00
R0004724,I001473-08,LN001473,2025-04-14,1666666.67,240000.00
R0004725,I001532-09,LN001532,2025-04-14,858333.33,123600.00
R0004726,I001618-01,LN001618,2025-04-14,1655555.56,178800.00
R0004727,I001630-14,LN001630,2025-04-14,1072222.22,231600.00
R0004728,I001710-07,LN001710,2025-04-14,158333.33,22800.00
R0004729,I001721-07,LN001721,2025-04-14,1250000.00,180000.00
R0004730,I001739-04,LN001739,2025-04-14,4350000.00,313200.00
R0004731,I001851-07,LN001851,2025-04-14,391111.11,42240.00
R0004732,I001931-09,LN001931,2025-04-14,2444444.44,264000.00
R0004733,I000148-01,LN000148,2025-04-15,400000.00,28800.00
R0004734,I000174-06,LN000174,2025-04-15,1500000.00,324000.00
R0004735,I000182-02,LN000182,2025-04-15,625000.00,90000.00
R0004736,I000436-01,LN000436,2025-04-15,1091666.67,157200.00
R0004737,I000452-04,LN000452,2025-04-15,458333.34,66000.00
R0004738,I000481-04,LN000481,2025-04-15,1077916.67,155220.00
R0004739,I000518-01,LN000518,2025-04-15,2866666.67,309600.00
R0004740,I000570-12,LN000570,2025-04-15,1808333.33,260400.00
R0004741,I000728-05,LN000728,2025-04-15,516666.67,111600.00
R0004742,I000856-02,LN000856,2025-04-15,1633333.34,235200.00
R0004743,I000962-02,LN000962,2025-04-15,4866666.67,350400.00
R0004744,I000982-01,LN000982,2025-04-15,988888.89,213600.00
R0004745,I001015-03,LN001015,2025-04-15,4766666.66,171600.00
R0004746,I001093-02,LN001093,2025-04-15,283333.34,20400.00
R0004747,I001114-11,LN001114,2025-04-15,1091666.66,157200.00
R0004748,I001126-12,LN001126,2025-04-15,2316666.66,333600.00
R0004749,I001326-06,LN001326,2025-04-15,3033333.33,218400.00
R0004750,I001328-03,LN001328,2025-04-15,550000.00,118800.00
R0004751,I001580-09,LN001580,2025-04-15,744444.44,80400.00
R0004752,I001729-02,LN001729,2025-04-15,3966666.67,285600.00
R0004753,I001750-09,LN001750,2025-04-15,2083333.33,300000.00
R0004754,I001762-03,LN001762,2025-04-15,700000.00,151200.00
R0004755,I001906-03,LN001906,2025-04-15,1433333.33,51600.00
R0004756,I000155-02,LN000155,2025-04-16,1683333.34,121200.00
R0004757,I000176-09,LN000176,2025-04-16,1000000.00,144000.00
R0004758,I000237-08,LN000237,2025-04-16,1400000.00,302400.00
R0004759,I000250-10,LN000250,2025-04-16,568888.88,122880.00
R0004760,I000303-08,LN000303,2025-04-16,741666.67,106800.00
R0004761,I000326-06,LN000326,2025-04-16,1388888.89,150000.00
R0004762,I000481-05,LN000481,2025-04-16,1658333.33,238800.00
R0004763,I000487-08,LN000487,2025-04-16,158333.33,22800.00
R0004764,I000703-02,LN000703,2025-04-16,4666666.67,336000.00
R0004765,I000711-01,LN000711,2025-04-16,2655555.56,286800.00
R0004766,I001102-04,LN001102,2025-04-16,250000.00,18000.00
R0004767,I001169-03,LN001169,2025-04-16,3750000.00,270000.00
R0004768,I001181-03,LN001181,2025-04-16,600000.00,86400.00
R0004769,I001188-05,LN001188,2025-04-16,858333.33,123600.00
R0004770,I001216-07,LN001216,2025-04-16,2066666.67,297600.00
R0004771,I001328-05,LN001328,2025-04-16,550000.00,118800.00
R0004772,I001412-05,LN001412,2025-04-16,4600000.00,331200.00
R0004773,I001430-04,LN001430,2025-04-16,391111.11,84480.00
R0004774,I001444-03,LN001444,2025-04-16,2008333.34,289200.00
R0004775,I001596-14,LN001596,2025-04-16,488888.89,105600.00
R0004776,I001608-02,LN001608,2025-04-16,283333.34,20400.00
R0004777,I000228-03,LN000228,2025-04-17,1172222.23,253200.00
R0004778,I000250-11,LN000250,2025-04-17,711111.11,153600.00
R0004779,I000306-02,LN000306,2025-04-17,433333.34,62400.00
R0004780,I000401-02,LN000401,2025-04-17,750000.00,108000.00
R0004781,I000474-07,LN000474,2025-04-17,833333.33,90000.00
R0004782,I000531-07,LN000531,2025-04-17,525000.00,75600.00
R0004783,I000725-14,LN000725,2025-04-17,1211111.11,261600.00
R0004784,I000750-04,LN000750,2025-04-17,741666.67,106800.00
R0004785,I000866-04,LN000866,2025-04-17,1216666.67,87600.00
R0004786,I000896-04,LN000896,2025-04-17,833333.33,90000.00
R0004787,I001073-08,LN001073,2025-04-17,1600000.00,230400.00
R0004788,I001075-10,LN001075,2025-04-17,888888.89,192000.00
R0004789,I001234-11,LN001234,2025-04-17,1183333.33,170400.00
R0004790,I001345-14,LN001345,2025-04-17,1083333.33,234000.00
R0004791,I001370-05,LN001370,2025-04-17,4033333.33,290400.00
R0004792,I001382-06,LN001382,2025-04-17,388888.89,42000.00
R0004793,I001457-05,LN001457,2025-04-17,316666.67,45600.00
R0004794,I001668-08,LN001668,2025-04-17,388888.89,84000.00
R0004795,I001864-03,LN001864,2025-04-17,1850000.00,133200.00
R0004796,I001997-04,LN001997,2025-04-17,1025000.00,147600.00
R0004797,I000012-07,LN000012,2025-04-18,583333.33,84000.00
R0004798,I000321-08,LN000321,2025-04-18,825000.00,118800.00
R0004799,I000502-01,LN000502,2025-04-18,391666.67,56400.00
R0004800,I000507-02,LN000507,2025-04-18,1691666.67,243600.00
R0004801,I000522-05,LN000522,2025-04-18,4783333.33,344400.00
R0004802,I000648-07,LN000648,2025-04-18,550000.00,118800.00
R0004803,I000803-02,LN000803,2025-04-18,1666666.67,240000.00
R0004804,I000827-01,LN000827,2025-04-18,483333.34,34800.00
R0004805,I001024-08,LN001024,2025-04-18,2241666.67,322800.00
R0004806,I001076-03,LN001076,2025-04-18,2333333.34,336000.00
R0004807,I001430-03,LN001430,2025-04-18,195555.55,42240.00
R0004808,I001479-10,LN001479,2025-04-18,2275000.00,327600.00
R0004809,I001488-01,LN001488,2025-04-18,533333.34,57600.00
R0004810,I001658-08,LN001658,2025-04-18,1072222.22,231600.00
R0004811,I001692-05,LN001692,2025-04-18,2783333.33,200400.00
R0004812,I001718-03,LN001718,2025-04-18,4983333.33,358800.00
R0004813,I001739-03,LN001739,2025-04-18,4350000.00,313200.00
R0004814,I001922-03,LN001922,2025-04-18,800000.00,86400.00
R0004815,I001937-08,LN001937,2025-04-18,1383333.33,199200.00
R0004816,I001965-05,LN001965,2025-04-18,1566666.67,225600.00
R0004817,I000084-08,LN000084,2025-04-19,294444.45,63600.00
R0004818,I000203-03,LN000203,2025-04-19,1733333.33,62400.00
R0004819,I000463-03,LN000463,2025-04-19,5966666.66,214800.00
R0004820,I000697-03,LN000697,2025-04-19,255555.56,27600.00
R0004821,I000708-01,LN000708,2025-04-19,1358333.34,195600.00
R0004822,I000806-11,LN000806,2025-04-19,1033333.33,148800.00
R0004823,I000889-02,LN000889,2025-04-19,2444444.45,264000.00
R0004824,I000920-09,LN000920,2025-04-19,675000.00,97200.00
R0004825,I001100-03,LN001100,2025-04-19,1000000.00,72000.00
R0004826,I001199-07,LN001199,2025-04-19,2400000.00,345600.00
R0004827,I001289-01,LN001289,2025-04-19,2058333.34,296400.00
R0004828,I001339-11,LN001339,2025-04-19,2450000.00,352800.00
R0004829,I001360-10,LN001360,2025-04-19,1000000.00,216000.00
R0004830,I001486-12,LN001486,2025-04-19,394444.44,85200.00
R0004831,I001588-02,LN001588,2025-04-19,483333.34,69600.00
R0004832,I001611-02,LN001611,2025-04-19,2716666.67,195600.00
R0004833,I001673-01,LN001673,2025-04-19,2800000.00,100800.00
R0004834,I001718-01,LN001718,2025-04-19,3239166.67,233220.00
R0004835,I001806-03,LN001806,2025-04-19,1133333.34,163200.00
R0004836,I001920-02,LN001920,2025-04-19,2983333.34,214800.00
R0004837,I001960-11,LN001960,2025-04-19,2191666.66,315600.00
R0004838,I001996-02,LN001996,2025-04-19,7866666.67,283200.00
R0004839,I000126-02,LN000126,2025-04-20,3066666.67,220800.00
R0004840,I000205-05,LN000205,2025-04-20,1825000.00,262800.00
R0004841,I000687-01,LN000687,2025-04-20,1750000.00,252000.00
R0004842,I000819-05,LN000819,2025-04-20,991666.67,142800.00
R0004843,I000907-04,LN000907,2025-04-20,2191666.66,157800.00
R0004844,I000933-06,LN000933,2025-04-20,1575000.00,113400.00
R0004845,I000950-04,LN000950,2025-04-20,1525000.00,219600.00
R0004846,I001027-12,LN001027,2025-04-20,400000.00,57600.00
R0004847,I001137-05,LN001137,2025-04-20,400000.00,28800.00
R0004848,I001201-02,LN001201,2025-04-20,325000.00,46800.00
R0004849,I001519-11,LN001519,2025-04-20,2433333.33,350400.00
R0004850,I001598-04,LN001598,2025-04-20,422222.22,45600.00
R0004851,I001601-02,LN001601,2025-04-20,2166666.67,312000.00
R0004852,I001755-04,LN001755,2025-04-20,2350000.00,169200.00
R0004853,I000032-03,LN000032,2025-04-21,841666.67,121200.00
R0004854,I000106-13,LN000106,2025-04-21,105555.55,22800.00
R0004855,I000159-13,LN000159,2025-04-21,494444.44,106800.00
R0004856,I000543-10,LN000543,2025-04-21,325000.00,46800.00
R0004857,I000845-10,LN000845,2025-04-21,675000.00,97200.00
R0004858,I000907-05,LN000907,2025-04-21,4383333.33,315600.00
R0004859,I001081-06,LN001081,2025-04-21,3666666.66,264000.00
R0004860,I001397-04,LN001397,2025-04-21,1511111.11,163200.00
R0004861,I001577-07,LN001577,2025-04-21,755555.55,81600.00
R0004862,I001648-01,LN001648,2025-04-21,850000.00,61200.00
R0004863,I001731-01,LN001731,2025-04-21,1316666.67,284400.00
R0004864,I000073-12,LN000073,2025-04-22,2208333.33,318000.00
R0004865,I000136-02,LN000136,2025-04-22,2166666.67,234000.00
R0004866,I000361-10,LN000361,2025-04-22,1900000.00,273600.00
R0004867,I000517-10,LN000517,2025-04-22,491666.66,70800.00
R0004868,I000693-11,LN000693,2025-04-22,572222.22,123600.00
R0004869,I001135-05,LN001135,2025-04-22,623333.33,89760.00
R0004870,I001200-01,LN001200,2025-04-22,3833333.34,276000.00
R0004871,I001485-11,LN001485,2025-04-22,1000000.00,144000.00
R0004872,I001571-04,LN001571,2025-04-22,3144444.45,339600.00
R0004873,I001589-07,LN001589,2025-04-22,1294444.45,279600.00
R0004874,I000119-01,LN000119,2025-04-23,2375000.00,342000.00
R0004875,I000242-05,LN000242,2025-04-23,883333.33,127200.00
R0004876,I000300-01,LN000300,2025-04-23,2700000.00,291600.00
R0004877,I000412-05,LN000412,2025-04-23,3316666.66,238800.00
R0004878,I000442-08,LN000442,2025-04-23,1533333.33,220800.00
R0004879,I000715-05,LN000715,2025-04-23,3100000.00,223200.00
R0004880,I000739-04,LN000739,2025-04-23,1294444.45,279600.00
R0004881,I000912-09,LN000912,2025-04-23,1108333.33,159600.00
R0004882,I000960-06,LN000960,2025-04-23,1650000.00,237600.00
R0004883,I000981-01,LN000981,2025-04-23,268750.00,38700.00
R0004884,I000997-02,LN000997,2025-04-23,2088888.89,225600.00
R0004885,I001040-03,LN001040,2025-04-23,2144444.45,231600.00
R0004886,I001250-14,LN001250,2025-04-23,1311111.11,283200.00
R0004887,I001434-03,LN001434,2025-04-23,3933333.33,283200.00
R0004888,I001537-08,LN001537,2025-04-23,125000.00,18000.00
R0004889,I001540-08,LN001540,2025-04-23,727777.78,157200.00
R0004890,I001544-02,LN001544,2025-04-23,305555.56,66000.00
R0004891,I001658-07,LN001658,2025-04-23,1072222.22,231600.00
R0004892,I001686-12,LN001686,2025-04-23,1741666.66,250800.00
R0004893,I000219-11,LN000219,2025-04-24,1900000.00,273600.00
R0004894,I000293-07,LN000293,2025-04-24,1100000.00,237600.00
R0004895,I000310-03,LN000310,2025-04-24,2400000.00,345600.00
R0004896,I000452-05,LN000452,2025-04-24,458333.33,66000.00
R0004897,I000516-01,LN000516,2025-04-24,1216666.67,175200.00
R0004898,I000561-03,LN000561,2025-04-24,1700000.00,122400.00
R0004899,I000689-03,LN000689,2025-04-24,3133333.34,338400.00
R0004900,I000797-02,LN000797,2025-04-24,905555.56,195600.00
R0004901,I001149-11,LN001149,2025-04-24,1558333.33,224400.00
R0004902,I001280-11,LN001280,2025-04-24,566666.66,81600.00
R0004903,I001383-06,LN001383,2025-04-24,766666.67,110400.00
R0004904,I001546-02,LN001546,2025-04-24,1525000.00,219600.00
R0004905,I001551-04,LN001551,2025-04-24,3966666.67,285600.00
R0004906,I001594-05,LN001594,2025-04-24,2366666.66,170400.00
R0004907,I001873-04,LN001873,2025-04-24,2933333.33,211200.00
R0004908,I001918-05,LN001918,2025-04-24,2375000.00,342000.00
R0004909,I001992-06,LN001992,2025-04-24,1275000.00,183600.00
R0004910,I000176-10,LN000176,2025-04-25,1000000.00,144000.00
R0004911,I000189-05,LN000189,2025-04-25,244444.44,26400.00
R0004912,I000241-07,LN000241,2025-04-25,766666.67,165600.00
R0004913,I000363-01,LN000363,2025-04-25,2833333.34,306000.00
R0004914,I000375-04,LN000375,2025-04-25,1450000.00,208800.00
R0004915,I000393-06,LN000393,2025-04-25,1550000.00,111600.00
R0004916,I000428-01,LN000428,2025-04-25,3322222.23,358800.00
R0004917,I000437-02,LN000437,2025-04-25,1833333.34,198000.00
R0004918,I000553-09,LN000553,2025-04-25,1991666.66,286800.00
R0004919,I000566-05,LN000566,2025-04-25,488888.89,52800.00
R0004920,I000602-03,LN000602,2025-04-25,1733333.34,249600.00
R0004921,I000642-08,LN000642,2025-04-25,1100000.00,158400.00
R0004922,I000753-06,LN000753,2025-04-25,3766666.66,271200.00
R0004923,I000855-10,LN000855,2025-04-25,1200000.00,172800.00
R0004924,I000861-01,LN000861,2025-04-25,391666.67,56400.00
R0004925,I001034-10,LN001034,2025-04-25,2116666.66,304800.00
R0004926,I001089-08,LN001089,2025-04-25,2466666.67,355200.00
R0004927,I001127-06,LN001127,2025-04-25,1575000.00,226800.00
R0004928,I001230-06,LN001230,2025-04-25,1916666.67,276000.00
R0004929,I001322-03,LN001322,2025-04-25,916666.67,132000.00
R0004930,I001328-06,LN001328,2025-04-25,550000.00,118800.00
R0004931,I001362-09,LN001362,2025-04-25,3188888.88,344400.00
R0004932,I001613-01,LN001613,2025-04-25,1591666.67,229200.00
R0004933,I001705-03,LN001705,2025-04-25,4066666.67,292800.00
R0004934,I001748-08,LN001748,2025-04-25,2155555.55,232800.00
R0004935,I001860-03,LN001860,2025-04-25,1366666.67,196800.00
R0004936,I001951-06,LN001951,2025-04-25,1216666.67,175200.00
R0004937,I000032-02,LN000032,2025-04-26,841666.67,121200.00
R0004938,I000213-15,LN000213,2025-04-26,755555.55,163200.00
R0004939,I000394-04,LN000394,2025-04-26,3133333.33,225600.00
R0004940,I000574-01,LN000574,2025-04-26,344444.45,37200.00
R0004941,I000715-06,LN000715,2025-04-26,3100000.00,223200.00
R0004942,I000725-15,LN000725,2025-04-26,1211111.11,261600.00
R0004943,I000794-01,LN000794,2025-04-26,94444.45,20400.00
R0004944,I001153-08,LN001153,2025-04-26,583333.33,84000.00
R0004945,I001351-11,LN001351,2025-04-26,1283333.33,184800.00
R0004946,I001358-03,LN001358,2025-04-26,1666666.67,240000.00
R0004947,I001429-01,LN001429,2025-04-26,2522222.23,272400.00
R0004948,I001430-05,LN001430,2025-04-26,488888.89,105600.00
R0004949,I001439-09,LN001439,2025-04-26,1175000.00,169200.00
R0004950,I001533-07,LN001533,2025-04-26,211111.11,45600.00
R0004951,I001867-03,LN001867,2025-04-26,1591666.67,229200.00
R0004952,I000040-11,LN000040,2025-04-27,1625000.00,234000.00
R0004953,I000416-01,LN000416,2025-04-27,1000000.00,216000.00
R0004954,I000454-08,LN000454,2025-04-27,1744444.44,188400.00
R0004955,I000628-09,LN000628,2025-04-27,1116666.66,160800.00
R0004956,I000680-13,LN000680,2025-04-27,75000.00,16200.00
R0004957,I000773-06,LN000773,2025-04-27,1100000.00,158400.00
R0004958,I000924-10,LN000924,2025-04-27,333333.33,48000.00
R0004959,I000951-03,LN000951,2025-04-27,4083333.33,294000.00
R0004960,I001048-05,LN001048,2025-04-27,800000.00,86400.00
R0004961,I001291-09,LN001291,2025-04-27,2466666.66,355200.00
R0004962,I001526-08,LN001526,2025-04-27,1053333.33,151680.00
R0004963,I001679-11,LN001679,2025-04-27,1083333.33,156000.00
R0004964,I001736-02,LN001736,2025-04-27,1041666.67,150000.00
R0004965,I001787-04,LN001787,2025-04-27,3750000.00,270000.00
R0004966,I001807-10,LN001807,2025-04-27,433333.33,62400.00
R0004967,I000023-02,LN000023,2025-04-28,416666.67,30000.00
R0004968,I000026-08,LN000026,2025-04-28,782222.22,168960.00
R0004969,I000179-02,LN000179,2025-04-28,222222.23,24000.00
R0004970,I000295-03,LN000295,2025-04-28,516666.67,74400.00
R0004971,I000377-03,LN000377,2025-04-28,1744444.45,188400.00
R0004972,I000401-03,LN000401,2025-04-28,750000.00,108000.00
R0004973,I000427-06,LN000427,2025-04-28,3516666.66,253200.00
R0004974,I000453-15,LN000453,2025-04-28,1005555.55,217200.00
R0004975,I000503-06,LN000503,2025-04-28,2250000.00,162000.00
R0004976,I000680-14,LN000680,2025-04-28,300000.00,64800.00
R0004977,I000711-04,LN000711,2025-04-28,2655555.56,286800.00
R0004978,I000948-06,LN000948,2025-04-28,4283333.33,308400.00
R0004979,I001206-01,LN001206,2025-04-28,4233333.34,152400.00
R0004980,I001251-10,LN001251,2025-04-28,2325000.00,334800.00
R0004981,I001258-08,LN001258,2025-04-28,1038888.89,224400.00
R0004982,I001348-08,LN001348,2025-04-28,52777.78,11400.00
R0004983,I001476-09,LN001476,2025-04-28,1983333.33,285600.00
R0004984,I001588-03,LN001588,2025-04-28,483333.34,69600.00
R0004985,I001624-08,LN001624,2025-04-28,1255555.55,135600.00
R0004986,I001781-03,LN001781,2025-04-28,316666.67,22800.00
R0004987,I001888-11,LN001888,2025-04-28,366666.66,52800.00
R0004988,I001919-14,LN001919,2025-04-28,1261111.11,272400.00
R0004989,I000026-09,LN000026,2025-04-29,977777.78,211200.00
R0004990,I000095-05,LN000095,2025-04-29,233333.34,50400.00
R0004991,I000208-07,LN000208,2025-04-29,675000.00,97200.00
R0004992,I000369-15,LN000369,2025-04-29,377777.77,81600.00
R0004993,I000423-01,LN000423,2025-04-29,6266666.67,225600.00
R0004994,I000429-04,LN000429,2025-04-29,2016666.67,145200.00
R0004995,I000445-01,LN000445,2025-04-29,350000.00,50400.00
R0004996,I000476-13,LN000476,2025-04-29,1133333.33,244800.00
R0004997,I000506-01,LN000506,2025-04-29,1077777.78,232800.00
R0004998,I000517-09,LN000517,2025-04-29,196666.66,28320.00
R0004999,I000532-03,LN000532,2025-04-29,1308333.34,188400.00
R0005000,I000700-04,LN000700,2025-04-29,1333333.34,192000.00
R0005001,I000702-14,LN000702,2025-04-29,722222.22,156000.00
R0005002,I000721-09,LN000721,2025-04-29,500000.00,108000.00
R0005003,I000750-03,LN000750,2025-04-29,741666.67,106800.00
R0005004,I000936-06,LN000936,2025-04-29,3233333.33,349200.00
R0005005,I001063-08,LN001063,2025-04-29,2666666.66,288000.00
R0005006,I001265-09,LN001265,2025-04-29,2350000.00,338400.00
R0005007,I001308-03,LN001308,2025-04-29,2241666.67,322800.00
R0005008,I001409-01,LN001409,2025-04-29,650000.00,93600.00
R0005009,I001455-06,LN001455,2025-04-29,2022222.22,218400.00
R0005010,I001456-13,LN001456,2025-04-29,1405555.55,303600.00
R0005011,I001579-04,LN001579,2025-04-29,983333.33,70800.00
R0005012,I001617-11,LN001617,2025-04-29,595833.32,85800.00
R0005013,I001659-07,LN001659,2025-04-29,1791666.67,258000.00
R0005014,I001744-02,LN001744,2025-04-29,2450000.00,352800.00
R0005015,I001764-03,LN001764,2025-04-29,2433333.34,350400.00
R0005016,I001940-07,LN001940,2025-04-29,1122222.22,242400.00
R0005017,I000270-09,LN000270,2025-04-30,766666.66,110400.00
R0005018,I000307-09,LN000307,2025-04-30,2900000.00,313200.00
R0005019,I000371-01,LN000371,2025-04-30,2175000.00,313200.00
R0005020,I000398-02,LN000398,2025-04-30,750000.00,162000.00
R0005021,I000517-11,LN000517,2025-04-30,491666.66,70800.00
R0005022,I000633-11,LN000633,2025-04-30,675000.00,97200.00
R0005023,I000648-06,LN000648,2025-04-30,550000.00,118800.00
R0005024,I000800-08,LN000800,2025-04-30,511111.11,110400.00
R0005025,I000832-01,LN000832,2025-04-30,2900000.00,313200.00
R0005026,I001047-01,LN001047,2025-04-30,3933333.34,141600.00
R0005027,I001099-05,LN001099,2025-04-30,1011111.11,109200.00
R0005028,I001111-01,LN001111,2025-04-30,158333.34,22800.00
R0005029,I001187-11,LN001187,2025-04-30,2400000.00,345600.00
R0005030,I001216-06,LN001216,2025-04-30,2066666.67,297600.00
R0005031,I001301-10,LN001301,2025-04-30,633333.33,91200.00
R0005032,I001504-08,LN001504,2025-04-30,1283333.33,184800.00
R0005033,I001590-12,LN001590,2025-04-30,1127777.78,243600.00
R0005034,I001733-06,LN001733,2025-04-30,161111.11,34800.00
R0005035,I001851-08,LN001851,2025-04-30,977777.77,105600.00
R0005036,I001867-06,LN001867,2025-04-30,1591666.67,229200.00
R0005037,I001910-04,LN001910,2025-04-30,3111111.11,336000.00
R0005038,I001957-03,LN001957,2025-04-30,1550000.00,111600.00
R0005039,I000187-07,LN000187,2025-05-01,2083333.33,300000.00
R0005040,I000296-01,LN000296,2025-05-01,1600000.00,172800.00
R0005041,I000355-01,LN000355,2025-05-01,866666.67,62400.00
R0005042,I000463-02,LN000463,2025-05-01,5966666.67,214800.00
R0005043,I000472-04,LN000472,2025-05-01,1533333.33,110400.00
R0005044,I000630-06,LN000630,2025-05-01,2666666.66,192000.00
R0005045,I000674-04,LN000674,2025-05-01,425000.00,61200.00
R0005046,I000697-01,LN000697,2025-05-01,255555.56,27600.00
R0005047,I000728-07,LN000728,2025-05-01,516666.67,111600.00
R0005048,I000742-03,LN000742,2025-05-01,2400000.00,259200.00
R0005049,I000952-06,LN000952,2025-05-01,428888.88,92640.00
R0005050,I001276-04,LN001276,2025-05-01,1625000.00,234000.00
R0005051,I001457-04,LN001457,2025-05-01,316666.67,45600.00
R0005052,I001599-01,LN001599,2025-05-01,916666.67,66000.00
R0005053,I000076-01,LN000076,2025-05-02,800000.00,115200.00
R0005054,I000128-08,LN000128,2025-05-02,2391666.67,344400.00
R0005055,I000323-07,LN000323,2025-05-02,916666.67,132000.00
R0005056,I000347-10,LN000347,2025-05-02,1633333.33,235200.00
R0005057,I000514-08,LN000514,2025-05-02,1675000.00,241200.00
R0005058,I000541-12,LN000541,2025-05-02,461111.11,99600.00
R0005059,I000645-06,LN000645,2025-05-02,2950000.00,212400.00
R0005060,I000704-09,LN000704,2025-05-02,1716666.66,247200.00
R0005061,I000719-06,LN000719,2025-05-02,2333333.33,336000.00
R0005062,I000737-12,LN000737,2025-05-02,1288888.89,278400.00
R0005063,I000815-02,LN000815,2025-05-02,1500000.00,162000.00
R0005064,I000865-11,LN000865,2025-05-02,783333.33,112800.00
R0005065,I000911-09,LN000911,2025-05-02,658333.33,94800.00
R0005066,I000930-02,LN000930,2025-05-02,825000.00,118800.00
R0005067,I000952-08,LN000952,2025-05-02,1072222.22,231600.00
R0005068,I001096-08,LN001096,2025-05-02,608333.33,87600.00
R0005069,I001102-02,LN001102,2025-05-02,500000.00,36000.00
R0005070,I001186-13,LN001186,2025-05-02,1077777.78,232800.00
R0005071,I001280-12,LN001280,2025-05-02,566666.66,81600.00
R0005072,I001374-09,LN001374,2025-05-02,888888.89,192000.00
R0005073,I001819-04,LN001819,2025-05-02,275000.00,39600.00
R0005074,I001826-04,LN001826,2025-05-02,2533333.33,273600.00
R0005075,I001830-13,LN001830,2025-05-02,161111.11,34800.00
R0005076,I001844-01,LN001844,2025-05-02,4066666.67,292800.00
R0005077,I001976-06,LN001976,2025-05-02,4116666.66,296400.00
R0005078,I000025-06,LN000025,2025-05-03,4016666.66,289200.00
R0005079,I000201-07,LN000201,2025-05-03,297777.77,32160.00
R0005080,I000420-11,LN000420,2025-05-03,2408333.33,346800.00
R0005081,I000556-07,LN000556,2025-05-03,1322222.22,285600.00
R0005082,I000837-05,LN000837,2025-05-03,433333.33,62400.00
R0005083,I000842-02,LN000842,2025-05-03,733333.34,105600.00
R0005084,I000896-06,LN000896,2025-05-03,833333.33,90000.00
R0005085,I000958-06,LN000958,2025-05-03,3516666.66,253200.00
R0005086,I001064-03,LN001064,2025-05-03,2400000.00,345600.00
R0005087,I001131-04,LN001131,2025-05-03,966666.67,139200.00
R0005088,I001237-16,LN001237,2025-05-03,1533333.33,331200.00
R0005089,I001481-02,LN001481,2025-05-03,1525000.00,219600.00
R0005090,I001537-09,LN001537,2025-05-03,125000.00,18000.00
R0005091,I001568-03,LN001568,2025-05-03,1441666.67,207600.00
R0005092,I001797-07,LN001797,2025-05-03,444444.45,96000.00
R0005093,I001827-09,LN001827,2025-05-03,1405555.56,303600.00
R0005094,I001920-01,LN001920,2025-05-03,2983333.34,214800.00
R0005095,I000237-10,LN000237,2025-05-04,1400000.00,302400.00
R0005096,I000241-09,LN000241,2025-05-04,498333.33,107640.00
R0005097,I000241-10,LN000241,2025-05-04,191666.66,41400.00
R0005098,I000568-01,LN000568,2025-05-04,1208333.34,174000.00
R0005099,I000573-08,LN000573,2025-05-04,1583333.33,342000.00
R0005100,I000822-09,LN000822,2025-05-04,1500000.00,216000.00
R0005101,I001065-03,LN001065,2025-05-04,466666.67,50400.00
R0005102,I001069-05,LN001069,2025-05-04,1405555.56,303600.00
R0005103,I001123-07,LN001123,2025-05-04,2511111.11,271200.00
R0005104,I001174-02,LN001174,2025-05-04,2108333.34,303600.00
R0005105,I001194-04,LN001194,2025-05-04,3177777.78,343200.00
R0005106,I001247-05,LN001247,2025-05-04,1750000.00,252000.00
R0005107,I001738-03,LN001738,2025-05-04,2366666.67,340800.00
R0005108,I001790-01,LN001790,2025-05-04,1216666.67,87600.00
R0005109,I001889-03,LN001889,2025-05-04,1825000.00,262800.00
R0005110,I001894-15,LN001894,2025-05-04,525000.00,113400.00
R0005111,I000415-12,LN000415,2025-05-05,616666.67,133200.00
R0005112,I000523-08,LN000523,2025-05-05,2722222.22,294000.00
R0005113,I000606-03,LN000606,2025-05-05,2441666.67,351600.00
R0005114,I000646-05,LN000646,2025-05-05,1505555.56,325200.00
R0005115,I001019-04,LN001019,2025-05-05,1625000.00,234000.00
R0005116,I001272-04,LN001272,2025-05-05,3350000.00,241200.00
R0005117,I001288-01,LN001288,2025-05-05,2966666.67,213600.00
R0005118,I001472-01,LN001472,2025-05-05,505555.56,109200.00
R0005119,I001521-09,LN001521,2025-05-05,2955555.55,319200.00
R0005120,I001721-08,LN001721,2025-05-05,1250000.00,180000.00
R0005121,I001878-01,LN001878,2025-05-05,416666.67,30000.00
R0005122,I001954-11,LN001954,2025-05-05,1800000.00,259200.00
R0005123,I000092-06,LN000092,2025-05-06,1400000.00,151200.00
R0005124,I000180-09,LN000180,2025-05-06,666666.66,72000.00
R0005125,I000359-02,LN000359,2025-05-06,1600000.00,172800.00
R0005126,I000417-07,LN000417,2025-05-06,1591666.67,229200.00
R0005127,I001020-11,LN001020,2025-05-06,1294444.44,279600.00
R0005128,I001122-05,LN001122,2025-05-06,3050000.00,219600.00
R0005129,I001177-03,LN001177,2025-05-06,333333.34,48000.00
R0005130,I001321-01,LN001321,2025-05-06,4250000.00,306000.00
R0005131,I001612-10,LN001612,2025-05-06,2425000.00,349200.00
R0005132,I001624-09,LN001624,2025-05-06,1255555.55,135600.00
R0005133,I001626-06,LN001626,2025-05-06,1800000.00,129600.00
R0005134,I001644-11,LN001644,2025-05-06,733333.33,105600.00
R0005135,I001729-03,LN001729,2025-05-06,3966666.67,285600.00
R0005136,I001752-01,LN001752,2025-05-06,244444.45,26400.00
R0005137,I000285-05,LN000285,2025-05-07,958333.33,138000.00
R0005138,I000327-09,LN000327,2025-05-07,883333.33,127200.00
R0005139,I000375-03,LN000375,2025-05-07,1450000.00,208800.00
R0005140,I000379-11,LN000379,2025-05-07,1056250.00,152100.00
R0005141,I000430-09,LN000430,2025-05-07,350000.00,50400.00
R0005142,I000753-05,LN000753,2025-05-07,3766666.66,271200.00
R0005143,I001076-01,LN001076,2025-05-07,2333333.34,336000.00
R0005144,I001080-12,LN001080,2025-05-07,716666.66,103200.00
R0005145,I001188-06,LN001188,2025-05-07,858333.33,123600.00
R0005146,I001221-12,LN001221,2025-05-07,850000.00,183600.00
R0005147,I001386-08,LN001386,2025-05-07,1311111.11,141600.00
R0005148,I001444-04,LN001444,2025-05-07,2008333.34,289200.00
R0005149,I001678-08,LN001678,2025-05-07,2208333.33,318000.00
R0005150,I001710-08,LN001710,2025-05-07,158333.33,22800.00
R0005151,I001980-09,LN001980,2025-05-07,500000.00,108000.00
R0005152,I000005-06,LN000005,2025-05-08,300000.00,64800.00
R0005153,I000376-05,LN000376,2025-05-08,1711111.11,184800.00
R0005154,I000504-06,LN000504,2025-05-08,1377777.78,148800.00
R0005155,I000625-05,LN000625,2025-05-08,1416666.66,102000.00
R0005156,I000754-04,LN000754,2025-05-08,2122222.22,229200.00
R0005157,I000777-03,LN000777,2025-05-08,211111.11,45600.00
R0005158,I000955-02,LN000955,2025-05-08,1433333.34,309600.00
R0005159,I000979-01,LN000979,2025-05-08,933333.34,67200.00
R0005160,I001041-10,LN001041,2025-05-08,933333.33,134400.00
R0005161,I001047-02,LN001047,2025-05-08,3933333.33,141600.00
R0005162,I001461-14,LN001461,2025-05-08,400000.00,86400.00
R0005163,I001475-06,LN001475,2025-05-08,1466666.67,158400.00
R0005164,I001534-06,LN001534,2025-05-08,1500000.00,216000.00
R0005165,I001647-03,LN001647,2025-05-08,2683333.33,193200.00
R0005166,I001813-08,LN001813,2025-05-08,988888.89,106800.00
R0005167,I001918-04,LN001918,2025-05-08,2375000.00,342000.00
R0005168,I000465-09,LN000465,2025-05-09,811111.11,87600.00
R0005169,I000489-03,LN000489,2025-05-09,153333.33,22080.00
R0005170,I000524-06,LN000524,2025-05-09,1050000.00,151200.00
R0005171,I000883-07,LN000883,2025-05-09,1966666.67,283200.00
R0005172,I001092-07,LN001092,2025-05-09,850000.00,122400.00
R0005173,I001169-04,LN001169,2025-05-09,3750000.00,270000.00
R0005174,I001279-11,LN001279,2025-05-09,688888.89,148800.00
R0005175,I001362-08,LN001362,2025-05-09,3188888.89,344400.00
R0005176,I001438-15,LN001438,2025-05-09,1305555.55,282000.00
R0005177,I001525-07,LN001525,2025-05-09,266666.66,28800.00
R0005178,I001618-03,LN001618,2025-05-09,1655555.56,178800.00
R0005179,I001628-01,LN001628,2025-05-09,2833333.34,204000.00
R0005180,I001748-07,LN001748,2025-05-09,2155555.55,232800.00
R0005181,I001760-01,LN001760,2025-05-09,1466666.67,158400.00
R0005182,I001794-04,LN001794,2025-05-09,683333.33,49200.00
R0005183,I001896-09,LN001896,2025-05-09,2444444.44,264000.00
R0005184,I000053-05,LN000053,2025-05-10,933333.33,67200.00
R0005185,I000086-02,LN000086,2025-05-10,566666.66,122400.00
R0005186,I000120-09,LN000120,2025-05-10,1133333.33,122400.00
R0005187,I000181-07,LN000181,2025-05-10,1561111.11,337200.00
R0005188,I000257-04,LN000257,2025-05-10,2650000.00,190800.00
R0005189,I000429-06,LN000429,2025-05-10,2016666.66,145200.00
R0005190,I001100-01,LN001100,2025-05-10,1000000.00,72000.00
R0005191,I001258-07,LN001258,2025-05-10,1038888.89,224400.00
R0005192,I001365-01,LN001365,2025-05-10,3011111.12,325200.00
R0005193,I001376-11,LN001376,2025-05-10,2425000.00,349200.00
R0005194,I001389-09,LN001389,2025-05-10,213888.88,23100.00
R0005195,I001561-04,LN001561,2025-05-10,683333.33,49200.00
R0005196,I001669-08,LN001669,2025-05-10,600000.00,86400.00
R0005197,I001682-06,LN001682,2025-05-10,2216666.66,159600.00
R0005198,I001811-03,LN001811,2025-05-10,1300000.00,140400.00
R0005199,I001980-11,LN001980,2025-05-10,1250000.00,270000.00
R0005200,I000012-08,LN000012,2025-05-11,583333.33,84000.00
R0005201,I000060-05,LN000060,2025-05-11,760000.00,54720.00
R0005202,I000085-06,LN000085,2025-05-11,658333.33,94800.00
R0005203,I000204-03,LN000204,2025-05-11,2650000.00,190800.00
R0005204,I000219-12,LN000219,2025-05-11,1900000.00,273600.00
R0005205,I000239-04,LN000239,2025-05-11,350000.00,25200.00
R0005206,I000274-08,LN000274,2025-05-11,3211111.11,346800.00
R0005207,I000303-09,LN000303,2025-05-11,741666.66,106800.00
R0005208,I000417-06,LN000417,2025-05-11,1591666.67,229200.00
R0005209,I000442-10,LN000442,2025-05-11,1533333.33,220800.00
R0005210,I000501-12,LN000501,2025-05-11,466666.66,67200.00
R0005211,I000600-08,LN000600,2025-05-11,1603333.33,230880.00
R0005212,I000648-08,LN000648,2025-05-11,550000.00,118800.00
R0005213,I000862-03,LN000862,2025-05-11,2077777.78,224400.00
R0005214,I001033-09,LN001033,2025-05-11,2125000.00,306000.00
R0005215,I001049-06,LN001049,2025-05-11,2577777.78,278400.00
R0005216,I001102-05,LN001102,2025-05-11,500000.00,36000.00
R0005217,I001151-04,LN001151,2025-05-11,206666.66,29760.00
R0005218,I001255-05,LN001255,2025-05-11,1933333.33,139200.00
R0005219,I001658-09,LN001658,2025-05-11,1072222.22,231600.00
R0005220,I001679-10,LN001679,2025-05-11,1083333.33,156000.00
R0005221,I001922-04,LN001922,2025-05-11,800000.00,86400.00
R0005222,I001965-06,LN001965,2025-05-11,1566666.67,225600.00
R0005223,I001999-04,LN001999,2025-05-11,1600000.00,345600.00
R0005224,I000032-04,LN000032,2025-05-12,841666.67,121200.00
R0005225,I000159-15,LN000159,2025-05-12,988888.89,213600.00
R0005226,I000264-07,LN000264,2025-05-12,1200000.00,172800.00
R0005227,I000356-12,LN000356,2025-05-12,912500.00,131400.00
R0005228,I000433-14,LN000433,2025-05-12,977777.78,211200.00
R0005229,I000489-05,LN000489,2025-05-12,191666.67,27600.00
R0005230,I000525-09,LN000525,2025-05-12,322222.22,69600.00
R0005231,I000697-04,LN000697,2025-05-12,255555.56,27600.00
R0005232,I000708-02,LN000708,2025-05-12,1358333.34,195600.00
R0005233,I000836-08,LN000836,2025-05-12,825000.00,118800.00
R0005234,I000847-12,LN000847,2025-05-12,2041666.66,294000.00
R0005235,I000893-09,LN000893,2025-05-12,422222.22,45600.00
R0005236,I001119-03,LN001119,2025-05-12,1500000.00,216000.00
R0005237,I001226-02,LN001226,2025-05-12,1383333.34,99600.00
R0005238,I001261-15,LN001261,2025-05-12,761111.11,164400.00
R0005239,I001360-11,LN001360,2025-05-12,1000000.00,216000.00
R0005240,I001430-06,LN001430,2025-05-12,488888.89,105600.00
R0005241,I001473-09,LN001473,2025-05-12,1666666.66,240000.00
R0005242,I001484-09,LN001484,2025-05-12,616666.66,88800.00
R0005243,I001795-03,LN001795,2025-05-12,2850000.00,205200.00
R0005244,I001806-04,LN001806,2025-05-12,1133333.34,163200.00
R0005245,I001817-07,LN001817,2025-05-12,1075000.00,154800.00
R0005246,I001818-08,LN001818,2025-05-12,2911111.11,314400.00
R0005247,I001966-11,LN001966,2025-05-12,800000.00,115200.00
R0005248,I000059-09,LN000059,2025-05-13,2400000.00,259200.00
R0005249,I000126-03,LN000126,2025-05-13,3066666.67,220800.00
R0005250,I000185-13,LN000185,2025-05-13,1177777.78,254400.00
R0005251,I000432-02,LN000432,2025-05-13,2158333.34,310800.00
R0005252,I000498-11,LN000498,2025-05-13,570833.33,82200.00
R0005253,I000518-02,LN000518,2025-05-13,2866666.67,309600.00
R0005254,I000542-08,LN000542,2025-05-13,283333.33,40800.00
R0005255,I000819-06,LN000819,2025-05-13,991666.67,142800.00
R0005256,I000917-14,LN000917,2025-05-13,1027777.78,222000.00
R0005257,I001070-05,LN001070,2025-05-13,941666.67,135600.00
R0005258,I001484-11,LN001484,2025-05-13,2466666.66,355200.00
R0005259,I001750-10,LN001750,2025-05-13,2083333.33,300000.00
R0005260,I001758-05,LN001758,2025-05-13,1116666.67,160800.00
R0005261,I001940-06,LN001940,2025-05-13,1122222.22,242400.00
R0005262,I000020-12,LN000020,2025-05-14,683333.33,98400.00
R0005263,I000084-09,LN000084,2025-05-14,294444.44,63600.00
R0005264,I000141-05,LN000141,2025-05-14,1841666.67,265200.00
R0005265,I000294-03,LN000294,2025-05-14,3244444.45,350400.00
R0005266,I000961-09,LN000961,2025-05-14,1475000.00,212400.00
R0005267,I000988-09,LN000988,2025-05-14,1725000.00,248400.00
R0005268,I001012-04,LN001012,2025-05-14,872222.23,188400.00
R0005269,I001079-03,LN001079,2025-05-14,2422222.22,261600.00
R0005270,I001136-05,LN001136,2025-05-14,1666666.67,240000.00
R0005271,I001143-03,LN001143,2025-05-14,4666666.67,336000.00
R0005272,I001316-04,LN001316,2025-05-14,3016666.67,217200.00
R0005273,I001381-03,LN001381,2025-05-14,933333.34,201600.00
R0005274,I001532-10,LN001532,2025-05-14,858333.33,123600.00
R0005275,I001540-09,LN001540,2025-05-14,727777.78,157200.00
R0005276,I001608-03,LN001608,2025-05-14,283333.33,20400.00
R0005277,I001648-02,LN001648,2025-05-14,850000.00,61200.00
R0005278,I001698-04,LN001698,2025-05-14,1366666.67,98400.00
R0005279,I001733-05,LN001733,2025-05-14,161111.11,34800.00
R0005280,I001752-02,LN001752,2025-05-14,244444.45,26400.00
R0005281,I001921-04,LN001921,2025-05-14,2616666.67,188400.00
R0005282,I001945-12,LN001945,2025-05-14,316666.66,45600.00
R0005283,I000023-03,LN000023,2025-05-15,416666.67,30000.00
R0005284,I000069-07,LN000069,2025-05-15,133333.33,19200.00
R0005285,I000110-12,LN000110,2025-05-15,720000.00,103680.00
R0005286,I000174-07,LN000174,2025-05-15,1500000.00,324000.00
R0005287,I000270-08,LN000270,2025-05-15,766666.67,110400.00
R0005288,I000331-02,LN000331,2025-05-15,2408333.34,346800.00
R0005289,I000646-06,LN000646,2025-05-15,1505555.56,325200.00
R0005290,I000962-03,LN000962,2025-05-15,4866666.67,350400.00
R0005291,I001093-03,LN001093,2025-05-15,283333.33,20400.00
R0005292,I001114-12,LN001114,2025-05-15,1091666.66,157200.00
R0005293,I001305-02,LN001305,2025-05-15,1088888.89,235200.00
R0005294,I001736-04,LN001736,2025-05-15,1041666.67,150000.00
R0005295,I001762-04,LN001762,2025-05-15,700000.00,151200.00
R0005296,I001849-01,LN001849,2025-05-15,541666.67,78000.00
R0005297,I001852-07,LN001852,2025-05-15,1088888.89,117600.00
R0005298,I001979-01,LN001979,2025-05-15,2016666.67,145200.00
R0005299,I000162-15,LN000162,2025-05-16,1288888.89,278400.00
R0005300,I000431-02,LN000431,2025-05-16,2166666.67,78000.00
R0005301,I000481-06,LN000481,2025-05-16,1658333.33,238800.00
R0005302,I000490-06,LN000490,2025-05-16,1750000.00,126000.00
R0005303,I000703-03,LN000703,2025-05-16,4666666.67,336000.00
R0005304,I000779-03,LN000779,2025-05-16,3050000.00,219600.00
R0005305,I000979-02,LN000979,2025-05-16,933333.34,67200.00
R0005306,I001127-07,LN001127,2025-05-16,1575000.00,226800.00
R0005307,I001216-08,LN001216,2025-05-16,2066666.67,297600.00
R0005308,I001412-06,LN001412,2025-05-16,4600000.00,331200.00
R0005309,I001452-14,LN001452,2025-05-16,688888.89,148800.00
R0005310,I001488-02,LN001488,2025-05-16,533333.34,57600.00
R0005311,I001579-05,LN001579,2025-05-16,983333.33,70800.00
R0005312,I001630-15,LN001630,2025-05-16,1072222.22,231600.00
R0005313,I001784-02,LN001784,2025-05-16,2391666.67,344400.00
R0005314,I000105-03,LN000105,2025-05-17,1577777.78,170400.00
R0005315,I000250-12,LN000250,2025-05-17,711111.11,153600.00
R0005316,I000279-08,LN000279,2025-05-17,1622222.22,175200.00
R0005317,I000379-12,LN000379,2025-05-17,1625000.00,234000.00
R0005318,I000439-01,LN000439,2025-05-17,261111.12,56400.00
R0005319,I000474-08,LN000474,2025-05-17,833333.33,90000.00
R0005320,I000531-08,LN000531,2025-05-17,525000.00,75600.00
R0005321,I000672-10,LN000672,2025-05-17,216666.66,31200.00
R0005322,I000677-03,LN000677,2025-05-17,166666.66,36000.00
R0005323,I000678-01,LN000678,2025-05-17,2233333.34,160800.00
R0005324,I000866-05,LN000866,2025-05-17,1216666.66,87600.00
R0005325,I001073-09,LN001073,2025-05-17,1600000.00,230400.00
R0005326,I001234-12,LN001234,2025-05-17,1183333.33,170400.00
R0005327,I001345-15,LN001345,2025-05-17,1083333.33,234000.00
R0005328,I001370-06,LN001370,2025-05-17,4033333.33,290400.00
R0005329,I001525-08,LN001525,2025-05-17,266666.66,28800.00
R0005330,I001590-13,LN001590,2025-05-17,1127777.78,243600.00
R0005331,I001627-01,LN001627,2025-05-17,1083333.34,78000.00
R0005332,I001996-03,LN001996,2025-05-17,7866666.66,283200.00
R0005333,I000025-05,LN000025,2025-05-18,4016666.66,289200.00
R0005334,I000242-06,LN000242,2025-05-18,1766666.67,254400.00
R0005335,I000253-03,LN000253,2025-05-18,1577777.78,340800.00
R0005336,I000487-09,LN000487,2025-05-18,158333.33,22800.00
R0005337,I000507-03,LN000507,2025-05-18,1691666.67,243600.00
R0005338,I000642-09,LN000642,2025-05-18,1100000.00,158400.00
R0005339,I000773-07,LN000773,2025-05-18,1100000.00,158400.00
R0005340,I000803-03,LN000803,2025-05-18,1666666.67,240000.00
R0005341,I000817-02,LN000817,2025-05-18,858333.34,123600.00
R0005342,I000842-01,LN000842,2025-05-18,733333.34,105600.00
R0005343,I001024-09,LN001024,2025-05-18,2241666.66,322800.00
R0005344,I001034-11,LN001034,2025-05-18,2116666.66,304800.00
R0005345,I001076-04,LN001076,2025-05-18,2333333.34,336000.00
R0005346,I001181-04,LN001181,2025-05-18,600000.00,86400.00
R0005347,I001224-01,LN001224,2025-05-18,622222.23,134400.00
R0005348,I001261-14,LN001261,2025-05-18,761111.11,164400.00
R0005349,I001303-13,LN001303,2025-05-18,361111.11,78000.00
R0005350,I001481-01,LN001481,2025-05-18,1525000.00,219600.00
R0005351,I001596-15,LN001596,2025-05-18,488888.89,105600.00
R0005352,I001646-01,LN001646,2025-05-18,1883333.34,271200.00
R0005353,I001925-01,LN001925,2025-05-18,2000000.00,144000.00
R0005354,I001933-05,LN001933,2025-05-18,2588888.89,279600.00
R0005355,I000026-07,LN000026,2025-05-19,977777.78,211200.00
R0005356,I000295-04,LN000295,2025-05-19,516666.67,74400.00
R0005357,I000516-02,LN000516,2025-05-19,1216666.67,175200.00
R0005358,I001022-03,LN001022,2025-05-19,3000000.00,216000.00
R0005359,I001164-01,LN001164,2025-05-19,1133333.34,122400.00
R0005360,I001305-05,LN001305,2025-05-19,1088888.89,235200.00
R0005361,I001456-11,LN001456,2025-05-19,1405555.55,303600.00
R0005362,I001457-06,LN001457,2025-05-19,316666.67,45600.00
R0005363,I001659-05,LN001659,2025-05-19,1791666.67,258000.00
R0005364,I001726-06,LN001726,2025-05-19,416666.67,60000.00
R0005365,I001764-01,LN001764,2025-05-19,2433333.34,350400.00
R0005366,I001830-11,LN001830,2025-05-19,161111.11,34800.00
R0005367,I002000-01,LN002000,2025-05-19,333333.34,48000.00
R0005368,I000148-02,LN000148,2025-05-20,400000.00,28800.00
R0005369,I000476-14,LN000476,2025-05-20,1133333.33,244800.00
R0005370,I000566-06,LN000566,2025-05-20,488888.89,52800.00
R0005371,I000687-02,LN000687,2025-05-20,1750000.00,252000.00
R0005372,I000861-02,LN000861,2025-05-20,391666.67,56400.00
R0005373,I001098-06,LN001098,2025-05-20,577777.78,124800.00
R0005374,I001277-04,LN001277,2025-05-20,2733333.33,196800.00
R0005375,I001327-01,LN001327,2025-05-20,608333.34,87600.00
R0005376,I001673-02,LN001673,2025-05-20,2800000.00,100800.00
R0005377,I001755-05,LN001755,2025-05-20,2350000.00,169200.00
R0005378,I001821-04,LN001821,2025-05-20,2308333.34,332400.00
R0005379,I001937-09,LN001937,2025-05-20,1383333.33,199200.00
R0005380,I000106-14,LN000106,2025-05-21,105555.55,22800.00
R0005381,I000119-02,LN000119,2025-05-21,2375000.00,342000.00
R0005382,I000398-03,LN000398,2025-05-21,750000.00,162000.00
R0005383,I000543-11,LN000543,2025-05-21,325000.00,46800.00
R0005384,I000578-03,LN000578,2025-05-21,883333.33,63600.00
R0005385,I000711-05,LN000711,2025-05-21,2655555.56,286800.00
R0005386,I000796-08,LN000796,2025-05-21,1466666.67,316800.00
R0005387,I000845-11,LN000845,2025-05-21,675000.00,97200.00
R0005388,I000889-03,LN000889,2025-05-21,2444444.45,264000.00
R0005389,I000907-06,LN000907,2025-05-21,4383333.33,315600.00
R0005390,I000912-10,LN000912,2025-05-21,1108333.33,159600.00
R0005391,I000917-15,LN000917,2025-05-21,1027777.77,222000.00
R0005392,I001040-04,LN001040,2025-05-21,2144444.45,231600.00
R0005393,I001053-10,LN001053,2025-05-21,183333.33,39600.00
R0005394,I001070-06,LN001070,2025-05-21,941666.67,135600.00
R0005395,I001100-04,LN001100,2025-05-21,1000000.00,72000.00
R0005396,I001144-01,LN001144,2025-05-21,493333.33,35520.00
R0005397,I001144-02,LN001144,2025-05-21,1233333.34,88800.00
R0005398,I001151-05,LN001151,2025-05-21,516666.67,74400.00
R0005399,I001187-12,LN001187,2025-05-21,2400000.00,345600.00
R0005400,I001251-11,LN001251,2025-05-21,2325000.00,334800.00
R0005401,I001289-02,LN001289,2025-05-21,2058333.34,296400.00
R0005402,I001339-12,LN001339,2025-05-21,2450000.00,352800.00
R0005403,I001397-05,LN001397,2025-05-21,1511111.11,163200.00
R0005404,I001486-13,LN001486,2025-05-21,394444.44,85200.00
R0005405,I001611-03,LN001611,2025-05-21,2716666.67,195600.00
R0005406,I001815-09,LN001815,2025-05-21,1625000.00,234000.00
R0005407,I001919-15,LN001919,2025-05-21,1261111.11,272400.00
R0005408,I001920-03,LN001920,2025-05-21,2983333.33,214800.00
R0005409,I000187-08,LN000187,2025-05-22,2083333.33,300000.00
R0005410,I000361-11,LN000361,2025-05-22,1900000.00,273600.00
R0005411,I000464-07,LN000464,2025-05-22,544444.45,117600.00
R0005412,I000598-08,LN000598,2025-05-22,1916666.67,276000.00
R0005413,I000883-06,LN000883,2025-05-22,1966666.67,283200.00
R0005414,I000902-12,LN000902,2025-05-22,89583.33,12900.00
R0005415,I000924-11,LN000924,2025-05-22,333333.33,48000.00
R0005416,I000936-07,LN000936,2025-05-22,3233333.33,349200.00
R0005417,I001135-06,LN001135,2025-05-22,1558333.33,224400.00
R0005418,I001413-03,LN001413,2025-05-22,1941666.67,279600.00
R0005419,I001485-12,LN001485,2025-05-22,1000000.00,144000.00
R0005420,I001502-04,LN001502,2025-05-22,3133333.33,338400.00
R0005421,I001546-03,LN001546,2025-05-22,1525000.00,219600.00
R0005422,I001571-05,LN001571,2025-05-22,3144444.44,339600.00
R0005423,I001668-09,LN001668,2025-05-22,388888.89,84000.00
R0005424,I001744-03,LN001744,2025-05-22,2450000.00,352800.00
R0005425,I001864-04,LN001864,2025-05-22,925000.00,66600.00
R0005426,I001911-01,LN001911,2025-05-22,733333.34,79200.00
R0005427,I000013-01,LN000013,2025-05-23,2491666.67,358800.00
R0005428,I000088-07,LN000088,2025-05-23,1141666.67,164400.00
R0005429,I000164-09,LN000164,2025-05-23,822222.22,177600.00
R0005430,I000300-02,LN000300,2025-05-23,2700000.00,291600.00
R0005431,I000327-10,LN000327,2025-05-23,883333.33,127200.00
R0005432,I000375-05,LN000375,2025-05-23,1450000.00,208800.00
R0005433,I000412-06,LN000412,2025-05-23,2155833.32,155220.00
R0005434,I000502-02,LN000502,2025-05-23,391666.67,56400.00
R0005435,I000541-13,LN000541,2025-05-23,461111.11,99600.00
R0005436,I000625-04,LN000625,2025-05-23,1416666.67,102000.00
R0005437,I000664-10,LN000664,2025-05-23,883333.33,190800.00
R0005438,I000776-01,LN000776,2025-05-23,3450000.00,248400.00
R0005439,I000786-04,LN000786,2025-05-23,3200000.00,345600.00
R0005440,I000798-01,LN000798,2025-05-23,870833.33,125400.00
R0005441,I001014-12,LN001014,2025-05-23,1208333.33,174000.00
R0005442,I001032-04,LN001032,2025-05-23,1166666.67,168000.00
R0005443,I001250-15,LN001250,2025-05-23,1311111.11,283200.00
R0005444,I001355-04,LN001355,2025-05-23,58333.33,8400.00
R0005445,I001461-13,LN001461,2025-05-23,400000.00,86400.00
R0005446,I001588-04,LN001588,2025-05-23,483333.34,69600.00
R0005447,I001932-10,LN001932,2025-05-23,479166.66,69000.00
R0005448,I000177-09,LN000177,2025-05-24,855555.56,184800.00
R0005449,I000186-01,LN000186,2025-05-24,1400000.00,100800.00
R0005450,I000452-06,LN000452,2025-05-24,458333.33,66000.00
R0005451,I000506-02,LN000506,2025-05-24,1077777.78,232800.00
R0005452,I000535-06,LN000535,2025-05-24,1283333.33,92400.00
R0005453,I000574-02,LN000574,2025-05-24,344444.45,37200.00
R0005454,I000748-02,LN000748,2025-05-24,3066666.67,331200.00
R0005455,I000797-03,LN000797,2025-05-24,905555.56,195600.00
R0005456,I000979-03,LN000979,2025-05-24,933333.33,67200.00
R0005457,I001221-10,LN001221,2025-05-24,850000.00,183600.00
R0005458,I001425-01,LN001425,2025-05-24,1661111.12,358800.00
R0005459,I001617-12,LN001617,2025-05-24,916666.66,132000.00
R0005460,I001659-08,LN001659,2025-05-24,1791666.67,258000.00
R0005461,I001918-06,LN001918,2025-05-24,2375000.00,342000.00
R0005462,I000040-12,LN000040,2025-05-25,1625000.00,234000.00
R0005463,I000069-08,LN000069,2025-05-25,266666.67,38400.00
R0005464,I000189-06,LN000189,2025-05-25,244444.44,26400.00
R0005465,I000244-06,LN000244,2025-05-25,3266666.66,235200.00
R0005466,I000363-02,LN000363,2025-05-25,2833333.34,306000.00
R0005467,I000416-02,LN000416,2025-05-25,400000.00,86400.00
R0005468,I000437-03,LN000437,2025-05-25,458333.33,49500.00
R0005469,I000567-01,LN000567,2025-05-25,4116666.67,296400.00
R0005470,I000672-11,LN000672,2025-05-25,216666.66,31200.00
R0005471,I000855-11,LN000855,2025-05-25,1200000.00,172800.00
R0005472,I000870-02,LN000870,2025-05-25,2488888.89,268800.00
R0005473,I000951-04,LN000951,2025-05-25,4083333.33,294000.00
R0005474,I001048-06,LN001048,2025-05-25,800000.00,86400.00
R0005475,I001065-04,LN001065,2025-05-25,466666.67,50400.00
R0005476,I001230-07,LN001230,2025-05-25,1916666.67,276000.00
R0005477,I001309-01,LN001309,2025-05-25,4066666.67,292800.00
R0005478,I001322-04,LN001322,2025-05-25,916666.67,132000.00
R0005479,I001434-04,LN001434,2025-05-25,3933333.33,283200.00
R0005480,I001544-03,LN001544,2025-05-25,305555.56,66000.00
R0005481,I001601-03,LN001601,2025-05-25,1733333.33,249600.00
R0005482,I001826-05,LN001826,2025-05-25,2533333.33,273600.00
R0005483,I000083-07,LN000083,2025-05-26,1561111.11,337200.00
R0005484,I000213-16,LN000213,2025-05-26,755555.55,163200.00
R0005485,I000397-08,LN000397,2025-05-26,483333.33,104400.00
R0005486,I000401-04,LN000401,2025-05-26,750000.00,108000.00
R0005487,I000725-16,LN000725,2025-05-26,1211111.11,261600.00
R0005488,I000844-01,LN000844,2025-05-26,4233333.34,304800.00
R0005489,I000851-07,LN000851,2025-05-26,1222222.22,264000.00
R0005490,I000989-01,LN000989,2025-05-26,1800000.00,129600.00
R0005491,I001148-05,LN001148,2025-05-26,191666.67,27600.00
R0005492,I001199-08,LN001199,2025-05-26,2400000.00,345600.00
R0005493,I001302-06,LN001302,2025-05-26,1000000.00,72000.00
R0005494,I001602-06,LN001602,2025-05-26,2888888.89,312000.00
R0005495,I001784-03,LN001784,2025-05-26,2391666.67,344400.00
R0005496,I001888-12,LN001888,2025-05-26,366666.66,52800.00
R0005497,I001960-12,LN001960,2025-05-26,2191666.66,315600.00
R0005498,I001992-07,LN001992,2025-05-26,1275000.00,183600.00
R0005499,I000205-06,LN000205,2025-05-27,1825000.00,262800.00
R0005500,I000321-10,LN000321,2025-05-27,825000.00,118800.00
R0005501,I000417-08,LN000417,2025-05-27,1591666.67,229200.00
R0005502,I000454-09,LN000454,2025-05-27,1744444.44,188400.00
R0005503,I000675-01,LN000675,2025-05-27,1391666.67,200400.00
R0005504,I000862-04,LN000862,2025-05-27,1662222.22,179520.00
R0005505,I000862-05,LN000862,2025-05-27,2077777.78,224400.00
R0005506,I000931-09,LN000931,2025-05-27,2033333.33,219600.00
R0005507,I001022-04,LN001022,2025-05-27,3000000.00,216000.00
R0005508,I001328-07,LN001328,2025-05-27,550000.00,118800.00
R0005509,I001335-05,LN001335,2025-05-27,1616666.67,349200.00
R0005510,I001409-02,LN001409,2025-05-27,650000.00,93600.00
R0005511,I001479-11,LN001479,2025-05-27,2275000.00,327600.00
R0005512,I001491-07,LN001491,2025-05-27,800000.00,115200.00
R0005513,I001599-02,LN001599,2025-05-27,916666.67,66000.00
R0005514,I001748-09,LN001748,2025-05-27,2155555.55,232800.00
R0005515,I001884-03,LN001884,2025-05-27,3366666.67,242400.00
R0005516,I000186-02,LN000186,2025-05-28,1400000.00,100800.00
R0005517,I000394-05,LN000394,2025-05-28,3133333.33,225600.00
R0005518,I000453-16,LN000453,2025-05-28,1005555.55,217200.00
R0005519,I000498-12,LN000498,2025-05-28,1141666.66,164400.00
R0005520,I000680-15,LN000680,2025-05-28,300000.00,64800.00
R0005521,I000960-07,LN000960,2025-05-28,1650000.00,237600.00
R0005522,I001206-02,LN001206,2025-05-28,4233333.33,152400.00
R0005523,I001453-03,LN001453,2025-05-28,747222.22,80700.00
R0005524,I001673-03,LN001673,2025-05-28,2800000.00,100800.00
R0005525,I001738-04,LN001738,2025-05-28,2366666.67,340800.00
R0005526,I001781-04,LN001781,2025-05-28,316666.67,22800.00
R0005527,I001853-06,LN001853,2025-05-28,2175000.00,313200.00
R0005528,I001910-05,LN001910,2025-05-28,3111111.11,336000.00
R0005529,I001928-07,LN001928,2025-05-28,275000.00,59400.00
R0005530,I001928-08,LN001928,2025-05-28,550000.00,118800.00
R0005531,I000159-16,LN000159,2025-05-29,988888.89,213600.00
R0005532,I000182-03,LN000182,2025-05-29,625000.00,90000.00
R0005533,I000415-13,LN000415,2025-05-29,616666.66,133200.00
R0005534,I000456-05,LN000456,2025-05-29,783333.33,56400.00
R0005535,I000472-05,LN000472,2025-05-29,1533333.33,110400.00
R0005536,I000670-01,LN000670,2025-05-29,441666.67,63600.00
R0005537,I000856-03,LN000856,2025-05-29,1633333.34,235200.00
R0005538,I000901-10,LN000901,2025-05-29,725000.00,104400.00
R0005539,I000982-02,LN000982,2025-05-29,988888.89,213600.00
R0005540,I001014-11,LN001014,2025-05-29,1208333.33,174000.00
R0005541,I001202-11,LN001202,2025-05-29,1250000.00,180000.00
R0005542,I001348-11,LN001348,2025-05-29,105555.55,22800.00
R0005543,I001456-14,LN001456,2025-05-29,1124444.44,242880.00
R0005544,I001553-01,LN001553,2025-05-29,3583333.34,258000.00
R0005545,I001827-10,LN001827,2025-05-29,1405555.56,303600.00
R0005546,I001940-08,LN001940,2025-05-29,1122222.22,242400.00
R0005547,I000176-11,LN000176,2025-05-30,250000.00,36000.00
R0005548,I000179-03,LN000179,2025-05-30,222222.22,24000.00
R0005549,I000323-08,LN000323,2025-05-30,916666.67,132000.00
R0005550,I000429-05,LN000429,2025-05-30,2016666.66,145200.00
R0005551,I000592-09,LN000592,2025-05-30,516666.66,74400.00
R0005552,I000719-07,LN000719,2025-05-30,2333333.33,336000.00
R0005553,I001042-13,LN001042,2025-05-30,1516666.66,327600.00
R0005554,I001069-06,LN001069,2025-05-30,1405555.56,303600.00
R0005555,I001099-06,LN001099,2025-05-30,1011111.11,109200.00
R0005556,I001184-05,LN001184,2025-05-30,608333.33,87600.00
R0005557,I001502-05,LN001502,2025-05-30,3133333.33,338400.00
R0005558,I001618-04,LN001618,2025-05-30,1655555.56,178800.00
R0005559,I001651-01,LN001651,2025-05-30,120833.33,17400.00
R0005560,I000026-10,LN000026,2025-05-31,977777.78,211200.00
R0005561,I000095-06,LN000095,2025-05-31,233333.34,50400.00
R0005562,I000445-02,LN000445,2025-05-31,350000.00,50400.00
R0005563,I000536-03,LN000536,2025-05-31,250000.00,18000.00
R0005564,I000561-04,LN000561,2025-05-31,1700000.00,122400.00
R0005565,I000700-05,LN000700,2025-05-31,1333333.33,192000.00
R0005566,I000792-06,LN000792,2025-05-31,1941666.67,279600.00
R0005567,I001081-05,LN001081,2025-05-31,3666666.66,264000.00
R0005568,I001143-04,LN001143,2025-05-31,4666666.67,336000.00
R0005569,I001168-04,LN001168,2025-05-31,3366666.67,242400.00
R0005570,I001267-03,LN001267,2025-05-31,1066666.67,153600.00
R0005571,I001308-04,LN001308,2025-05-31,2241666.67,322800.00
R0005572,I001374-10,LN001374,2025-05-31,888888.89,192000.00
R0005573,I001721-09,LN001721,2025-05-31,1250000.00,180000.00
R0005574,I000105-02,LN000105,2025-06-01,1577777.78,170400.00
R0005575,I000296-02,LN000296,2025-06-01,1600000.00,172800.00
R0005576,I000310-05,LN000310,2025-06-01,2400000.00,345600.00
R0005577,I000381-11,LN000381,2025-06-01,1375000.00,198000.00
R0005578,I000600-09,LN000600,2025-06-01,2466666.66,355200.00
R0005579,I000633-12,LN000633,2025-06-01,675000.00,97200.00
R0005580,I000643-02,LN000643,2025-06-01,2100000.00,302400.00
R0005581,I000728-08,LN000728,2025-06-01,206666.66,44640.00
R0005582,I000737-13,LN000737,2025-06-01,1288888.89,278400.00
R0005583,I000742-04,LN000742,2025-06-01,2400000.00,259200.00
R0005584,I000747-01,LN000747,2025-06-01,1550000.00,55800.00
R0005585,I000786-05,LN000786,2025-06-01,3200000.00,345600.00
R0005586,I000796-10,LN000796,2025-06-01,1466666.67,316800.00
R0005587,I000930-01,LN000930,2025-06-01,412500.00,59400.00
R0005588,I001032-05,LN001032,2025-06-01,1166666.67,168000.00
R0005589,I001045-12,LN001045,2025-06-01,66666.66,9600.00
R0005590,I001082-01,LN001082,2025-06-01,633333.34,136800.00
R0005591,I001509-12,LN001509,2025-06-01,1433333.33,206400.00
R0005592,I001537-10,LN001537,2025-06-01,125000.00,18000.00
R0005593,I001613-02,LN001613,2025-06-01,1591666.67,229200.00
R0005594,I001719-01,LN001719,2025-06-01,600000.00,86400.00
R0005595,I001733-07,LN001733,2025-06-01,161111.11,34800.00
R0005596,I001866-04,LN001866,2025-06-01,2811111.11,303600.00
R0005597,I000259-02,LN000259,2025-06-02,288888.89,62400.00
R0005598,I000270-10,LN000270,2025-06-02,766666.66,110400.00
R0005599,I000409-06,LN000409,2025-06-02,1975000.00,284400.00
R0005600,I000493-01,LN000493,2025-06-02,677777.78,73200.00
R0005601,I000514-09,LN000514,2025-06-02,1675000.00,241200.00
R0005602,I000568-02,LN000568,2025-06-02,966666.67,139200.00
R0005603,I000689-04,LN000689,2025-06-02,3133333.33,338400.00
R0005604,I000748-03,LN000748,2025-06-02,3066666.67,331200.00
R0005605,I000865-12,LN000865,2025-06-02,783333.33,112800.00
R0005606,I000883-08,LN000883,2025-06-02,1966666.67,283200.00
R0005607,I000930-03,LN000930,2025-06-02,825000.00,118800.00
R0005608,I001257-02,LN001257,2025-06-02,1316666.67,284400.00
R0005609,I001438-16,LN001438,2025-06-02,1305555.55,282000.00
R0005610,I001462-02,LN001462,2025-06-02,2933333.34,211200.00
R0005611,I001591-08,LN001591,2025-06-02,566666.67,122400.00
R0005612,I001705-04,LN001705,2025-06-02,4066666.67,292800.00
R0005613,I001858-01,LN001858,2025-06-02,725000.00,104400.00
R0005614,I001933-04,LN001933,2025-06-02,2588888.89,279600.00
R0005615,I001957-04,LN001957,2025-06-02,1550000.00,111600.00
R0005616,I000682-05,LN000682,2025-06-03,766666.67,82800.00
R0005617,I000837-06,LN000837,2025-06-03,433333.33,62400.00
R0005618,I000842-03,LN000842,2025-06-03,733333.34,105600.00
R0005619,I000870-03,LN000870,2025-06-03,2488888.89,268800.00
R0005620,I001064-04,LN001064,2025-06-03,2400000.00,345600.00
R0005621,I001075-13,LN001075,2025-06-03,888888.89,192000.00
R0005622,I001145-08,LN001145,2025-06-03,390000.00,56160.00
R0005623,I001226-03,LN001226,2025-06-03,1383333.33,99600.00
R0005624,I001261-16,LN001261,2025-06-03,761111.11,164400.00
R0005625,I001276-05,LN001276,2025-06-03,1625000.00,234000.00
R0005626,I001288-02,LN001288,2025-06-03,2966666.67,213600.00
R0005627,I001437-06,LN001437,2025-06-03,3100000.00,223200.00
R0005628,I001481-03,LN001481,2025-06-03,1525000.00,219600.00
R0005629,I001669-09,LN001669,2025-06-03,600000.00,86400.00
R0005630,I001790-02,LN001790,2025-06-03,1216666.67,87600.00
R0005631,I001934-02,LN001934,2025-06-03,4200000.00,302400.00
R0005632,I001954-12,LN001954,2025-06-03,1800000.00,259200.00
R0005633,I000237-11,LN000237,2025-06-04,1400000.00,302400.00
R0005634,I000794-02,LN000794,2025-06-04,94444.45,20400.00
R0005635,I000817-03,LN000817,2025-06-04,858333.34,123600.00
R0005636,I001092-08,LN001092,2025-06-04,850000.00,122400.00
R0005637,I001194-05,LN001194,2025-06-04,3177777.78,343200.00
R0005638,I001258-09,LN001258,2025-06-04,1038888.89,224400.00
R0005639,I001291-10,LN001291,2025-06-04,2466666.66,355200.00
R0005640,I001358-04,LN001358,2025-06-04,1666666.67,240000.00
R0005641,I001612-11,LN001612,2025-06-04,1940000.00,279360.00
R0005642,I001889-04,LN001889,2025-06-04,1825000.00,262800.00
R0005643,I001894-16,LN001894,2025-06-04,1050000.00,226800.00
R0005644,I001899-02,LN001899,2025-06-04,850000.00,122400.00
R0005645,I000086-03,LN000086,2025-06-05,1416666.67,306000.00
R0005646,I000134-10,LN000134,2025-06-05,191666.66,27600.00
R0005647,I000141-06,LN000141,2025-06-05,1841666.67,265200.00
R0005648,I000147-13,LN000147,2025-06-05,1050000.00,226800.00
R0005649,I000264-08,LN000264,2025-06-05,1200000.00,172800.00
R0005650,I000310-06,LN000310,2025-06-05,2400000.00,345600.00
R0005651,I000420-12,LN000420,2025-06-05,2408333.33,346800.00
R0005652,I000430-10,LN000430,2025-06-05,350000.00,50400.00
R0005653,I000523-09,LN000523,2025-06-05,2722222.22,294000.00
R0005654,I000572-01,LN000572,2025-06-05,2500000.00,90000.00
R0005655,I000752-08,LN000752,2025-06-05,1627777.78,351600.00
R0005656,I000961-10,LN000961,2025-06-05,1475000.00,212400.00
R0005657,I001012-05,LN001012,2025-06-05,872222.22,188400.00
R0005658,I001036-01,LN001036,2025-06-05,566666.67,81600.00
R0005659,I001301-11,LN001301,2025-06-05,633333.33,91200.00
R0005660,I001414-12,LN001414,2025-06-05,216666.66,31200.00
R0005661,I001471-02,LN001471,2025-06-05,475000.00,68400.00
R0005662,I001472-02,LN001472,2025-06-05,505555.56,109200.00
R0005663,I001532-11,LN001532,2025-06-05,858333.33,123600.00
R0005664,I001678-09,LN001678,2025-06-05,2208333.33,318000.00
R0005665,I001679-12,LN001679,2025-06-05,1083333.33,156000.00
R0005666,I001811-04,LN001811,2025-06-05,1300000.00,140400.00
R0005667,I001921-05,LN001921,2025-06-05,2616666.66,188400.00
R0005668,I000023-04,LN000023,2025-06-06,416666.67,30000.00
R0005669,I000149-10,LN000149,2025-06-06,900000.00,129600.00
R0005670,I000241-11,LN000241,2025-06-06,766666.67,165600.00
R0005671,I000532-04,LN000532,2025-06-06,1308333.34,188400.00
R0005672,I000573-09,LN000573,2025-06-06,1583333.33,342000.00
R0005673,I000721-10,LN000721,2025-06-06,500000.00,108000.00
R0005674,I001049-07,LN001049,2025-06-06,2577777.78,278400.00
R0005675,I001062-04,LN001062,2025-06-06,383333.33,27600.00
R0005676,I001098-07,LN001098,2025-06-06,577777.78,124800.00
R0005677,I001122-06,LN001122,2025-06-06,3050000.00,219600.00
R0005678,I001174-03,LN001174,2025-06-06,2108333.34,303600.00
R0005679,I001177-04,LN001177,2025-06-06,333333.34,48000.00
R0005680,I001267-02,LN001267,2025-06-06,1066666.67,153600.00
R0005681,I001311-06,LN001311,2025-06-06,2544444.44,274800.00
R0005682,I001644-12,LN001644,2025-06-06,733333.33,105600.00
R0005683,I001737-17,LN001737,2025-06-06,131944.44,28500.00
R0005684,I001758-06,LN001758,2025-06-06,1116666.67,160800.00
R0005685,I000244-05,LN000244,2025-06-07,3266666.66,235200.00
R0005686,I000343-01,LN000343,2025-06-07,1277777.78,138000.00
R0005687,I000777-02,LN000777,2025-06-07,168888.89,36480.00
R0005688,I001188-07,LN001188,2025-06-07,858333.33,123600.00
R0005689,I001929-07,LN001929,2025-06-07,738888.89,159600.00
R0005690,I000076-02,LN000076,2025-06-08,800000.00,115200.00
R0005691,I000371-02,LN000371,2025-06-08,2175000.00,313200.00
R0005692,I000376-06,LN000376,2025-06-08,1711111.11,184800.00
R0005693,I000436-02,LN000436,2025-06-08,1091666.67,157200.00
R0005694,I000504-07,LN000504,2025-06-08,1377777.78,148800.00
R0005695,I000955-03,LN000955,2025-06-08,1433333.34,309600.00
R0005696,I000962-04,LN000962,2025-06-08,4866666.67,350400.00
R0005697,I001041-11,LN001041,2025-06-08,933333.33,134400.00
R0005698,I001047-03,LN001047,2025-06-08,3933333.33,141600.00
R0005699,I001111-02,LN001111,2025-06-08,158333.34,22800.00
R0005700,I001272-05,LN001272,2025-06-08,837500.00,60300.00
R0005701,I001349-07,LN001349,2025-06-08,977777.78,211200.00
R0005702,I001376-12,LN001376,2025-06-08,2425000.00,349200.00
R0005703,I001382-07,LN001382,2025-06-08,388888.89,42000.00
R0005704,I001794-05,LN001794,2025-06-08,683333.33,49200.00
R0005705,I001830-14,LN001830,2025-06-08,161111.11,34800.00
R0005706,I001980-12,LN001980,2025-06-08,1250000.00,270000.00
R0005707,I000164-10,LN000164,2025-06-09,822222.22,177600.00
R0005708,I000253-04,LN000253,2025-06-09,1577777.78,340800.00
R0005709,I000269-06,LN000269,2025-06-09,1126666.66,162240.00
R0005710,I000294-04,LN000294,2025-06-09,3244444.45,350400.00
R0005711,I000316-02,LN000316,2025-06-09,1975000.00,284400.00
R0005712,I000442-11,LN000442,2025-06-09,1533333.33,220800.00
R0005713,I000522-06,LN000522,2025-06-09,4783333.33,344400.00
R0005714,I000524-07,LN000524,2025-06-09,1050000.00,151200.00
R0005715,I000553-10,LN000553,2025-06-09,1294583.32,186420.00
R0005716,I000628-10,LN000628,2025-06-09,1116666.66,160800.00
R0005717,I000815-03,LN000815,2025-06-09,1500000.00,162000.00
R0005718,I000827-02,LN000827,2025-06-09,483333.34,34800.00
R0005719,I001471-01,LN001471,2025-06-09,118750.00,17100.00
R0005720,I001579-06,LN001579,2025-06-09,983333.33,70800.00
R0005721,I001658-10,LN001658,2025-06-09,1072222.22,231600.00
R0005722,I001726-09,LN001726,2025-06-09,416666.66,60000.00
R0005723,I001922-05,LN001922,2025-06-09,800000.00,86400.00
R0005724,I000174-08,LN000174,2025-06-10,1500000.00,324000.00
R0005725,I000285-06,LN000285,2025-06-10,239583.33,34500.00
R0005726,I000381-12,LN000381,2025-06-10,1375000.00,198000.00
R0005727,I000525-10,LN000525,2025-06-10,322222.22,69600.00
R0005728,I000561-02,LN000561,2025-06-10,1700000.00,122400.00
R0005729,I000669-10,LN000669,2025-06-10,845833.33,121800.00
R0005730,I000674-05,LN000674,2025-06-10,425000.00,61200.00
R0005731,I000708-03,LN000708,2025-06-10,1358333.34,195600.00
R0005732,I000836-09,LN000836,2025-06-10,825000.00,118800.00
R0005733,I001143-02,LN001143,2025-06-10,4666666.67,336000.00
R0005734,I001268-01,LN001268,2025-06-10,2083333.34,300000.00
R0005735,I001429-02,LN001429,2025-06-10,2522222.23,272400.00
R0005736,I001561-05,LN001561,2025-06-10,683333.33,49200.00
R0005737,I001795-04,LN001795,2025-06-10,2850000.00,205200.00
R0005738,I001806-05,LN001806,2025-06-10,1133333.33,163200.00
R0005739,I001813-09,LN001813,2025-06-10,988888.88,106800.00
R0005740,I001819-06,LN001819,2025-06-10,275000.00,39600.00
R0005741,I001897-01,LN001897,2025-06-10,2316666.67,166800.00
R0005742,I001979-02,LN001979,2025-06-10,4033333.34,290400.00
R0005743,I000060-06,LN000060,2025-06-11,950000.00,68400.00
R0005744,I000085-07,LN000085,2025-06-11,658333.33,94800.00
R0005745,I000136-03,LN000136,2025-06-11,2166666.67,234000.00
R0005746,I000239-05,LN000239,2025-06-11,350000.00,25200.00
R0005747,I000332-01,LN000332,2025-06-11,2108333.34,303600.00
R0005748,I000409-07,LN000409,2025-06-11,1975000.00,284400.00
R0005749,I000819-07,LN000819,2025-06-11,991666.67,142800.00
R0005750,I000950-06,LN000950,2025-06-11,1525000.00,219600.00
R0005751,I001127-08,LN001127,2025-06-11,1575000.00,226800.00
R0005752,I001137-06,LN001137,2025-06-11,400000.00,28800.00
R0005753,I001255-06,LN001255,2025-06-11,1933333.33,139200.00
R0005754,I001277-05,LN001277,2025-06-11,2733333.33,196800.00
R0005755,I001279-12,LN001279,2025-06-11,688888.89,148800.00
R0005756,I001303-14,LN001303,2025-06-11,361111.11,78000.00
R0005757,I001320-01,LN001320,2025-06-11,1405555.56,303600.00
R0005758,I001519-12,LN001519,2025-06-11,2433333.33,350400.00
R0005759,I001844-02,LN001844,2025-06-11,4066666.67,292800.00
R0005760,I000053-06,LN000053,2025-06-12,933333.33,67200.00
R0005761,I000155-03,LN000155,2025-06-12,1683333.33,121200.00
R0005762,I000257-05,LN000257,2025-06-12,2650000.00,190800.00
R0005763,I000395-01,LN000395,2025-06-12,4833333.34,174000.00
R0005764,I000433-15,LN000433,2025-06-12,977777.77,211200.00
R0005765,I000489-06,LN000489,2025-06-12,191666.67,27600.00
R0005766,I000544-05,LN000544,2025-06-12,2408333.33,346800.00
R0005767,I000723-05,LN000723,2025-06-12,754166.66,108600.00
R0005768,I000896-07,LN000896,2025-06-12,833333.33,90000.00
R0005769,I000900-11,LN000900,2025-06-12,883333.33,127200.00
R0005770,I001079-04,LN001079,2025-06-12,2422222.22,261600.00
R0005771,I001382-08,LN001382,2025-06-12,388888.89,42000.00
R0005772,I001419-01,LN001419,2025-06-12,908333.34,130800.00
R0005773,I001575-02,LN001575,2025-06-12,950000.00,68400.00
R0005774,I001739-06,LN001739,2025-06-12,4350000.00,313200.00
R0005775,I001853-05,LN001853,2025-06-12,2175000.00,313200.00
R0005776,I001966-12,LN001966,2025-06-12,800000.00,115200.00
R0005777,I000072-06,LN000072,2025-06-13,1300000.00,280800.00
R0005778,I000083-08,LN000083,2025-06-13,1561111.11,337200.00
R0005779,I000126-04,LN000126,2025-06-13,3066666.67,220800.00
R0005780,I000228-04,LN000228,2025-06-13,1172222.23,253200.00
R0005781,I000777-04,LN000777,2025-06-13,137222.22,29640.00
R0005782,I000854-01,LN000854,2025-06-13,1883333.34,271200.00
R0005783,I001168-03,LN001168,2025-06-13,3366666.67,242400.00
R0005784,I001750-11,LN001750,2025-06-13,2083333.33,300000.00
R0005785,I001762-05,LN001762,2025-06-13,700000.00,151200.00
R0005786,I001852-08,LN001852,2025-06-13,1088888.89,117600.00
R0005787,I001860-06,LN001860,2025-06-13,1366666.67,196800.00
R0005788,I001873-05,LN001873,2025-06-13,2346666.66,168960.00
R0005789,I000569-01,LN000569,2025-06-14,2744444.45,296400.00
R0005790,I000606-04,LN000606,2025-06-14,2441666.67,351600.00
R0005791,I000677-04,LN000677,2025-06-14,416666.67,90000.00
R0005792,I000703-04,LN000703,2025-06-14,4666666.67,336000.00
R0005793,I000762-02,LN000762,2025-06-14,1875000.00,270000.00
R0005794,I000768-04,LN000768,2025-06-14,1788888.89,193200.00
R0005795,I000768-05,LN000768,2025-06-14,447222.22,48300.00
R0005796,I000882-01,LN000882,2025-06-14,3600000.00,129600.00
R0005797,I000957-15,LN000957,2025-06-14,1477777.77,319200.00
R0005798,I000988-10,LN000988,2025-06-14,1725000.00,248400.00
R0005799,I001089-09,LN001089,2025-06-14,2466666.66,355200.00
R0005800,I001096-09,LN001096,2025-06-14,608333.33,87600.00
R0005801,I001100-05,LN001100,2025-06-14,1000000.00,72000.00
R0005802,I001169-05,LN001169,2025-06-14,3750000.00,270000.00
R0005803,I001184-04,LN001184,2025-06-14,608333.34,87600.00
R0005804,I001358-02,LN001358,2025-06-14,1666666.67,240000.00
R0005805,I001381-04,LN001381,2025-06-14,933333.34,201600.00
R0005806,I001611-04,LN001611,2025-06-14,2716666.67,195600.00
R0005807,I001642-05,LN001642,2025-06-14,450000.00,97200.00
R0005808,I001710-09,LN001710,2025-06-14,158333.33,22800.00
R0005809,I001726-08,LN001726,2025-06-14,416666.67,60000.00
R0005810,I001818-09,LN001818,2025-06-14,2911111.11,314400.00
R0005811,I001866-03,LN001866,2025-06-14,2811111.11,303600.00
R0005812,I001878-02,LN001878,2025-06-14,416666.67,30000.00
R0005813,I000079-01,LN000079,2025-06-15,2183333.34,157200.00
R0005814,I000136-04,LN000136,2025-06-15,2166666.67,234000.00
R0005815,I000436-03,LN000436,2025-06-15,1091666.67,157200.00
R0005816,I000693-13,LN000693,2025-06-15,572222.22,123600.00
R0005817,I000723-06,LN000723,2025-06-15,1508333.33,217200.00
R0005818,I001157-01,LN001157,2025-06-15,266666.67,28800.00
R0005819,I001594-06,LN001594,2025-06-15,2366666.66,170400.00
R0005820,I001647-04,LN001647,2025-06-15,2683333.33,193200.00
R0005821,I000130-05,LN000130,2025-06-16,3316666.66,238800.00
R0005822,I000162-16,LN000162,2025-06-16,1288888.89,278400.00
R0005823,I000171-01,LN000171,2025-06-16,1111111.12,120000.00
R0005824,I000199-01,LN000199,2025-06-16,2241666.67,322800.00
R0005825,I000326-08,LN000326,2025-06-16,1388888.89,150000.00
R0005826,I000355-02,LN000355,2025-06-16,433333.33,31200.00
R0005827,I000578-04,LN000578,2025-06-16,883333.33,63600.00
R0005828,I000739-06,LN000739,2025-06-16,1294444.45,279600.00
R0005829,I000776-02,LN000776,2025-06-16,3450000.00,248400.00
R0005830,I001186-14,LN001186,2025-06-16,1077777.78,232800.00
R0005831,I001201-03,LN001201,2025-06-16,325000.00,46800.00
R0005832,I001309-02,LN001309,2025-06-16,4066666.67,292800.00
R0005833,I001501-01,LN001501,2025-06-16,994444.45,214800.00
R0005834,I001633-01,LN001633,2025-06-16,2300000.00,248400.00
R0005835,I001752-03,LN001752,2025-06-16,244444.45,26400.00
R0005836,I001999-05,LN001999,2025-06-16,1600000.00,345600.00
R0005837,I000439-02,LN000439,2025-06-17,261111.12,56400.00
R0005838,I000474-09,LN000474,2025-06-17,833333.33,90000.00
R0005839,I000531-09,LN000531,2025-06-17,525000.00,75600.00
R0005840,I000754-05,LN000754,2025-06-17,2122222.22,229200.00
R0005841,I000866-06,LN000866,2025-06-17,1216666.66,87600.00
R0005842,I001042-14,LN001042,2025-06-17,1516666.66,327600.00
R0005843,I001073-10,LN001073,2025-06-17,1600000.00,230400.00
R0005844,I001163-02,LN001163,2025-06-17,1866666.67,134400.00
R0005845,I001199-09,LN001199,2025-06-17,2400000.00,345600.00
R0005846,I001225-02,LN001225,2025-06-17,508333.34,73200.00
R0005847,I001456-12,LN001456,2025-06-17,1405555.55,303600.00
R0005848,I001457-07,LN001457,2025-06-17,316666.67,45600.00
R0005849,I001461-15,LN001461,2025-06-17,400000.00,86400.00
R0005850,I001849-02,LN001849,2025-06-17,541666.67,78000.00
R0005851,I001864-05,LN001864,2025-06-17,1850000.00,133200.00
R0005852,I000012-09,LN000012,2025-06-18,583333.33,84000.00
R0005853,I000091-02,LN000091,2025-06-18,416666.67,60000.00
R0005854,I000208-08,LN000208,2025-06-18,675000.00,97200.00
R0005855,I000487-10,LN000487,2025-06-18,158333.33,22800.00
R0005856,I000502-03,LN000502,2025-06-18,391666.67,56400.00
R0005857,I000507-04,LN000507,2025-06-18,1691666.67,243600.00
R0005858,I000536-04,LN000536,2025-06-18,250000.00,18000.00
R0005859,I000633-10,LN000633,2025-06-18,675000.00,97200.00
R0005860,I000798-02,LN000798,2025-06-18,1741666.67,250800.00
R0005861,I000803-04,LN000803,2025-06-18,1666666.67,240000.00
R0005862,I000827-03,LN000827,2025-06-18,483333.33,34800.00
R0005863,I001019-05,LN001019,2025-06-18,406250.00,58500.00
R0005864,I001024-10,LN001024,2025-06-18,2241666.66,322800.00
R0005865,I001034-12,LN001034,2025-06-18,2116666.66,304800.00
R0005866,I001089-10,LN001089,2025-06-18,2466666.66,355200.00
R0005867,I001455-07,LN001455,2025-06-18,2022222.22,218400.00
R0005868,I001479-12,LN001479,2025-06-18,2275000.00,327600.00
R0005869,I001613-03,LN001613,2025-06-18,1591666.67,229200.00
R0005870,I001760-02,LN001760,2025-06-18,1466666.67,158400.00
R0005871,I000084-10,LN000084,2025-06-19,294444.44,63600.00
R0005872,I000105-04,LN000105,2025-06-19,1577777.78,170400.00
R0005873,I000293-09,LN000293,2025-06-19,1100000.00,237600.00
R0005874,I000295-05,LN000295,2025-06-19,516666.67,74400.00
R0005875,I000306-04,LN000306,2025-06-19,433333.34,62400.00
R0005876,I000377-04,LN000377,2025-06-19,1744444.45,188400.00
R0005877,I000431-03,LN000431,2025-06-19,541666.66,19500.00
R0005878,I000453-17,LN000453,2025-06-19,1005555.55,217200.00
R0005879,I000556-10,LN000556,2025-06-19,1322222.22,285600.00
R0005880,I000574-03,LN000574,2025-06-19,344444.45,37200.00
R0005881,I000678-02,LN000678,2025-06-19,2233333.34,160800.00
R0005882,I000752-07,LN000752,2025-06-19,1627777.78,351600.00
R0005883,I000851-08,LN000851,2025-06-19,794444.44,171600.00
R0005884,I001206-03,LN001206,2025-06-19,4233333.33,152400.00
R0005885,I001430-07,LN001430,2025-06-19,488888.89,105600.00
R0005886,I001476-11,LN001476,2025-06-19,1983333.33,285600.00
R0005887,I001525-09,LN001525,2025-06-19,266666.66,28800.00
R0005888,I001615-02,LN001615,2025-06-19,1255555.56,271200.00
R0005889,I001627-02,LN001627,2025-06-19,1083333.34,78000.00
R0005890,I001648-03,LN001648,2025-06-19,850000.00,61200.00
R0005891,I001920-04,LN001920,2025-06-19,2983333.33,214800.00
R0005892,I001997-06,LN001997,2025-06-19,1025000.00,147600.00
R0005893,I002000-02,LN002000,2025-06-19,333333.34,48000.00
R0005894,I000148-03,LN000148,2025-06-20,400000.00,28800.00
R0005895,I000149-09,LN000149,2025-06-20,900000.00,129600.00
R0005896,I000159-17,LN000159,2025-06-20,988888.88,213600.00
R0005897,I000205-07,LN000205,2025-06-20,1825000.00,262800.00
R0005898,I000476-15,LN000476,2025-06-20,1133333.33,244800.00
R0005899,I000544-04,LN000544,2025-06-20,602083.33,86700.00
R0005900,I000553-11,LN000553,2025-06-20,1991666.66,286800.00
R0005901,I000702-15,LN000702,2025-06-20,722222.22,156000.00
R0005902,I000773-08,LN000773,2025-06-20,1100000.00,158400.00
R0005903,I000796-09,LN000796,2025-06-20,1466666.67,316800.00
R0005904,I000981-03,LN000981,2025-06-20,1075000.00,154800.00
R0005905,I001093-04,LN001093,2025-06-20,283333.33,20400.00
R0005906,I001247-08,LN001247,2025-06-20,1750000.00,252000.00
R0005907,I001257-03,LN001257,2025-06-20,1316666.67,284400.00
R0005908,I001327-02,LN001327,2025-06-20,608333.34,87600.00
R0005909,I001425-02,LN001425,2025-06-20,415277.78,89700.00
R0005910,I001755-06,LN001755,2025-06-20,2350000.00,169200.00
R0005911,I001780-09,LN001780,2025-06-20,600000.00,64800.00
R0005912,I001926-01,LN001926,2025-06-20,2022222.23,218400.00
R0005913,I000013-02,LN000013,2025-06-21,2491666.67,358800.00
R0005914,I000032-05,LN000032,2025-06-21,841666.67,121200.00
R0005915,I000119-03,LN000119,2025-06-21,2375000.00,342000.00
R0005916,I000300-03,LN000300,2025-06-21,2700000.00,291600.00
R0005917,I000347-11,LN000347,2025-06-21,1633333.33,235200.00
R0005918,I000398-04,LN000398,2025-06-21,750000.00,162000.00
R0005919,I000704-10,LN000704,2025-06-21,1716666.66,247200.00
R0005920,I000845-12,LN000845,2025-06-21,675000.00,97200.00
R0005921,I000889-04,LN000889,2025-06-21,2444444.45,264000.00
R0005922,I000917-16,LN000917,2025-06-21,1027777.77,222000.00
R0005923,I001053-11,LN001053,2025-06-21,183333.33,39600.00
R0005924,I001144-03,LN001144,2025-06-21,1233333.33,88800.00
R0005925,I001191-03,LN001191,2025-06-21,2600000.00,280800.00
R0005926,I001289-03,LN001289,2025-06-21,2058333.34,296400.00
R0005927,I001473-10,LN001473,2025-06-21,1666666.66,240000.00
R0005928,I001868-10,LN001868,2025-06-21,800000.00,115200.00
R0005929,I000187-09,LN000187,2025-06-22,2083333.33,300000.00
R0005930,I000361-12,LN000361,2025-06-22,1900000.00,273600.00
R0005931,I000517-12,LN000517,2025-06-22,491666.66,70800.00
R0005932,I000561-05,LN000561,2025-06-22,1700000.00,122400.00
R0005933,I000982-03,LN000982,2025-06-22,988888.89,213600.00
R0005934,I001267-04,LN001267,2025-06-22,1066666.67,153600.00
R0005935,I001355-05,LN001355,2025-06-22,116666.66,16800.00
R0005936,I001455-08,LN001455,2025-06-22,2022222.22,218400.00
R0005937,I001470-01,LN001470,2025-06-22,4550000.00,327600.00
R0005938,I001484-12,LN001484,2025-06-22,2466666.66,355200.00
R0005939,I001546-04,LN001546,2025-06-22,1525000.00,219600.00
R0005940,I001557-01,LN001557,2025-06-22,1950000.00,140400.00
R0005941,I001598-06,LN001598,2025-06-22,422222.22,45600.00
R0005942,I001668-10,LN001668,2025-06-22,388888.89,84000.00
R0005943,I001827-08,LN001827,2025-06-22,1405555.56,303600.00
R0005944,I000088-08,LN000088,2025-06-23,1141666.67,164400.00
R0005945,I000363-03,LN000363,2025-06-23,2833333.34,306000.00
R0005946,I000535-05,LN000535,2025-06-23,513333.33,36960.00
R0005947,I000544-06,LN000544,2025-06-23,2408333.33,346800.00
R0005948,I000839-02,LN000839,2025-06-23,1622222.23,350400.00
R0005949,I001204-01,LN001204,2025-06-23,2275000.00,163800.00
R0005950,I001298-02,LN001298,2025-06-23,1716666.67,123600.00
R0005951,I001397-06,LN001397,2025-06-23,1511111.11,163200.00
R0005952,I001434-05,LN001434,2025-06-23,3933333.33,283200.00
R0005953,I001591-07,LN001591,2025-06-23,368333.33,79560.00
R0005954,I001608-04,LN001608,2025-06-23,283333.33,20400.00
R0005955,I001630-16,LN001630,2025-06-23,1072222.22,231600.00
R0005956,I001731-03,LN001731,2025-06-23,1316666.67,284400.00
R0005957,I000128-09,LN000128,2025-06-24,2391666.66,344400.00
R0005958,I000228-05,LN000228,2025-06-24,1172222.22,253200.00
R0005959,I000274-09,LN000274,2025-06-24,3211111.11,346800.00
R0005960,I000452-07,LN000452,2025-06-24,458333.33,66000.00
R0005961,I000516-03,LN000516,2025-06-24,1216666.67,175200.00
R0005962,I000750-06,LN000750,2025-06-24,741666.67,106800.00
R0005963,I000979-04,LN000979,2025-06-24,933333.33,67200.00
R0005964,I001062-06,LN001062,2025-06-24,383333.33,27600.00
R0005965,I001135-07,LN001135,2025-06-24,1558333.33,224400.00
R0005966,I001143-05,LN001143,2025-06-24,4666666.66,336000.00
R0005967,I001200-03,LN001200,2025-06-24,3833333.33,276000.00
R0005968,I001207-02,LN001207,2025-06-24,266666.67,19200.00
R0005969,I001253-08,LN001253,2025-06-24,158888.89,34320.00
R0005970,I001526-10,LN001526,2025-06-24,1316666.66,189600.00
R0005971,I001553-02,LN001553,2025-06-24,3583333.34,258000.00
R0005972,I001575-01,LN001575,2025-06-24,950000.00,68400.00
R0005973,I001725-01,LN001725,2025-06-24,1944444.45,210000.00
R0005974,I001895-01,LN001895,2025-06-24,844444.45,91200.00
R0005975,I001907-04,LN001907,2025-06-24,1708333.34,246000.00
R0005976,I000247-01,LN000247,2025-06-25,2366666.67,340800.00
R0005977,I000371-03,LN000371,2025-06-25,2175000.00,313200.00
R0005978,I000375-06,LN000375,2025-06-25,1450000.00,208800.00
R0005979,I000481-07,LN000481,2025-06-25,1658333.33,238800.00
R0005980,I000567-02,LN000567,2025-06-25,4116666.67,296400.00
R0005981,I000682-06,LN000682,2025-06-25,766666.67,82800.00
R0005982,I000768-06,LN000768,2025-06-25,1788888.89,193200.00
R0005983,I000855-12,LN000855,2025-06-25,1200000.00,172800.00
R0005984,I001048-07,LN001048,2025-06-25,800000.00,86400.00
R0005985,I001065-05,LN001065,2025-06-25,466666.67,50400.00
R0005986,I001111-03,LN001111,2025-06-25,158333.34,22800.00
R0005987,I001181-05,LN001181,2025-06-25,600000.00,86400.00
R0005988,I001216-09,LN001216,2025-06-25,2066666.66,297600.00
R0005989,I001230-08,LN001230,2025-06-25,1916666.67,276000.00
R0005990,I001322-05,LN001322,2025-06-25,916666.67,132000.00
R0005991,I001328-08,LN001328,2025-06-25,550000.00,118800.00
R0005992,I001355-06,LN001355,2025-06-25,233333.33,33600.00
R0005993,I001439-10,LN001439,2025-06-25,940000.00,135360.00
R0005994,I001453-04,LN001453,2025-06-25,2988888.89,322800.00
R0005995,I001460-04,LN001460,2025-06-25,1344444.45,290400.00
R0005996,I001488-03,LN001488,2025-06-25,533333.34,57600.00
R0005997,I001651-02,LN001651,2025-06-25,241666.67,34800.00
R0005998,I001733-08,LN001733,2025-06-25,161111.11,34800.00
R0005999,I001790-03,LN001790,2025-06-25,1216666.67,87600.00
R0006000,I001807-12,LN001807,2025-06-25,433333.33,62400.00
R0006001,I001866-05,LN001866,2025-06-25,2811111.11,303600.00
R0006002,I001957-05,LN001957,2025-06-25,1550000.00,111600.00
R0006003,I000321-09,LN000321,2025-06-26,412500.00,59400.00
R0006004,I000394-06,LN000394,2025-06-26,3133333.33,225600.00
R0006005,I000423-02,LN000423,2025-06-26,4073333.33,146640.00
R0006006,I000669-11,LN000669,2025-06-26,1099583.32,158340.00
R0006007,I000711-06,LN000711,2025-06-26,2655555.55,286800.00
R0006008,I000725-17,LN000725,2025-06-26,1211111.11,261600.00
R0006009,I000794-03,LN000794,2025-06-26,94444.45,20400.00
R0006010,I000989-02,LN000989,2025-06-26,1800000.00,129600.00
R0006011,I001103-01,LN001103,2025-06-26,1688888.89,182400.00
R0006012,I001162-01,LN001162,2025-06-26,3033333.34,327600.00
R0006013,I001164-02,LN001164,2025-06-26,1133333.34,122400.00
R0006014,I001258-10,LN001258,2025-06-26,1038888.89,224400.00
R0006015,I001345-16,LN001345,2025-06-26,1083333.33,234000.00
R0006016,I001372-01,LN001372,2025-06-26,2133333.34,153600.00
R0006017,I001429-03,LN001429,2025-06-26,2522222.22,272400.00
R0006018,I001433-01,LN001433,2025-06-26,973333.33,140160.00
R0006019,I001597-01,LN001597,2025-06-26,533333.34,76800.00
R0006020,I001784-04,LN001784,2025-06-26,2391666.67,344400.00
R0006021,I001918-07,LN001918,2025-06-26,2375000.00,342000.00
R0006022,I000260-01,LN000260,2025-06-27,2475000.00,356400.00
R0006023,I000321-11,LN000321,2025-06-27,825000.00,118800.00
R0006024,I000417-09,LN000417,2025-06-27,1591666.66,229200.00
R0006025,I000437-04,LN000437,2025-06-27,1833333.33,198000.00
R0006026,I000456-06,LN000456,2025-06-27,783333.33,56400.00
R0006027,I000493-02,LN000493,2025-06-27,677777.78,73200.00
R0006028,I000566-07,LN000566,2025-06-27,488888.89,52800.00
R0006029,I000580-01,LN000580,2025-06-27,1677777.78,181200.00
R0006030,I000628-11,LN000628,2025-06-27,1116666.66,160800.00
R0006031,I000672-12,LN000672,2025-06-27,216666.66,31200.00
R0006032,I000748-04,LN000748,2025-06-27,3066666.67,331200.00
R0006033,I000861-03,LN000861,2025-06-27,391666.67,56400.00
R0006034,I000888-01,LN000888,2025-06-27,4966666.67,357600.00
R0006035,I000951-05,LN000951,2025-06-27,4083333.33,294000.00
R0006036,I001291-11,LN001291,2025-06-27,2466666.66,355200.00
R0006037,I001433-02,LN001433,2025-06-27,1216666.67,175200.00
R0006038,I001646-02,LN001646,2025-06-27,1883333.34,271200.00
R0006039,I001672-01,LN001672,2025-06-27,150000.00,21600.00
R0006040,I001744-04,LN001744,2025-06-27,2450000.00,352800.00
R0006041,I001812-01,LN001812,2025-06-27,3466666.67,249600.00
R0006042,I000201-09,LN000201,2025-06-28,744444.44,80400.00
R0006043,I000524-05,LN000524,2025-06-28,1050000.00,151200.00
R0006044,I001251-12,LN001251,2025-06-28,2325000.00,334800.00
R0006045,I001272-06,LN001272,2025-06-28,3350000.00,241200.00
R0006046,I001298-01,LN001298,2025-06-28,1716666.67,123600.00
R0006047,I001577-09,LN001577,2025-06-28,1888888.88,204000.00
R0006048,I001729-04,LN001729,2025-06-28,3966666.67,285600.00
R0006049,I001910-06,LN001910,2025-06-28,3111111.11,336000.00
R0006050,I001919-16,LN001919,2025-06-28,1261111.11,272400.00
R0006051,I000026-11,LN000026,2025-06-29,977777.78,211200.00
R0006052,I000208-09,LN000208,2025-06-29,675000.00,97200.00
R0006053,I000423-03,LN000423,2025-06-29,6266666.66,225600.00
R0006054,I000445-03,LN000445,2025-06-29,350000.00,50400.00
R0006055,I000472-06,LN000472,2025-06-29,1533333.33,110400.00
R0006056,I000675-02,LN000675,2025-06-29,1391666.67,200400.00
R0006057,I000702-16,LN000702,2025-06-29,722222.22,156000.00
R0006058,I000901-11,LN000901,2025-06-29,725000.00,104400.00
R0006059,I000924-12,LN000924,2025-06-29,333333.33,48000.00
R0006060,I000936-08,LN000936,2025-06-29,3233333.33,349200.00
R0006061,I001168-05,LN001168,2025-06-29,3366666.66,242400.00
R0006062,I001348-12,LN001348,2025-06-29,105555.55,22800.00
R0006063,I001372-03,LN001372,2025-06-29,2133333.33,153600.00
R0006064,I001665-01,LN001665,2025-06-29,2000000.00,216000.00
R0006065,I001758-07,LN001758,2025-06-29,1116666.67,160800.00
R0006066,I001764-05,LN001764,2025-06-29,2433333.33,350400.00
R0006067,I001873-06,LN001873,2025-06-29,2933333.33,211200.00
R0006068,I001884-04,LN001884,2025-06-29,3366666.67,242400.00
R0006069,I001894-17,LN001894,2025-06-29,1050000.00,226800.00
R0006070,I000069-09,LN000069,2025-06-30,266666.66,38400.00
R0006071,I000326-07,LN000326,2025-06-30,1388888.89,150000.00
R0006072,I000327-11,LN000327,2025-06-30,883333.33,127200.00
R0006073,I000377-05,LN000377,2025-06-30,1744444.44,188400.00
R0006074,I000737-14,LN000737,2025-06-30,1288888.89,278400.00
R0006075,I000832-02,LN000832,2025-06-30,2320000.00,250560.00
R0006076,I000841-01,LN000841,2025-06-30,788888.89,170400.00
R0006077,I000960-08,LN000960,2025-06-30,1650000.00,237600.00
R0006078,I001148-06,LN001148,2025-06-30,191666.67,27600.00
R0006079,I001184-06,LN001184,2025-06-30,608333.33,87600.00
R0006080,I001301-12,LN001301,2025-06-30,633333.33,91200.00
R0006081,I001342-12,LN001342,2025-06-30,208333.33,30000.00
R0006082,I001365-02,LN001365,2025-06-30,3011111.11,325200.00
R0006083,I001374-11,LN001374,2025-06-30,888888.89,192000.00
R0006084,I001502-06,LN001502,2025-06-30,3133333.33,338400.00
R0006085,I001504-10,LN001504,2025-06-30,1283333.33,184800.00
R0006086,I001527-01,LN001527,2025-06-30,2008333.34,289200.00
R0006087,I001588-05,LN001588,2025-06-30,483333.33,69600.00
R0006088,I001726-10,LN001726,2025-06-30,416666.66,60000.00
R0006089,I000088-09,LN000088,2025-07-01,1141666.66,164400.00
R0006090,I000259-01,LN000259,2025-07-01,144444.44,31200.00
R0006091,I000296-03,LN000296,2025-07-01,1600000.00,172800.00
R0006092,I000355-03,LN000355,2025-07-01,866666.67,62400.00
R0006093,I000643-03,LN000643,2025-07-01,2100000.00,302400.00
R0006094,I000742-05,LN000742,2025-07-01,2400000.00,259200.00
R0006095,I000797-04,LN000797,2025-07-01,905555.56,195600.00
R0006096,I001032-06,LN001032,2025-07-01,1166666.67,168000.00
R0006097,I001163-01,LN001163,2025-07-01,1866666.67,134400.00
R0006098,I001225-01,LN001225,2025-07-01,508333.34,73200.00
R0006099,I001237-18,LN001237,2025-07-01,1533333.33,331200.00
R0006100,I001276-06,LN001276,2025-07-01,1625000.00,234000.00
R0006101,I001321-03,LN001321,2025-07-01,4250000.00,306000.00
R0006102,I001571-06,LN001571,2025-07-01,3144444.44,339600.00
R0006103,I001589-09,LN001589,2025-07-01,1294444.44,279600.00
R0006104,I001659-09,LN001659,2025-07-01,1791666.66,258000.00
R0006105,I001719-02,LN001719,2025-07-01,600000.00,86400.00
R0006106,I001816-01,LN001816,2025-07-01,1600000.00,230400.00
R0006107,I001940-09,LN001940,2025-07-01,1122222.22,242400.00
R0006108,I001997-05,LN001997,2025-07-01,1025000.00,147600.00
R0006109,I000016-01,LN000016,2025-07-02,783333.34,169200.00
R0006110,I000076-03,LN000076,2025-07-02,800000.00,115200.00
R0006111,I000128-10,LN000128,2025-07-02,2391666.66,344400.00
R0006112,I000237-12,LN000237,2025-07-02,1400000.00,302400.00
R0006113,I000259-03,LN000259,2025-07-02,288888.89,62400.00
R0006114,I000323-09,LN000323,2025-07-02,916666.66,132000.00
R0006115,I000347-12,LN000347,2025-07-02,1633333.33,235200.00
R0006116,I000541-14,LN000541,2025-07-02,461111.11,99600.00
R0006117,I000642-10,LN000642,2025-07-02,1100000.00,158400.00
R0006118,I000671-05,LN000671,2025-07-02,1000000.00,108000.00
R0006119,I000952-10,LN000952,2025-07-02,1072222.22,231600.00
R0006120,I001096-10,LN001096,2025-07-02,608333.33,87600.00
R0006121,I001360-12,LN001360,2025-07-02,1000000.00,216000.00
R0006122,I001694-01,LN001694,2025-07-02,1216666.67,175200.00
R0006123,I001718-04,LN001718,2025-07-02,4983333.33,358800.00
R0006124,I001724-01,LN001724,2025-07-02,1200000.00,86400.00
R0006125,I001738-05,LN001738,2025-07-02,2366666.67,340800.00
R0006126,I001786-01,LN001786,2025-07-02,2316666.67,333600.00
R0006127,I001826-06,LN001826,2025-07-02,2533333.33,273600.00
R0006128,I001844-03,LN001844,2025-07-02,4066666.67,292800.00
R0006129,I001899-03,LN001899,2025-07-02,850000.00,122400.00
R0006130,I000204-04,LN000204,2025-07-03,2650000.00,190800.00
R0006131,I000592-08,LN000592,2025-07-03,335833.33,48360.00
R0006132,I000599-04,LN000599,2025-07-03,1783333.33,128400.00
R0006133,I000670-02,LN000670,2025-07-03,441666.67,63600.00
R0006134,I000786-06,LN000786,2025-07-03,3200000.00,345600.00
R0006135,I000842-04,LN000842,2025-07-03,733333.34,105600.00
R0006136,I000896-08,LN000896,2025-07-03,833333.33,90000.00
R0006137,I001064-05,LN001064,2025-07-03,2400000.00,345600.00
R0006138,I001102-06,LN001102,2025-07-03,500000.00,36000.00
R0006139,I001202-12,LN001202,2025-07-03,1250000.00,180000.00
R0006140,I001288-03,LN001288,2025-07-03,2966666.67,213600.00
R0006141,I001305-06,LN001305,2025-07-03,1088888.89,235200.00
R0006142,I001476-10,LN001476,2025-07-03,1983333.33,285600.00
R0006143,I001481-04,LN001481,2025-07-03,1525000.00,219600.00
R0006144,I001568-05,LN001568,2025-07-03,1441666.67,207600.00
R0006145,I001737-18,LN001737,2025-07-03,527777.77,114000.00
R0006146,I001797-09,LN001797,2025-07-03,444444.44,96000.00
R0006147,I001853-07,LN001853,2025-07-03,870000.00,125280.00
R0006148,I000177-11,LN000177,2025-07-04,855555.55,184800.00
R0006149,I000186-03,LN000186,2025-07-04,1400000.00,100800.00
R0006150,I000241-12,LN000241,2025-07-04,766666.67,165600.00
R0006151,I000252-02,LN000252,2025-07-04,2291666.67,330000.00
R0006152,I000592-10,LN000592,2025-07-04,516666.66,74400.00
R0006153,I000721-11,LN000721,2025-07-04,500000.00,108000.00
R0006154,I000822-10,LN000822,2025-07-04,750000.00,108000.00
R0006155,I000851-09,LN000851,2025-07-04,1222222.22,264000.00
R0006156,I001006-01,LN001006,2025-07-04,1444444.45,312000.00
R0006157,I001063-09,LN001063,2025-07-04,2666666.66,288000.00
R0006158,I001069-07,LN001069,2025-07-04,1405555.56,303600.00
R0006159,I001123-09,LN001123,2025-07-04,2511111.11,271200.00
R0006160,I001174-04,LN001174,2025-07-04,2108333.34,303600.00
R0006161,I001214-01,LN001214,2025-07-04,166666.66,24000.00
R0006162,I001214-02,LN001214,2025-07-04,416666.67,60000.00
R0006163,I001462-03,LN001462,2025-07-04,2933333.33,211200.00
R0006164,I001602-07,LN001602,2025-07-04,1877777.77,202800.00
R0006165,I001667-01,LN001667,2025-07-04,522222.23,56400.00
R0006166,I001895-02,LN001895,2025-07-04,844444.45,91200.00
R0006167,I000086-04,LN000086,2025-07-05,1416666.67,306000.00
R0006168,I000310-07,LN000310,2025-07-05,2400000.00,345600.00
R0006169,I000392-01,LN000392,2025-07-05,150000.00,32400.00
R0006170,I000395-02,LN000395,2025-07-05,4833333.33,174000.00
R0006171,I000415-14,LN000415,2025-07-05,616666.66,133200.00
R0006172,I000489-07,LN000489,2025-07-05,191666.67,27600.00
R0006173,I000542-09,LN000542,2025-07-05,283333.33,40800.00
R0006174,I000580-02,LN000580,2025-07-05,1677777.78,181200.00
R0006175,I000687-03,LN000687,2025-07-05,437500.00,63000.00
R0006176,I000739-05,LN000739,2025-07-05,1294444.45,279600.00
R0006177,I000832-03,LN000832,2025-07-05,2320000.00,250560.00
R0006178,I000870-04,LN000870,2025-07-05,2488888.89,268800.00
R0006179,I001075-14,LN001075,2025-07-05,888888.89,192000.00
R0006180,I001151-06,LN001151,2025-07-05,516666.67,74400.00
R0006181,I001261-17,LN001261,2025-07-05,761111.11,164400.00
R0006182,I001358-05,LN001358,2025-07-05,1666666.67,240000.00
R0006183,I001413-04,LN001413,2025-07-05,1941666.67,279600.00
R0006184,I001439-11,LN001439,2025-07-05,1175000.00,169200.00
R0006185,I001532-12,LN001532,2025-07-05,858333.33,123600.00
R0006186,I001577-08,LN001577,2025-07-05,755555.55,81600.00
R0006187,I001731-02,LN001731,2025-07-05,1316666.67,284400.00
R0006188,I000092-08,LN000092,2025-07-06,1400000.00,151200.00
R0006189,I000106-15,LN000106,2025-07-06,52777.77,11400.00
R0006190,I000149-11,LN000149,2025-07-06,585000.00,84240.00
R0006191,I000299-01,LN000299,2025-07-06,1733333.34,187200.00
R0006192,I000573-10,LN000573,2025-07-06,1583333.33,342000.00
R0006193,I000600-10,LN000600,2025-07-06,616666.66,88800.00
R0006194,I000653-04,LN000653,2025-07-06,3044444.45,328800.00
R0006195,I000668-01,LN000668,2025-07-06,3044444.45,328800.00
R0006196,I000796-11,LN000796,2025-07-06,1466666.67,316800.00
R0006197,I000822-11,LN000822,2025-07-06,1500000.00,216000.00
R0006198,I000862-06,LN000862,2025-07-06,2077777.78,224400.00
R0006199,I001136-06,LN001136,2025-07-06,1666666.67,240000.00
R0006200,I001157-02,LN001157,2025-07-06,266666.67,28800.00
R0006201,I001177-05,LN001177,2025-07-06,333333.33,48000.00
R0006202,I001278-06,LN001278,2025-07-06,2108333.33,303600.00
R0006203,I001335-06,LN001335,2025-07-06,1616666.67,349200.00
R0006204,I001540-10,LN001540,2025-07-06,727777.78,157200.00
R0006205,I001612-12,LN001612,2025-07-06,2425000.00,349200.00
R0006206,I001729-05,LN001729,2025-07-06,3966666.66,285600.00
R0006207,I001829-01,LN001829,2025-07-06,2566666.67,277200.00
R0006208,I000414-01,LN000414,2025-07-07,1238888.89,267600.00
R0006209,I000883-09,LN000883,2025-07-07,1966666.66,283200.00
R0006210,I000900-12,LN000900,2025-07-07,883333.33,127200.00
R0006211,I001099-07,LN001099,2025-07-07,1011111.11,109200.00
R0006212,I001678-10,LN001678,2025-07-07,2208333.33,318000.00
R0006213,I001781-05,LN001781,2025-07-07,316666.66,22800.00
R0006214,I001858-02,LN001858,2025-07-07,725000.00,104400.00
R0006215,I001921-06,LN001921,2025-07-07,2616666.66,188400.00
R0006216,I001929-08,LN001929,2025-07-07,738888.89,159600.00
R0006217,I000005-07,LN000005,2025-07-08,240000.00,51840.00
R0006218,I000005-08,LN000005,2025-07-08,300000.00,64800.00
R0006219,I000181-09,LN000181,2025-07-08,1561111.11,337200.00
R0006220,I000293-08,LN000293,2025-07-08,1100000.00,237600.00
R0006221,I000369-17,LN000369,2025-07-08,377777.77,81600.00
R0006222,I000504-08,LN000504,2025-07-08,1377777.77,148800.00
R0006223,I000777-05,LN000777,2025-07-08,211111.11,45600.00
R0006224,I001131-06,LN001131,2025-07-08,966666.67,139200.00
R0006225,I001224-02,LN001224,2025-07-08,622222.23,134400.00
R0006226,I001308-05,LN001308,2025-07-08,2241666.67,322800.00
R0006227,I001461-16,LN001461,2025-07-08,400000.00,86400.00
R0006228,I001534-08,LN001534,2025-07-08,1500000.00,216000.00
R0006229,I001590-15,LN001590,2025-07-08,1127777.77,243600.00
R0006230,I001669-10,LN001669,2025-07-08,600000.00,86400.00
R0006231,I001750-12,LN001750,2025-07-08,2083333.33,300000.00
R0006232,I001827-11,LN001827,2025-07-08,1124444.44,242880.00
R0006233,I001925-02,LN001925,2025-07-08,500000.00,36000.00
R0006234,I000050-10,LN000050,2025-07-09,1258333.33,181200.00
R0006235,I000162-17,LN000162,2025-07-09,1288888.88,278400.00
R0006236,I000164-11,LN000164,2025-07-09,822222.22,177600.00
R0006237,I000316-03,LN000316,2025-07-09,1975000.00,284400.00
R0006238,I000343-02,LN000343,2025-07-09,1277777.78,138000.00
R0006239,I000719-08,LN000719,2025-07-09,2333333.33,336000.00
R0006240,I000769-02,LN000769,2025-07-09,388888.89,84000.00
R0006241,I001092-09,LN001092,2025-07-09,850000.00,122400.00
R0006242,I001169-06,LN001169,2025-07-09,3750000.00,270000.00
R0006243,I001186-15,LN001186,2025-07-09,1077777.77,232800.00
R0006244,I001188-08,LN001188,2025-07-09,858333.33,123600.00
R0006245,I001286-02,LN001286,2025-07-09,2283333.34,328800.00
R0006246,I001618-05,LN001618,2025-07-09,1655555.56,178800.00
R0006247,I001628-03,LN001628,2025-07-09,2833333.33,204000.00
R0006248,I001705-05,LN001705,2025-07-09,4066666.66,292800.00
R0006249,I001794-06,LN001794,2025-07-09,683333.33,49200.00
R0006250,I001830-15,LN001830,2025-07-09,161111.11,34800.00
R0006251,I001868-11,LN001868,2025-07-09,800000.00,115200.00
R0006252,I001944-01,LN001944,2025-07-09,411666.67,59280.00
R0006253,I000264-09,LN000264,2025-07-10,1200000.00,172800.00
R0006254,I000416-03,LN000416,2025-07-10,500000.00,108000.00
R0006255,I000531-10,LN000531,2025-07-10,525000.00,75600.00
R0006256,I000572-02,LN000572,2025-07-10,1625000.00,58500.00
R0006257,I000578-02,LN000578,2025-07-10,883333.34,63600.00
R0006258,I000708-04,LN000708,2025-07-10,1358333.34,195600.00
R0006259,I000728-09,LN000728,2025-07-10,516666.67,111600.00
R0006260,I000754-06,LN000754,2025-07-10,2122222.22,229200.00
R0006261,I000837-07,LN000837,2025-07-10,433333.33,62400.00
R0006262,I000985-01,LN000985,2025-07-10,1211111.12,130800.00
R0006263,I001082-03,LN001082,2025-07-10,633333.34,136800.00
R0006264,I001278-04,LN001278,2025-07-10,1686666.67,242880.00
R0006265,I001350-01,LN001350,2025-07-10,6733333.34,242400.00
R0006266,I001419-02,LN001419,2025-07-10,908333.34,130800.00
R0006267,I001425-03,LN001425,2025-07-10,1661111.11,358800.00
R0006268,I001475-08,LN001475,2025-07-10,1466666.66,158400.00
R0006269,I001537-11,LN001537,2025-07-10,125000.00,18000.00
R0006270,I001575-03,LN001575,2025-07-10,950000.00,68400.00
R0006271,I001806-06,LN001806,2025-07-10,1133333.33,163200.00
R0006272,I001819-07,LN001819,2025-07-10,275000.00,39600.00
R0006273,I001897-02,LN001897,2025-07-10,2316666.67,166800.00
R0006274,I001933-06,LN001933,2025-07-10,2588888.89,279600.00
R0006275,I000085-08,LN000085,2025-07-11,658333.33,94800.00
R0006276,I000401-05,LN000401,2025-07-11,487500.00,70200.00
R0006277,I000568-03,LN000568,2025-07-11,1208333.34,174000.00
R0006278,I000599-05,LN000599,2025-07-11,1783333.33,128400.00
R0006279,I000669-12,LN000669,2025-07-11,1691666.66,243600.00
R0006280,I000744-03,LN000744,2025-07-11,525000.00,75600.00
R0006281,I000819-08,LN000819,2025-07-11,991666.67,142800.00
R0006282,I001145-09,LN001145,2025-07-11,600000.00,86400.00
R0006283,I001219-01,LN001219,2025-07-11,1475000.00,212400.00
R0006284,I001277-06,LN001277,2025-07-11,2733333.33,196800.00
R0006285,I001320-02,LN001320,2025-07-11,1405555.56,303600.00
R0006286,I001486-14,LN001486,2025-07-11,394444.44,85200.00
R0006287,I001787-06,LN001787,2025-07-11,3750000.00,270000.00
R0006288,I001860-07,LN001860,2025-07-11,1366666.67,196800.00
R0006289,I000105-05,LN000105,2025-07-12,1577777.78,170400.00
R0006290,I000182-04,LN000182,2025-07-12,625000.00,90000.00
R0006291,I000201-08,LN000201,2025-07-12,744444.44,80400.00
R0006292,I000433-16,LN000433,2025-07-12,977777.77,211200.00
R0006293,I000664-09,LN000664,2025-07-12,883333.33,190800.00
R0006294,I000677-05,LN000677,2025-07-12,416666.67,90000.00
R0006295,I000697-06,LN000697,2025-07-12,255555.55,27600.00
R0006296,I000836-10,LN000836,2025-07-12,825000.00,118800.00
R0006297,I000856-04,LN000856,2025-07-12,1633333.34,235200.00
R0006298,I000858-01,LN000858,2025-07-12,2733333.34,196800.00
R0006299,I001079-05,LN001079,2025-07-12,2422222.22,261600.00
R0006300,I001226-04,LN001226,2025-07-12,1383333.33,99600.00
R0006301,I001360-13,LN001360,2025-07-12,1000000.00,216000.00
R0006302,I001471-03,LN001471,2025-07-12,475000.00,68400.00
R0006303,I001601-04,LN001601,2025-07-12,2166666.67,312000.00
R0006304,I001620-01,LN001620,2025-07-12,886666.67,127680.00
R0006305,I001704-03,LN001704,2025-07-12,1227777.77,132600.00
R0006306,I001710-10,LN001710,2025-07-12,63333.33,9120.00
R0006307,I001995-03,LN001995,2025-07-12,1105000.00,79560.00
R0006308,I001995-04,LN001995,2025-07-12,1360000.00,97920.00
R0006309,I000083-09,LN000083,2025-07-13,1561111.11,337200.00
R0006310,I000204-05,LN000204,2025-07-13,2650000.00,190800.00
R0006311,I000205-08,LN000205,2025-07-13,1825000.00,262800.00
R0006312,I000542-10,LN000542,2025-07-13,283333.33,40800.00
R0006313,I000653-03,LN000653,2025-07-13,2435555.56,263040.00
R0006314,I000663-01,LN000663,2025-07-13,666666.67,48000.00
R0006315,I001020-13,LN001020,2025-07-13,1294444.44,279600.00
R0006316,I001024-11,LN001024,2025-07-13,2241666.66,322800.00
R0006317,I001070-07,LN001070,2025-07-13,941666.67,135600.00
R0006318,I001257-04,LN001257,2025-07-13,1316666.67,284400.00
R0006319,I001413-05,LN001413,2025-07-13,1941666.67,279600.00
R0006320,I001602-08,LN001602,2025-07-13,2888888.89,312000.00
R0006321,I001736-06,LN001736,2025-07-13,1041666.67,150000.00
R0006322,I001762-06,LN001762,2025-07-13,700000.00,151200.00
R0006323,I001852-09,LN001852,2025-07-13,1088888.88,117600.00
R0006324,I000032-06,LN000032,2025-07-14,841666.67,121200.00
R0006325,I000130-06,LN000130,2025-07-14,3316666.66,238800.00
R0006326,I000682-04,LN000682,2025-07-14,766666.67,82800.00
R0006327,I000762-03,LN000762,2025-07-14,1875000.00,270000.00
R0006328,I000820-02,LN000820,2025-07-14,1188888.89,256800.00
R0006329,I000882-02,LN000882,2025-07-14,3600000.00,129600.00
R0006330,I000957-16,LN000957,2025-07-14,1477777.77,319200.00
R0006331,I000988-11,LN000988,2025-07-14,1725000.00,248400.00
R0006332,I001146-01,LN001146,2025-07-14,816666.67,58800.00
R0006333,I001383-07,LN001383,2025-07-14,498333.33,71760.00
R0006334,I001473-11,LN001473,2025-07-14,1666666.66,240000.00
R0006335,I001504-09,LN001504,2025-07-14,1283333.33,184800.00
R0006336,I001642-06,LN001642,2025-07-14,450000.00,97200.00
R0006337,I001658-11,LN001658,2025-07-14,428888.88,92640.00
R0006338,I001752-04,LN001752,2025-07-14,244444.45,26400.00
R0006339,I001920-05,LN001920,2025-07-14,2983333.33,214800.00
R0006340,I000056-01,LN000056,2025-07-15,4516666.67,325200.00
R0006341,I000174-09,LN000174,2025-07-15,1500000.00,324000.00
R0006342,I000193-01,LN000193,2025-07-15,344444.45,37200.00
R0006343,I000270-11,LN000270,2025-07-15,306666.66,44160.00
R0006344,I000397-07,LN000397,2025-07-15,483333.33,104400.00
R0006345,I000414-02,LN000414,2025-07-15,1238888.89,267600.00
R0006346,I000664-11,LN000664,2025-07-15,883333.33,190800.00
R0006347,I001039-03,LN001039,2025-07-15,833333.33,60000.00
R0006348,I001470-02,LN001470,2025-07-15,4550000.00,327600.00
R0006349,I001544-04,LN001544,2025-07-15,305555.56,66000.00
R0006350,I001598-07,LN001598,2025-07-15,422222.22,45600.00
R0006351,I001926-02,LN001926,2025-07-15,2022222.23,218400.00
R0006352,I000013-03,LN000013,2025-07-16,2491666.67,358800.00
R0006353,I000155-05,LN000155,2025-07-16,1683333.33,121200.00
R0006354,I000171-02,LN000171,2025-07-16,1111111.11,120000.00
R0006355,I000294-05,LN000294,2025-07-16,3244444.44,350400.00
R0006356,I000303-11,LN000303,2025-07-16,593333.32,85440.00
R0006357,I000329-01,LN000329,2025-07-16,4033333.34,290400.00
R0006358,I000487-11,LN000487,2025-07-16,158333.33,22800.00
R0006359,I000544-07,LN000544,2025-07-16,2408333.33,346800.00
R0006360,I000648-10,LN000648,2025-07-16,550000.00,118800.00
R0006361,I000776-03,LN000776,2025-07-16,3450000.00,248400.00
R0006362,I000779-04,LN000779,2025-07-16,1220000.00,87840.00
R0006363,I000803-05,LN000803,2025-07-16,666666.66,96000.00
R0006364,I000815-04,LN000815,2025-07-16,1500000.00,162000.00
R0006365,I001007-01,LN001007,2025-07-16,488888.89,105600.00
R0006366,I001039-04,LN001039,2025-07-16,520833.33,37500.00
R0006367,I001053-12,LN001053,2025-07-16,183333.33,39600.00
R0006368,I001136-07,LN001136,2025-07-16,1666666.67,240000.00
R0006369,I001181-06,LN001181,2025-07-16,600000.00,86400.00
R0006370,I001216-10,LN001216,2025-07-16,2066666.66,297600.00
R0006371,I001224-03,LN001224,2025-07-16,622222.23,134400.00
R0006372,I001335-04,LN001335,2025-07-16,1616666.67,349200.00
R0006373,I001381-05,LN001381,2025-07-16,933333.34,201600.00
R0006374,I001452-15,LN001452,2025-07-16,172222.22,37200.00
R0006375,I001488-04,LN001488,2025-07-16,533333.33,57600.00
R0006376,I001540-11,LN001540,2025-07-16,727777.78,157200.00
R0006377,I001614-01,LN001614,2025-07-16,4633333.34,333600.00
R0006378,I001962-01,LN001962,2025-07-16,1294444.45,279600.00
R0006379,I000306-05,LN000306,2025-07-17,433333.33,62400.00
R0006380,I000678-03,LN000678,2025-07-17,2233333.33,160800.00
R0006381,I000750-07,LN000750,2025-07-17,741666.67,106800.00
R0006382,I000952-09,LN000952,2025-07-17,1072222.22,231600.00
R0006383,I001051-01,LN001051,2025-07-17,1066666.67,230400.00
R0006384,I001073-11,LN001073,2025-07-17,400000.00,57600.00
R0006385,I001225-03,LN001225,2025-07-17,508333.34,73200.00
R0006386,I001349-09,LN001349,2025-07-17,977777.78,211200.00
R0006387,I001430-08,LN001430,2025-07-17,488888.89,105600.00
R0006388,I001864-06,LN001864,2025-07-17,1850000.00,133200.00
R0006389,I001980-13,LN001980,2025-07-17,1250000.00,270000.00
R0006390,I000126-05,LN000126,2025-07-18,3066666.66,220800.00
R0006391,I000242-08,LN000242,2025-07-18,1766666.67,254400.00
R0006392,I000326-09,LN000326,2025-07-18,1388888.88,150000.00
R0006393,I000481-08,LN000481,2025-07-18,1658333.33,238800.00
R0006394,I000608-01,LN000608,2025-07-18,633333.34,136800.00
R0006395,I000779-05,LN000779,2025-07-18,3050000.00,219600.00
R0006396,I000798-03,LN000798,2025-07-18,1741666.67,250800.00
R0006397,I000821-01,LN000821,2025-07-18,866666.67,62400.00
R0006398,I000827-04,LN000827,2025-07-18,483333.33,34800.00
R0006399,I001127-09,LN001127,2025-07-18,1575000.00,226800.00
R0006400,I001568-04,LN001568,2025-07-18,1441666.67,207600.00
R0006401,I001596-17,LN001596,2025-07-18,488888.88,105600.00
R0006402,I001646-03,LN001646,2025-07-18,1883333.34,271200.00
R0006403,I001786-02,LN001786,2025-07-18,2316666.67,333600.00
R0006404,I001922-06,LN001922,2025-07-18,800000.00,86400.00
R0006405,I001933-07,LN001933,2025-07-18,2588888.89,279600.00
R0006406,I001975-01,LN001975,2025-07-18,550000.00,39600.00
R0006407,I000250-14,LN000250,2025-07-19,711111.11,153600.00
R0006408,I000439-03,LN000439,2025-07-19,261111.11,56400.00
R0006409,I000453-18,LN000453,2025-07-19,1005555.55,217200.00
R0006410,I000920-12,LN000920,2025-07-19,675000.00,97200.00
R0006411,I001100-06,LN001100,2025-07-19,1000000.00,72000.00
R0006412,I001163-03,LN001163,2025-07-19,1866666.67,134400.00
R0006413,I001164-03,LN001164,2025-07-19,1133333.34,122400.00
R0006414,I001345-17,LN001345,2025-07-19,1083333.33,234000.00
R0006415,I001382-09,LN001382,2025-07-19,388888.88,42000.00
R0006416,I001457-08,LN001457,2025-07-19,316666.67,45600.00
R0006417,I001486-15,LN001486,2025-07-19,394444.44,85200.00
R0006418,I001598-05,LN001598,2025-07-19,105555.55,11400.00
R0006419,I001611-05,LN001611,2025-07-19,2716666.66,195600.00
R0006420,I001627-03,LN001627,2025-07-19,1083333.33,78000.00
R0006421,I001795-05,LN001795,2025-07-19,2850000.00,205200.00
R0006422,I001817-09,LN001817,2025-07-19,2150000.00,309600.00
R0006423,I001997-07,LN001997,2025-07-19,1025000.00,147600.00
R0006424,I000136-05,LN000136,2025-07-20,2166666.67,234000.00
R0006425,I000141-07,LN000141,2025-07-20,920833.33,132600.00
R0006426,I000182-05,LN000182,2025-07-20,625000.00,90000.00
R0006427,I000553-12,LN000553,2025-07-20,1991666.66,286800.00
R0006428,I000680-16,LN000680,2025-07-20,300000.00,64800.00
R0006429,I000687-04,LN000687,2025-07-20,1750000.00,252000.00
R0006430,I000693-14,LN000693,2025-07-20,572222.22,123600.00
R0006431,I000951-06,LN000951,2025-07-20,4083333.33,294000.00
R0006432,I000981-04,LN000981,2025-07-20,1075000.00,154800.00
R0006433,I000982-04,LN000982,2025-07-20,988888.89,213600.00
R0006434,I001049-08,LN001049,2025-07-20,2577777.77,278400.00
R0006435,I001093-05,LN001093,2025-07-20,283333.33,20400.00
R0006436,I001221-13,LN001221,2025-07-20,850000.00,183600.00
R0006437,I001316-05,LN001316,2025-07-20,3016666.66,217200.00
R0006438,I001454-02,LN001454,2025-07-20,591666.67,85200.00
R0006439,I001601-05,LN001601,2025-07-20,2166666.67,312000.00
R0006440,I001721-10,LN001721,2025-07-20,312500.00,45000.00
R0006441,I001737-16,LN001737,2025-07-20,527777.77,114000.00
R0006442,I000092-07,LN000092,2025-07-21,1400000.00,151200.00
R0006443,I000199-02,LN000199,2025-07-21,2241666.67,322800.00
R0006444,I000300-04,LN000300,2025-07-21,2700000.00,291600.00
R0006445,I000782-01,LN000782,2025-07-21,5000000.00,360000.00
R0006446,I001040-06,LN001040,2025-07-21,2144444.44,231600.00
R0006447,I001041-12,LN001041,2025-07-21,606666.66,87360.00
R0006448,I001145-10,LN001145,2025-07-21,600000.00,86400.00
R0006449,I001250-16,LN001250,2025-07-21,655555.55,141600.00
R0006450,I001250-17,LN001250,2025-07-21,1311111.11,283200.00
R0006451,I001289-04,LN001289,2025-07-21,2058333.34,296400.00
R0006452,I001456-15,LN001456,2025-07-21,1405555.55,303600.00
R0006453,I001476-12,LN001476,2025-07-21,1983333.33,285600.00
R0006454,I001534-07,LN001534,2025-07-21,1500000.00,216000.00
R0006455,I001633-02,LN001633,2025-07-21,2300000.00,248400.00
R0006456,I001698-06,LN001698,2025-07-21,1366666.66,98400.00
R0006457,I001815-11,LN001815,2025-07-21,1625000.00,234000.00
R0006458,I000068-01,LN000068,2025-07-22,2000000.00,144000.00
R0006459,I000148-04,LN000148,2025-07-22,400000.00,28800.00
R0006460,I000159-18,LN000159,2025-07-22,988888.88,213600.00
R0006461,I000196-01,LN000196,2025-07-22,1000000.00,216000.00
R0006462,I000321-12,LN000321,2025-07-22,825000.00,118800.00
R0006463,I000476-16,LN000476,2025-07-22,1133333.33,244800.00
R0006464,I000718-03,LN000718,2025-07-22,1533333.34,220800.00
R0006465,I000800-10,LN000800,2025-07-22,511111.11,110400.00
R0006466,I001135-08,LN001135,2025-07-22,1558333.33,224400.00
R0006467,I001143-06,LN001143,2025-07-22,4666666.66,336000.00
R0006468,I001200-04,LN001200,2025-07-22,3833333.33,276000.00
R0006469,I001372-04,LN001372,2025-07-22,533333.33,38400.00
R0006470,I001589-10,LN001589,2025-07-22,1294444.44,279600.00
R0006471,I001725-02,LN001725,2025-07-22,1944444.45,210000.00
R0006472,I001821-06,LN001821,2025-07-22,2308333.33,332400.00
R0006473,I000150-01,LN000150,2025-07-23,291666.67,42000.00
R0006474,I000179-05,LN000179,2025-07-23,222222.22,24000.00
R0006475,I000181-08,LN000181,2025-07-23,1561111.11,337200.00
R0006476,I000189-08,LN000189,2025-07-23,244444.44,26400.00
R0006477,I000375-07,LN000375,2025-07-23,580000.00,83520.00
R0006478,I000414-03,LN000414,2025-07-23,1238888.89,267600.00
R0006479,I000502-04,LN000502,2025-07-23,391666.67,56400.00
R0006480,I000578-05,LN000578,2025-07-23,883333.33,63600.00
R0006481,I000642-11,LN000642,2025-07-23,1100000.00,158400.00
R0006482,I000857-01,LN000857,2025-07-23,7933333.34,285600.00
R0006483,I000997-05,LN000997,2025-07-23,2088888.89,225600.00
R0006484,I001133-02,LN001133,2025-07-23,3833333.34,276000.00
R0006485,I001144-04,LN001144,2025-07-23,1233333.33,88800.00
R0006486,I001355-07,LN001355,2025-07-23,233333.33,33600.00
R0006487,I001475-07,LN001475,2025-07-23,1466666.66,158400.00
R0006488,I001510-01,LN001510,2025-07-23,2341666.67,337200.00
R0006489,I001599-03,LN001599,2025-07-23,916666.67,66000.00
R0006490,I001932-12,LN001932,2025-07-23,766666.66,110400.00
R0006491,I000228-06,LN000228,2025-07-24,1172222.22,253200.00
R0006492,I000452-08,LN000452,2025-07-24,458333.33,66000.00
R0006493,I000514-10,LN000514,2025-07-24,1675000.00,241200.00
R0006494,I000792-07,LN000792,2025-07-24,1941666.67,279600.00
R0006495,I000797-05,LN000797,2025-07-24,905555.56,195600.00
R0006496,I000930-04,LN000930,2025-07-24,825000.00,118800.00
R0006497,I001183-01,LN001183,2025-07-24,1108333.34,159600.00
R0006498,I001194-06,LN001194,2025-07-24,3177777.78,343200.00
R0006499,I001267-05,LN001267,2025-07-24,1066666.67,153600.00
R0006500,I001286-01,LN001286,2025-07-24,2283333.34,328800.00
R0006501,I001571-07,LN001571,2025-07-24,3144444.44,339600.00
R0006502,I001591-10,LN001591,2025-07-24,368333.33,79560.00
R0006503,I001628-02,LN001628,2025-07-24,2833333.34,204000.00
R0006504,I001659-10,LN001659,2025-07-24,1791666.66,258000.00
R0006505,I001764-06,LN001764,2025-07-24,2433333.33,350400.00
R0006506,I001784-05,LN001784,2025-07-24,2391666.67,344400.00
R0006507,I001849-03,LN001849,2025-07-24,541666.67,78000.00
R0006508,I001877-01,LN001877,2025-07-24,1227777.78,265200.00
R0006509,I001911-03,LN001911,2025-07-24,733333.34,79200.00
R0006510,I001918-08,LN001918,2025-07-24,593750.00,85500.00
R0006511,I001940-10,LN001940,2025-07-24,1122222.22,242400.00
R0006512,I001951-07,LN001951,2025-07-24,790833.33,113880.00
R0006513,I000260-02,LN000260,2025-07-25,2475000.00,356400.00
R0006514,I000291-01,LN000291,2025-07-25,1008333.34,145200.00
R0006515,I000437-05,LN000437,2025-07-25,1833333.33,198000.00
R0006516,I000567-03,LN000567,2025-07-25,4116666.67,296400.00
R0006517,I000602-05,LN000602,2025-07-25,433333.33,62400.00
R0006518,I000602-06,LN000602,2025-07-25,1733333.33,249600.00
R0006519,I000839-03,LN000839,2025-07-25,1622222.23,350400.00
R0006520,I000920-11,LN000920,2025-07-25,675000.00,97200.00
R0006521,I001039-05,LN001039,2025-07-25,2083333.33,150000.00
R0006522,I001048-08,LN001048,2025-07-25,800000.00,86400.00
R0006523,I001082-02,LN001082,2025-07-25,633333.34,136800.00
R0006524,I001096-11,LN001096,2025-07-25,608333.33,87600.00
R0006525,I001230-09,LN001230,2025-07-25,1916666.66,276000.00
R0006526,I001309-03,LN001309,2025-07-25,4066666.67,292800.00
R0006527,I001328-09,LN001328,2025-07-25,550000.00,118800.00
R0006528,I001434-06,LN001434,2025-07-25,3933333.33,283200.00
R0006529,I001452-16,LN001452,2025-07-25,688888.89,148800.00
R0006530,I001453-05,LN001453,2025-07-25,2988888.89,322800.00
R0006531,I001492-01,LN001492,2025-07-25,4766666.67,343200.00
R0006532,I001733-09,LN001733,2025-07-25,161111.11,34800.00
R0006533,I001830-16,LN001830,2025-07-25,161111.11,34800.00
R0006534,I001868-12,LN001868,2025-07-25,800000.00,115200.00
R0006535,I001925-03,LN001925,2025-07-25,2000000.00,144000.00
R0006536,I001951-09,LN001951,2025-07-25,973333.32,140160.00
R0006537,I000247-02,LN000247,2025-07-26,2366666.67,340800.00
R0006538,I000397-09,LN000397,2025-07-26,193333.33,41760.00
R0006539,I000397-10,LN000397,2025-07-26,483333.33,104400.00
R0006540,I000401-06,LN000401,2025-07-26,750000.00,108000.00
R0006541,I000462-01,LN000462,2025-07-26,2050000.00,295200.00
R0006542,I000725-18,LN000725,2025-07-26,1211111.11,261600.00
R0006543,I000994-01,LN000994,2025-07-26,711111.11,153600.00
R0006544,I001305-07,LN001305,2025-07-26,1088888.89,235200.00
R0006545,I001533-10,LN001533,2025-07-26,211111.11,45600.00
R0006546,I001889-05,LN001889,2025-07-26,1825000.00,262800.00
R0006547,I001919-17,LN001919,2025-07-26,1008888.88,217920.00
R0006548,I001987-01,LN001987,2025-07-26,2333333.34,84000.00
R0006549,I001992-09,LN001992,2025-07-26,1275000.00,183600.00
R0006550,I000208-10,LN000208,2025-07-27,675000.00,97200.00
R0006551,I000285-07,LN000285,2025-07-27,958333.33,138000.00
R0006552,I000404-01,LN000404,2025-07-27,3700000.00,266400.00
R0006553,I000417-10,LN000417,2025-07-27,1591666.66,229200.00
R0006554,I000507-05,LN000507,2025-07-27,1691666.67,243600.00
R0006555,I000606-05,LN000606,2025-07-27,2441666.67,351600.00
R0006556,I000668-02,LN000668,2025-07-27,3044444.45,328800.00
R0006557,I000752-09,LN000752,2025-07-27,1627777.78,351600.00
R0006558,I000773-09,LN000773,2025-07-27,1100000.00,158400.00
R0006559,I000862-07,LN000862,2025-07-27,2077777.78,224400.00
R0006560,I000936-09,LN000936,2025-07-27,3233333.33,349200.00
R0006561,I001065-06,LN001065,2025-07-27,466666.67,50400.00
R0006562,I001322-06,LN001322,2025-07-27,916666.67,132000.00
R0006563,I001335-07,LN001335,2025-07-27,646666.66,139680.00
R0006564,I001348-13,LN001348,2025-07-27,105555.55,22800.00
R0006565,I001429-04,LN001429,2025-07-27,2522222.22,272400.00
R0006566,I001433-03,LN001433,2025-07-27,1216666.67,175200.00
R0006567,I001505-01,LN001505,2025-07-27,291666.67,42000.00
R0006568,I001506-02,LN001506,2025-07-27,1172222.23,253200.00
R0006569,I001651-03,LN001651,2025-07-27,241666.67,34800.00
R0006570,I001665-02,LN001665,2025-07-27,2000000.00,216000.00
R0006571,I001817-10,LN001817,2025-07-27,2150000.00,309600.00
R0006572,I000084-11,LN000084,2025-07-28,294444.44,63600.00
R0006573,I000128-11,LN000128,2025-07-28,2391666.66,344400.00
R0006574,I000179-04,LN000179,2025-07-28,144444.44,15600.00
R0006575,I000989-03,LN000989,2025-07-28,1800000.00,129600.00
R0006576,I001151-07,LN001151,2025-07-28,516666.67,74400.00
R0006577,I001153-11,LN001153,2025-07-28,583333.33,84000.00
R0006578,I001179-01,LN001179,2025-07-28,509166.67,36660.00
R0006579,I001179-02,LN001179,2025-07-28,783333.34,56400.00
R0006580,I001299-01,LN001299,2025-07-28,1183333.34,170400.00
R0006581,I001588-06,LN001588,2025-07-28,483333.33,69600.00
R0006582,I001781-06,LN001781,2025-07-28,316666.66,22800.00
R0006583,I001928-10,LN001928,2025-07-28,550000.00,118800.00
R0006584,I000095-07,LN000095,2025-07-29,93333.33,20160.00
R0006585,I000095-08,LN000095,2025-07-29,233333.33,50400.00
R0006586,I000312-01,LN000312,2025-07-29,291666.67,42000.00
R0006587,I000445-04,LN000445,2025-07-29,350000.00,50400.00
R0006588,I000464-09,LN000464,2025-07-29,544444.44,117600.00
R0006589,I000598-10,LN000598,2025-07-29,1916666.66,276000.00
R0006590,I000700-07,LN000700,2025-07-29,1333333.33,192000.00
R0006591,I000747-03,LN000747,2025-07-29,6200000.00,223200.00
R0006592,I000888-02,LN000888,2025-07-29,4966666.67,357600.00
R0006593,I001168-06,LN001168,2025-07-29,3366666.66,242400.00
R0006594,I001455-09,LN001455,2025-07-29,2022222.22,218400.00
R0006595,I001456-16,LN001456,2025-07-29,1405555.55,303600.00
R0006596,I001672-02,LN001672,2025-07-29,150000.00,21600.00
R0006597,I001934-04,LN001934,2025-07-29,4200000.00,302400.00
R0006598,I000069-10,LN000069,2025-07-30,266666.66,38400.00
R0006599,I000323-10,LN000323,2025-07-30,916666.66,132000.00
R0006600,I000671-06,LN000671,2025-07-30,1000000.00,108000.00
R0006601,I000721-12,LN000721,2025-07-30,500000.00,108000.00
R0006602,I000800-11,LN000800,2025-07-30,511111.11,110400.00
R0006603,I001042-15,LN001042,2025-07-30,1516666.66,327600.00
R0006604,I001070-08,LN001070,2025-07-30,941666.67,135600.00
R0006605,I001098-09,LN001098,2025-07-30,577777.78,124800.00
R0006606,I001099-08,LN001099,2025-07-30,1011111.11,109200.00
R0006607,I001111-04,LN001111,2025-07-30,158333.34,22800.00
R0006608,I001502-07,LN001502,2025-07-30,3133333.33,338400.00
R0006609,I001504-11,LN001504,2025-07-30,1283333.33,184800.00
R0006610,I001623-01,LN001623,2025-07-30,766666.67,110400.00
R0006611,I001826-07,LN001826,2025-07-30,2533333.33,273600.00
R0006612,I001889-06,LN001889,2025-07-30,1825000.00,262800.00
R0006613,I001984-01,LN001984,2025-07-30,3683333.34,265200.00
R0006614,I000026-12,LN000026,2025-07-31,977777.78,211200.00
R0006615,I000187-10,LN000187,2025-07-31,2083333.33,300000.00
R0006616,I000524-08,LN000524,2025-07-31,1050000.00,151200.00
R0006617,I000536-05,LN000536,2025-07-31,250000.00,18000.00
R0006618,I000580-03,LN000580,2025-07-31,1677777.78,181200.00
R0006619,I000648-09,LN000648,2025-07-31,550000.00,118800.00
R0006620,I000702-17,LN000702,2025-07-31,722222.22,156000.00
R0006621,I000832-04,LN000832,2025-07-31,2900000.00,313200.00
R0006622,I001526-11,LN001526,2025-07-31,1316666.66,189600.00
R0006623,I001557-02,LN001557,2025-07-31,1950000.00,140400.00
R0006624,I001668-11,LN001668,2025-07-31,388888.89,84000.00
R0006625,I001721-11,LN001721,2025-07-31,1250000.00,180000.00
R0006626,I001867-09,LN001867,2025-07-31,1591666.66,229200.00
R0006627,I001886-02,LN001886,2025-07-31,3716666.67,267600.00
R0006628,I001957-06,LN001957,2025-07-31,1550000.00,111600.00
R0006629,I001999-06,LN001999,2025-07-31,800000.00,172800.00
R0006630,I000006-02,LN000006,2025-08-01,1083333.34,156000.00
R0006631,I000023-06,LN000023,2025-08-01,416666.66,30000.00
R0006632,I000088-10,LN000088,2025-08-01,1141666.66,164400.00
R0006633,I000151-01,LN000151,2025-08-01,1241666.67,178800.00
R0006634,I000768-07,LN000768,2025-08-01,1788888.89,193200.00
R0006635,I000786-07,LN000786,2025-08-01,3200000.00,345600.00
R0006636,I001032-07,LN001032,2025-08-01,1166666.67,168000.00
R0006637,I001108-02,LN001108,2025-08-01,6100000.00,219600.00
R0006638,I001537-12,LN001537,2025-08-01,125000.00,18000.00
R0006639,I001613-04,LN001613,2025-08-01,1591666.67,229200.00
R0006640,I001618-06,LN001618,2025-08-01,1655555.55,178800.00
R0006641,I001715-01,LN001715,2025-08-01,4733333.34,340800.00
R0006642,I001719-03,LN001719,2025-08-01,600000.00,86400.00
R0006643,I001816-02,LN001816,2025-08-01,1600000.00,230400.00
R0006644,I000016-02,LN000016,2025-08-02,783333.34,169200.00
R0006645,I000177-12,LN000177,2025-08-02,855555.55,184800.00
R0006646,I000186-04,LN000186,2025-08-02,1400000.00,100800.00
R0006647,I000259-04,LN000259,2025-08-02,288888.89,62400.00
R0006648,I000405-02,LN000405,2025-08-02,2391666.67,344400.00
R0006649,I000432-04,LN000432,2025-08-02,2158333.34,310800.00
R0006650,I000493-03,LN000493,2025-08-02,677777.78,73200.00
R0006651,I000514-11,LN000514,2025-08-02,1675000.00,241200.00
R0006652,I000574-04,LN000574,2025-08-02,344444.45,37200.00
R0006653,I000679-01,LN000679,2025-08-02,925000.00,133200.00
R0006654,I001006-02,LN001006,2025-08-02,1444444.45,312000.00
R0006655,I001033-11,LN001033,2025-08-02,2125000.00,306000.00
R0006656,I001194-07,LN001194,2025-08-02,3177777.78,343200.00
R0006657,I001291-12,LN001291,2025-08-02,2466666.66,355200.00
R0006658,I001620-02,LN001620,2025-08-02,1108333.34,159600.00
R0006659,I001703-01,LN001703,2025-08-02,5533333.34,199200.00
R0006660,I001718-05,LN001718,2025-08-02,4983333.33,358800.00
R0006661,I001899-04,LN001899,2025-08-02,850000.00,122400.00
R0006662,I000411-01,LN000411,2025-08-03,1277777.78,276000.00
R0006663,I000415-15,LN000415,2025-08-03,616666.66,133200.00
R0006664,I000416-04,LN000416,2025-08-03,1000000.00,216000.00
R0006665,I000519-01,LN000519,2025-08-03,2133333.34,230400.00
R0006666,I000566-08,LN000566,2025-08-03,488888.89,52800.00
R0006667,I000742-06,LN000742,2025-08-03,2400000.00,259200.00
R0006668,I000838-01,LN000838,2025-08-03,3516666.67,253200.00
R0006669,I000842-05,LN000842,2025-08-03,733333.33,105600.00
R0006670,I000870-05,LN000870,2025-08-03,2488888.89,268800.00
R0006671,I000887-01,LN000887,2025-08-03,516666.67,74400.00
R0006672,I001036-03,LN001036,2025-08-03,566666.67,81600.00
R0006673,I001075-15,LN001075,2025-08-03,888888.89,192000.00
R0006674,I001261-18,LN001261,2025-08-03,761111.11,164400.00
R0006675,I001276-07,LN001276,2025-08-03,1625000.00,234000.00
R0006676,I001481-05,LN001481,2025-08-03,1525000.00,219600.00
R0006677,I001568-06,LN001568,2025-08-03,1441666.67,207600.00
R0006678,I001590-16,LN001590,2025-08-03,1127777.77,243600.00
R0006679,I001653-01,LN001653,2025-08-03,1291666.67,186000.00
R0006680,I001671-01,LN001671,2025-08-03,1316666.67,189600.00
R0006681,I001704-04,LN001704,2025-08-03,1888888.89,204000.00
R0006682,I001797-10,LN001797,2025-08-03,444444.44,96000.00
R0006683,I000185-15,LN000185,2025-08-04,1177777.77,254400.00
R0006684,I000241-13,LN000241,2025-08-04,766666.66,165600.00
R0006685,I000316-04,LN000316,2025-08-04,1975000.00,284400.00
R0006686,I000532-06,LN000532,2025-08-04,1308333.33,188400.00
R0006687,I000573-11,LN000573,2025-08-04,1583333.33,342000.00
R0006688,I000646-08,LN000646,2025-08-04,1505555.56,325200.00
R0006689,I000711-07,LN000711,2025-08-04,2655555.55,286800.00
R0006690,I000718-02,LN000718,2025-08-04,1533333.34,220800.00
R0006691,I000792-09,LN000792,2025-08-04,1941666.66,279600.00
R0006692,I000794-04,LN000794,2025-08-04,94444.45,20400.00
R0006693,I000822-12,LN000822,2025-08-04,1500000.00,216000.00
R0006694,I000851-10,LN000851,2025-08-04,1222222.22,264000.00
R0006695,I001069-08,LN001069,2025-08-04,1405555.56,303600.00
R0006696,I001174-05,LN001174,2025-08-04,2108333.33,303600.00
R0006697,I001184-07,LN001184,2025-08-04,395416.66,56940.00
R0006698,I001214-03,LN001214,2025-08-04,416666.67,60000.00
R0006699,I001258-11,LN001258,2025-08-04,1038888.89,224400.00
R0006700,I001279-14,LN001279,2025-08-04,688888.89,148800.00
R0006701,I001358-06,LN001358,2025-08-04,1666666.67,240000.00
R0006702,I001395-03,LN001395,2025-08-04,3400000.00,244800.00
R0006703,I001439-12,LN001439,2025-08-04,1175000.00,169200.00
R0006704,I001602-09,LN001602,2025-08-04,2888888.88,312000.00
R0006705,I001628-04,LN001628,2025-08-04,2833333.33,204000.00
R0006706,I001647-05,LN001647,2025-08-04,2683333.33,193200.00
R0006707,I001738-06,LN001738,2025-08-04,2366666.67,340800.00
R0006708,I001758-08,LN001758,2025-08-04,725833.33,104520.00
R0006709,I001760-04,LN001760,2025-08-04,1466666.67,158400.00
R0006710,I001821-05,LN001821,2025-08-04,2308333.33,332400.00
R0006711,I001877-02,LN001877,2025-08-04,1227777.78,265200.00
R0006712,I001965-09,LN001965,2025-08-04,1566666.66,225600.00
R0006713,I000155-04,LN000155,2025-08-05,1683333.33,121200.00
R0006714,I000285-08,LN000285,2025-08-05,958333.33,138000.00
R0006715,I000398-05,LN000398,2025-08-05,487500.00,105300.00
R0006716,I000489-08,LN000489,2025-08-05,191666.67,27600.00
R0006717,I000569-02,LN000569,2025-08-05,2744444.45,296400.00
R0006718,I000606-06,LN000606,2025-08-05,1220833.33,175800.00
R0006719,I000653-05,LN000653,2025-08-05,3044444.44,328800.00
R0006720,I000670-03,LN000670,2025-08-05,441666.67,63600.00
R0006721,I000836-11,LN000836,2025-08-05,825000.00,118800.00
R0006722,I000901-12,LN000901,2025-08-05,725000.00,104400.00
R0006723,I000917-17,LN000917,2025-08-05,668055.55,144300.00
R0006724,I000961-12,LN000961,2025-08-05,1475000.00,212400.00
R0006725,I001019-07,LN001019,2025-08-05,1625000.00,234000.00
R0006726,I001288-04,LN001288,2025-08-05,2966666.67,213600.00
R0006727,I001409-04,LN001409,2025-08-05,650000.00,93600.00
R0006728,I001575-04,LN001575,2025-08-05,950000.00,68400.00
R0006729,I001608-05,LN001608,2025-08-05,283333.33,20400.00
R0006730,I001630-17,LN001630,2025-08-05,1072222.22,231600.00
R0006731,I001744-05,LN001744,2025-08-05,2450000.00,352800.00
R0006732,I001828-01,LN001828,2025-08-05,1258333.34,181200.00
R0006733,I001981-01,LN001981,2025-08-05,4633333.34,333600.00
R0006734,I000079-02,LN000079,2025-08-06,2183333.34,157200.00
R0006735,I000193-02,LN000193,2025-08-06,344444.45,37200.00
R0006736,I000327-12,LN000327,2025-08-06,883333.33,127200.00
R0006737,I000332-03,LN000332,2025-08-06,2108333.34,303600.00
R0006738,I000377-06,LN000377,2025-08-06,1744444.44,188400.00
R0006739,I000432-05,LN000432,2025-08-06,2158333.33,310800.00
R0006740,I000504-09,LN000504,2025-08-06,1377777.77,148800.00
R0006741,I000592-11,LN000592,2025-08-06,516666.66,74400.00
R0006742,I000680-17,LN000680,2025-08-06,300000.00,64800.00
R0006743,I000819-09,LN000819,2025-08-06,991666.66,142800.00
R0006744,I001257-05,LN001257,2025-08-06,1316666.67,284400.00
R0006745,I001320-03,LN001320,2025-08-06,1405555.56,303600.00
R0006746,I001321-04,LN001321,2025-08-06,4250000.00,306000.00
R0006747,I001524-01,LN001524,2025-08-06,1575000.00,226800.00
R0006748,I001534-09,LN001534,2025-08-06,1500000.00,216000.00
R0006749,I001729-06,LN001729,2025-08-06,3966666.66,285600.00
R0006750,I001894-18,LN001894,2025-08-06,1050000.00,226800.00
R0006751,I001910-07,LN001910,2025-08-06,3111111.11,336000.00
R0006752,I000086-05,LN000086,2025-08-07,1416666.67,306000.00
R0006753,I000529-02,LN000529,2025-08-07,2900000.00,104400.00
R0006754,I000559-01,LN000559,2025-08-07,3083333.34,222000.00
R0006755,I000625-06,LN000625,2025-08-07,708333.33,51000.00
R0006756,I000883-10,LN000883,2025-08-07,1966666.66,283200.00
R0006757,I001012-07,LN001012,2025-08-07,872222.22,188400.00
R0006758,I001472-04,LN001472,2025-08-07,505555.56,109200.00
R0006759,I001678-11,LN001678,2025-08-07,2208333.33,318000.00
R0006760,I001694-02,LN001694,2025-08-07,1216666.67,175200.00
R0006761,I001704-05,LN001704,2025-08-07,1888888.89,204000.00
R0006762,I001858-03,LN001858,2025-08-07,725000.00,104400.00
R0006763,I001929-09,LN001929,2025-08-07,738888.89,159600.00
R0006764,I000181-10,LN000181,2025-08-08,1561111.11,337200.00
R0006765,I000293-10,LN000293,2025-08-08,440000.00,95040.00
R0006766,I000460-01,LN000460,2025-08-08,333333.34,48000.00
R0006767,I000600-11,LN000600,2025-08-08,2466666.66,355200.00
R0006768,I000646-09,LN000646,2025-08-08,1505555.56,325200.00
R0006769,I000704-12,LN000704,2025-08-08,1716666.66,247200.00
R0006770,I000737-15,LN000737,2025-08-08,1288888.89,278400.00
R0006771,I000817-04,LN000817,2025-08-08,214583.33,30900.00
R0006772,I000956-01,LN000956,2025-08-08,4883333.34,351600.00
R0006773,I000962-06,LN000962,2025-08-08,4866666.66,350400.00
R0006774,I001131-07,LN001131,2025-08-08,628333.33,90480.00
R0006775,I001139-01,LN001139,2025-08-08,1355555.56,146400.00
R0006776,I001177-06,LN001177,2025-08-08,333333.33,48000.00
R0006777,I001199-10,LN001199,2025-08-08,2400000.00,345600.00
R0006778,I001475-09,LN001475,2025-08-08,1466666.66,158400.00
R0006779,I001615-03,LN001615,2025-08-08,1255555.56,271200.00
R0006780,I001980-14,LN001980,2025-08-08,1250000.00,270000.00
R0006781,I000050-11,LN000050,2025-08-09,1258333.33,181200.00
R0006782,I000091-03,LN000091,2025-08-09,416666.67,60000.00
R0006783,I000124-02,LN000124,2025-08-09,1122222.23,121200.00
R0006784,I000188-01,LN000188,2025-08-09,4533333.34,326400.00
R0006785,I000525-11,LN000525,2025-08-09,209444.44,45240.00
R0006786,I000857-02,LN000857,2025-08-09,7933333.33,285600.00
R0006787,I000988-12,LN000988,2025-08-09,1725000.00,248400.00
R0006788,I001072-01,LN001072,2025-08-09,4233333.34,304800.00
R0006789,I001286-03,LN001286,2025-08-09,2283333.34,328800.00
R0006790,I001444-07,LN001444,2025-08-09,2008333.33,289200.00
R0006791,I001554-01,LN001554,2025-08-09,1688888.89,182400.00
R0006792,I001718-06,LN001718,2025-08-09,4983333.33,358800.00
R0006793,I001922-07,LN001922,2025-08-09,800000.00,86400.00
R0006794,I000269-09,LN000269,2025-08-10,1733333.33,249600.00
R0006795,I000296-04,LN000296,2025-08-10,1600000.00,172800.00
R0006796,I000332-02,LN000332,2025-08-10,1054166.67,151800.00
R0006797,I000395-03,LN000395,2025-08-10,4833333.33,174000.00
R0006798,I000531-11,LN000531,2025-08-10,525000.00,75600.00
R0006799,I000674-07,LN000674,2025-08-10,425000.00,61200.00
R0006800,I000728-10,LN000728,2025-08-10,516666.67,111600.00
R0006801,I000754-07,LN000754,2025-08-10,2122222.22,229200.00
R0006802,I000837-08,LN000837,2025-08-10,433333.33,62400.00
R0006803,I000985-02,LN000985,2025-08-10,1211111.11,130800.00
R0006804,I001062-05,LN001062,2025-08-10,383333.33,27600.00
R0006805,I001343-01,LN001343,2025-08-10,83333.34,18000.00
R0006806,I001648-04,LN001648,2025-08-10,850000.00,61200.00
R0006807,I001811-06,LN001811,2025-08-10,1300000.00,140400.00
R0006808,I001897-03,LN001897,2025-08-10,2316666.67,166800.00
R0006809,I001936-01,LN001936,2025-08-10,4000000.00,288000.00
R0006810,I001979-04,LN001979,2025-08-10,4033333.33,290400.00
R0006811,I000147-15,LN000147,2025-08-11,262500.00,56700.00
R0006812,I000324-01,LN000324,2025-08-11,1322222.23,285600.00
R0006813,I000536-06,LN000536,2025-08-11,250000.00,18000.00
R0006814,I000568-04,LN000568,2025-08-11,1208333.34,174000.00
R0006815,I000599-06,LN000599,2025-08-11,1783333.33,128400.00
R0006816,I000744-04,LN000744,2025-08-11,525000.00,75600.00
R0006817,I000817-05,LN000817,2025-08-11,858333.33,123600.00
R0006818,I000930-05,LN000930,2025-08-11,825000.00,118800.00
R0006819,I000997-03,LN000997,2025-08-11,2088888.89,225600.00
R0006820,I001020-14,LN001020,2025-08-11,1294444.44,279600.00
R0006821,I001033-12,LN001033,2025-08-11,2125000.00,306000.00
R0006822,I001462-04,LN001462,2025-08-11,2933333.33,211200.00
R0006823,I001658-12,LN001658,2025-08-11,1072222.22,231600.00
R0006824,I001724-02,LN001724,2025-08-11,1200000.00,86400.00
R0006825,I001734-01,LN001734,2025-08-11,1766666.67,63600.00
R0006826,I001767-01,LN001767,2025-08-11,2166666.67,78000.00
R0006827,I001975-02,LN001975,2025-08-11,550000.00,39600.00
R0006828,I000032-07,LN000032,2025-08-12,841666.67,121200.00
R0006829,I000119-04,LN000119,2025-08-12,2375000.00,342000.00
R0006830,I000264-10,LN000264,2025-08-12,1200000.00,172800.00
R0006831,I000271-01,LN000271,2025-08-12,144444.45,31200.00
R0006832,I000479-12,LN000479,2025-08-12,141666.66,20400.00
R0006833,I000723-07,LN000723,2025-08-12,377083.33,54300.00
R0006834,I000830-01,LN000830,2025-08-12,1500000.00,216000.00
R0006835,I000858-02,LN000858,2025-08-12,2733333.34,196800.00
R0006836,I000896-09,LN000896,2025-08-12,833333.33,90000.00
R0006837,I000912-12,LN000912,2025-08-12,1108333.33,159600.00
R0006838,I001051-02,LN001051,2025-08-12,1066666.67,230400.00
R0006839,I001082-04,LN001082,2025-08-12,633333.34,136800.00
R0006840,I001098-08,LN001098,2025-08-12,577777.78,124800.00
R0006841,I001226-05,LN001226,2025-08-12,1383333.33,99600.00
R0006842,I001360-14,LN001360,2025-08-12,1000000.00,216000.00
R0006843,I001457-09,LN001457,2025-08-12,316666.66,45600.00
R0006844,I001473-12,LN001473,2025-08-12,1666666.66,240000.00
R0006845,I001615-04,LN001615,2025-08-12,1255555.56,271200.00
R0006846,I001806-07,LN001806,2025-08-12,1133333.33,163200.00
R0006847,I001827-12,LN001827,2025-08-12,1405555.55,303600.00
R0006848,I001997-08,LN001997,2025-08-12,1025000.00,147600.00
R0006849,I000204-06,LN000204,2025-08-13,2650000.00,190800.00
R0006850,I000242-09,LN000242,2025-08-13,1766666.66,254400.00
R0006851,I000409-09,LN000409,2025-08-13,1975000.00,284400.00
R0006852,I000506-04,LN000506,2025-08-13,538888.89,116400.00
R0006853,I000518-05,LN000518,2025-08-13,2866666.67,309600.00
R0006854,I000663-02,LN000663,2025-08-13,666666.67,48000.00
R0006855,I000981-05,LN000981,2025-08-13,1075000.00,154800.00
R0006856,I001461-17,LN001461,2025-08-13,320000.00,69120.00
R0006857,I001933-08,LN001933,2025-08-13,2588888.89,279600.00
R0006858,I000162-18,LN000162,2025-08-14,1288888.88,278400.00
R0006859,I000164-12,LN000164,2025-08-14,822222.22,177600.00
R0006860,I000433-17,LN000433,2025-08-14,977777.77,211200.00
R0006861,I000541-15,LN000541,2025-08-14,461111.11,99600.00
R0006862,I000653-06,LN000653,2025-08-14,3044444.44,328800.00
R0006863,I000703-06,LN000703,2025-08-14,4666666.66,336000.00
R0006864,I000752-10,LN000752,2025-08-14,1627777.78,351600.00
R0006865,I000969-02,LN000969,2025-08-14,1841666.67,265200.00
R0006866,I001283-01,LN001283,2025-08-14,1177777.78,127200.00
R0006867,I001298-04,LN001298,2025-08-14,1716666.67,123600.00
R0006868,I001381-06,LN001381,2025-08-14,933333.34,201600.00
R0006869,I001466-01,LN001466,2025-08-14,2722222.23,294000.00
R0006870,I001540-12,LN001540,2025-08-14,727777.78,157200.00
R0006871,I001642-07,LN001642,2025-08-14,450000.00,97200.00
R0006872,I001752-05,LN001752,2025-08-14,244444.44,26400.00
R0006873,I001962-02,LN001962,2025-08-14,1294444.45,279600.00
R0006874,I000056-02,LN000056,2025-08-15,4516666.67,325200.00
R0006875,I000092-09,LN000092,2025-08-15,1400000.00,151200.00
R0006876,I000145-01,LN000145,2025-08-15,2300000.00,248400.00
R0006877,I000185-16,LN000185,2025-08-15,1177777.77,254400.00
R0006878,I000213-18,LN000213,2025-08-15,755555.55,163200.00
R0006879,I000303-10,LN000303,2025-08-15,296666.66,42720.00
R0006880,I000516-04,LN000516,2025-08-15,1216666.67,175200.00
R0006881,I000674-06,LN000674,2025-08-15,425000.00,61200.00
R0006882,I000796-12,LN000796,2025-08-15,1466666.67,316800.00
R0006883,I001093-06,LN001093,2025-08-15,283333.33,20400.00
R0006884,I001103-02,LN001103,2025-08-15,1688888.89,182400.00
R0006885,I001247-10,LN001247,2025-08-15,1750000.00,252000.00
R0006886,I001311-08,LN001311,2025-08-15,2544444.44,274800.00
R0006887,I001524-02,LN001524,2025-08-15,1575000.00,226800.00
R0006888,I001736-07,LN001736,2025-08-15,1041666.67,150000.00
R0006889,I000171-03,LN000171,2025-08-16,1111111.11,120000.00
R0006890,I000199-03,LN000199,2025-08-16,2241666.67,322800.00
R0006891,I000294-06,LN000294,2025-08-16,3244444.44,350400.00
R0006892,I000343-03,LN000343,2025-08-16,1277777.78,138000.00
R0006893,I000559-02,LN000559,2025-08-16,3083333.34,222000.00
R0006894,I000739-08,LN000739,2025-08-16,1294444.45,279600.00
R0006895,I000776-04,LN000776,2025-08-16,3450000.00,248400.00
R0006896,I000779-06,LN000779,2025-08-16,3050000.00,219600.00
R0006897,I000803-06,LN000803,2025-08-16,1666666.67,240000.00
R0006898,I001007-02,LN001007,2025-08-16,488888.89,105600.00
R0006899,I001039-06,LN001039,2025-08-16,1041666.66,75000.00
R0006900,I001127-10,LN001127,2025-08-16,1575000.00,226800.00
R0006901,I001201-05,LN001201,2025-08-16,325000.00,46800.00
R0006902,I001216-11,LN001216,2025-08-16,2066666.66,297600.00
R0006903,I001266-01,LN001266,2025-08-16,1675000.00,241200.00
R0006904,I001309-04,LN001309,2025-08-16,4066666.67,292800.00
R0006905,I001452-17,LN001452,2025-08-16,172222.22,37200.00
R0006906,I001460-06,LN001460,2025-08-16,1344444.45,290400.00
R0006907,I001539-01,LN001539,2025-08-16,377777.78,81600.00
R0006908,I001614-02,LN001614,2025-08-16,4633333.34,333600.00
R0006909,I001630-18,LN001630,2025-08-16,1072222.22,231600.00
R0006910,I001731-05,LN001731,2025-08-16,1316666.67,284400.00
R0006911,I001999-07,LN001999,2025-08-16,1600000.00,345600.00
R0006912,I000051-01,LN000051,2025-08-17,266666.67,19200.00
R0006913,I000105-06,LN000105,2025-08-17,1577777.78,170400.00
R0006914,I000250-15,LN000250,2025-08-17,711111.11,153600.00
R0006915,I000376-08,LN000376,2025-08-17,1711111.11,184800.00
R0006916,I000392-02,LN000392,2025-08-17,150000.00,32400.00
R0006917,I000439-04,LN000439,2025-08-17,261111.11,56400.00
R0006918,I000750-08,LN000750,2025-08-17,741666.67,106800.00
R0006919,I001026-01,LN001026,2025-08-17,1483333.33,106800.00
R0006920,I001073-12,LN001073,2025-08-17,1600000.00,230400.00
R0006921,I001119-06,LN001119,2025-08-17,600000.00,86400.00
R0006922,I001135-09,LN001135,2025-08-17,1558333.33,224400.00
R0006923,I001191-04,LN001191,2025-08-17,2600000.00,280800.00
R0006924,I001225-04,LN001225,2025-08-17,508333.34,73200.00
R0006925,I001267-06,LN001267,2025-08-17,1066666.67,153600.00
R0006926,I001589-11,LN001589,2025-08-17,1294444.44,279600.00
R0006927,I001627-04,LN001627,2025-08-17,1083333.33,78000.00
R0006928,I001849-04,LN001849,2025-08-17,541666.67,78000.00
R0006929,I000126-06,LN000126,2025-08-18,3066666.66,220800.00
R0006930,I000150-02,LN000150,2025-08-18,291666.67,42000.00
R0006931,I000507-06,LN000507,2025-08-18,1691666.67,243600.00
R0006932,I001024-12,LN001024,2025-08-18,2241666.66,322800.00
R0006933,I001076-07,LN001076,2025-08-18,2333333.33,336000.00
R0006934,I001181-07,LN001181,2025-08-18,600000.00,86400.00
R0006935,I001224-04,LN001224,2025-08-18,622222.23,134400.00
R0006936,I001544-06,LN001544,2025-08-18,305555.56,66000.00
R0006937,I001596-18,LN001596,2025-08-18,488888.88,105600.00
R0006938,I001646-04,LN001646,2025-08-18,1883333.34,271200.00
R0006939,I000084-12,LN000084,2025-08-19,294444.44,63600.00
R0006940,I000430-11,LN000430,2025-08-19,350000.00,50400.00
R0006941,I000525-12,LN000525,2025-08-19,322222.22,69600.00
R0006942,I000556-12,LN000556,2025-08-19,1322222.22,285600.00
R0006943,I000572-03,LN000572,2025-08-19,2500000.00,90000.00
R0006944,I000844-04,LN000844,2025-08-19,4233333.33,304800.00
R0006945,I000846-01,LN000846,2025-08-19,2744444.45,296400.00
R0006946,I000961-11,LN000961,2025-08-19,1475000.00,212400.00
R0006947,I001115-01,LN001115,2025-08-19,2766666.67,199200.00
R0006948,I001221-14,LN001221,2025-08-19,850000.00,183600.00
R0006949,I001268-03,LN001268,2025-08-19,2083333.34,300000.00
R0006950,I001299-02,LN001299,2025-08-19,1183333.34,170400.00
R0006951,I001316-06,LN001316,2025-08-19,3016666.66,217200.00
R0006952,I001345-18,LN001345,2025-08-19,1083333.33,234000.00
R0006953,I001349-10,LN001349,2025-08-19,977777.78,211200.00
R0006954,I001587-01,LN001587,2025-08-19,6900000.00,248400.00
R0006955,I001703-02,LN001703,2025-08-19,5533333.33,199200.00
R0006956,I001819-08,LN001819,2025-08-19,275000.00,39600.00
R0006957,I001878-03,LN001878,2025-08-19,416666.67,30000.00
R0006958,I002000-04,LN002000,2025-08-19,333333.34,48000.00
R0006959,I000049-01,LN000049,2025-08-20,2266666.67,326400.00
R0006960,I000106-16,LN000106,2025-08-20,84444.44,18240.00
R0006961,I000148-05,LN000148,2025-08-20,400000.00,28800.00
R0006962,I000182-06,LN000182,2025-08-20,625000.00,90000.00
R0006963,I000205-09,LN000205,2025-08-20,1825000.00,262800.00
R0006964,I000312-02,LN000312,2025-08-20,291666.67,42000.00
R0006965,I000359-04,LN000359,2025-08-20,1600000.00,172800.00
R0006966,I000476-17,LN000476,2025-08-20,1133333.33,244800.00
R0006967,I000687-05,LN000687,2025-08-20,1750000.00,252000.00
R0006968,I000782-02,LN000782,2025-08-20,5000000.00,360000.00
R0006969,I001040-05,LN001040,2025-08-20,536111.11,57900.00
R0006970,I001308-06,LN001308,2025-08-20,2241666.67,322800.00
R0006971,I001454-03,LN001454,2025-08-20,591666.67,85200.00
R0006972,I001553-03,LN001553,2025-08-20,3583333.33,258000.00
R0006973,I001601-06,LN001601,2025-08-20,2166666.67,312000.00
R0006974,I001937-12,LN001937,2025-08-20,1383333.33,199200.00
R0006975,I000013-04,LN000013,2025-08-21,2491666.67,358800.00
R0006976,I000076-04,LN000076,2025-08-21,800000.00,115200.00
R0006977,I000119-05,LN000119,2025-08-21,2375000.00,342000.00
R0006978,I000300-05,LN000300,2025-08-21,2700000.00,291600.00
R0006979,I000329-02,LN000329,2025-08-21,2016666.67,145200.00
R0006980,I000348-01,LN000348,2025-08-21,900000.00,97200.00
R0006981,I000371-04,LN000371,2025-08-21,2175000.00,313200.00
R0006982,I000529-01,LN000529,2025-08-21,2900000.00,104400.00
R0006983,I000544-08,LN000544,2025-08-21,2408333.33,346800.00
R0006984,I000578-06,LN000578,2025-08-21,883333.33,63600.00
R0006985,I001040-07,LN001040,2025-08-21,2144444.44,231600.00
R0006986,I001070-09,LN001070,2025-08-21,941666.66,135600.00
R0006987,I001250-18,LN001250,2025-08-21,1311111.11,283200.00
R0006988,I001259-02,LN001259,2025-08-21,4500000.00,324000.00
R0006989,I001289-05,LN001289,2025-08-21,2058333.33,296400.00
R0006990,I001388-01,LN001388,2025-08-21,116666.67,25200.00
R0006991,I001397-08,LN001397,2025-08-21,1511111.11,163200.00
R0006992,I001499-01,LN001499,2025-08-21,2700000.00,291600.00
R0006993,I001611-06,LN001611,2025-08-21,2716666.66,195600.00
R0006994,I001648-05,LN001648,2025-08-21,850000.00,61200.00
R0006995,I001710-11,LN001710,2025-08-21,158333.33,22800.00
R0006996,I001872-02,LN001872,2025-08-21,761111.12,164400.00
R0006997,I001920-06,LN001920,2025-08-21,2983333.33,214800.00
R0006998,I001984-02,LN001984,2025-08-21,3683333.34,265200.00
R0006999,I000187-11,LN000187,2025-08-22,2083333.33,300000.00
R0007000,I000189-07,LN000189,2025-08-22,97777.77,10560.00
R0007001,I000196-02,LN000196,2025-08-22,1000000.00,216000.00
R0007002,I000228-07,LN000228,2025-08-22,1172222.22,253200.00
R0007003,I000270-12,LN000270,2025-08-22,766666.66,110400.00
R0007004,I000797-06,LN000797,2025-08-22,905555.56,195600.00
R0007005,I000982-05,LN000982,2025-08-22,988888.89,213600.00
R0007006,I000997-04,LN000997,2025-08-22,835555.55,90240.00
R0007007,I001133-01,LN001133,2025-08-22,3066666.67,220800.00
R0007008,I001204-02,LN001204,2025-08-22,3500000.00,252000.00
R0007009,I001413-06,LN001413,2025-08-22,1941666.67,279600.00
R0007010,I001470-03,LN001470,2025-08-22,4550000.00,327600.00
R0007011,I001550-01,LN001550,2025-08-22,3433333.34,247200.00
R0007012,I001705-06,LN001705,2025-08-22,4066666.66,292800.00
R0007013,I001725-03,LN001725,2025-08-22,1944444.45,210000.00
R0007014,I001744-06,LN001744,2025-08-22,2450000.00,352800.00
R0007015,I001762-07,LN001762,2025-08-22,700000.00,151200.00
R0007016,I001949-01,LN001949,2025-08-22,322222.23,69600.00
R0007017,I000106-17,LN000106,2025-08-23,105555.55,22800.00
R0007018,I000124-01,LN000124,2025-08-23,1122222.23,121200.00
R0007019,I000189-09,LN000189,2025-08-23,244444.44,26400.00
R0007020,I000398-06,LN000398,2025-08-23,750000.00,162000.00
R0007021,I000642-12,LN000642,2025-08-23,1100000.00,158400.00
R0007022,I000664-13,LN000664,2025-08-23,883333.33,190800.00
R0007023,I000792-08,LN000792,2025-08-23,1941666.67,279600.00
R0007024,I000798-04,LN000798,2025-08-23,1393333.33,200640.00
R0007025,I000882-03,LN000882,2025-08-23,3600000.00,129600.00
R0007026,I001098-10,LN001098,2025-08-23,577777.78,124800.00
R0007027,I001144-05,LN001144,2025-08-23,1233333.33,88800.00
R0007028,I001453-06,LN001453,2025-08-23,2988888.89,322800.00
R0007029,I001501-03,LN001501,2025-08-23,994444.45,214800.00
R0007030,I001585-01,LN001585,2025-08-23,850000.00,61200.00
R0007031,I001613-05,LN001613,2025-08-23,1591666.67,229200.00
R0007032,I001786-03,LN001786,2025-08-23,2316666.67,333600.00
R0007033,I000227-01,LN000227,2025-08-24,8833333.34,318000.00
R0007034,I000370-01,LN000370,2025-08-24,1855555.56,200400.00
R0007035,I000436-06,LN000436,2025-08-24,1091666.67,157200.00
R0007036,I000462-02,LN000462,2025-08-24,2050000.00,295200.00
R0007037,I000516-05,LN000516,2025-08-24,1216666.67,175200.00
R0007038,I000607-01,LN000607,2025-08-24,933333.34,67200.00
R0007039,I000724-02,LN000724,2025-08-24,1883333.34,271200.00
R0007040,I000979-06,LN000979,2025-08-24,933333.33,67200.00
R0007041,I001103-03,LN001103,2025-08-24,1688888.89,182400.00
R0007042,I001200-05,LN001200,2025-08-24,3833333.33,276000.00
R0007043,I001526-12,LN001526,2025-08-24,1316666.66,189600.00
R0007044,I001546-06,LN001546,2025-08-24,1525000.00,219600.00
R0007045,I001784-06,LN001784,2025-08-24,597916.66,86100.00
R0007046,I001847-01,LN001847,2025-08-24,2000000.00,288000.00
R0007047,I001940-11,LN001940,2025-08-24,1122222.22,242400.00
R0007048,I001987-02,LN001987,2025-08-24,2333333.33,84000.00
R0007049,I000151-02,LN000151,2025-08-25,1241666.67,178800.00
R0007050,I000291-02,LN000291,2025-08-25,1008333.34,145200.00
R0007051,I000363-05,LN000363,2025-08-25,2833333.33,306000.00
R0007052,I000375-08,LN000375,2025-08-25,1450000.00,208800.00
R0007053,I000409-08,LN000409,2025-08-25,1975000.00,284400.00
R0007054,I000437-06,LN000437,2025-08-25,1833333.33,198000.00
R0007055,I000502-05,LN000502,2025-08-25,391666.67,56400.00
R0007056,I000567-04,LN000567,2025-08-25,4116666.67,296400.00
R0007057,I000648-11,LN000648,2025-08-25,550000.00,118800.00
R0007058,I000867-01,LN000867,2025-08-25,1800000.00,259200.00
R0007059,I001048-09,LN001048,2025-08-25,800000.00,86400.00
R0007060,I001065-07,LN001065,2025-08-25,466666.66,50400.00
R0007061,I001184-08,LN001184,2025-08-25,608333.33,87600.00
R0007062,I001201-06,LN001201,2025-08-25,325000.00,46800.00
R0007063,I001322-07,LN001322,2025-08-25,916666.67,132000.00
R0007064,I001328-10,LN001328,2025-08-25,440000.00,95040.00
R0007065,I001492-02,LN001492,2025-08-25,4766666.67,343200.00
R0007066,I001618-07,LN001618,2025-08-25,1655555.55,178800.00
R0007067,I001651-04,LN001651,2025-08-25,241666.67,34800.00
R0007068,I001790-05,LN001790,2025-08-25,1216666.66,87600.00
R0007069,I001812-03,LN001812,2025-08-25,3466666.67,249600.00
R0007070,I001951-10,LN001951,2025-08-25,1216666.66,175200.00
R0007071,I000306-06,LN000306,2025-08-26,433333.33,62400.00
R0007072,I000479-11,LN000479,2025-08-26,141666.66,20400.00
R0007073,I000678-04,LN000678,2025-08-26,2233333.33,160800.00
R0007074,I000689-07,LN000689,2025-08-26,3133333.33,338400.00
R0007075,I000711-08,LN000711,2025-08-26,2655555.55,286800.00
R0007076,I000794-05,LN000794,2025-08-26,94444.45,20400.00
R0007077,I001164-04,LN001164,2025-08-26,1133333.33,122400.00
R0007078,I001199-11,LN001199,2025-08-26,2400000.00,345600.00
R0007079,I001258-12,LN001258,2025-08-26,1038888.89,224400.00
R0007080,I001358-07,LN001358,2025-08-26,1666666.67,240000.00
R0007081,I001506-01,LN001506,2025-08-26,761944.44,164580.00
R0007082,I001919-18,LN001919,2025-08-26,1261111.11,272400.00
R0007083,I001992-10,LN001992,2025-08-26,1275000.00,183600.00
R0007084,I000141-08,LN000141,2025-08-27,1841666.67,265200.00
R0007085,I000208-11,LN000208,2025-08-27,675000.00,97200.00
R0007086,I000245-01,LN000245,2025-08-27,890000.00,128160.00
R0007087,I000416-05,LN000416,2025-08-27,1000000.00,216000.00
R0007088,I000566-09,LN000566,2025-08-27,488888.88,52800.00
R0007089,I000674-08,LN000674,2025-08-27,425000.00,61200.00
R0007090,I000675-04,LN000675,2025-08-27,1391666.67,200400.00
R0007091,I000773-10,LN000773,2025-08-27,1100000.00,158400.00
R0007092,I000827-05,LN000827,2025-08-27,483333.33,34800.00
R0007093,I000862-08,LN000862,2025-08-27,2077777.77,224400.00
R0007094,I001131-05,LN001131,2025-08-27,966666.67,139200.00
R0007095,I001276-08,LN001276,2025-08-27,1625000.00,234000.00
R0007096,I001348-14,LN001348,2025-08-27,105555.55,22800.00
R0007097,I001409-05,LN001409,2025-08-27,650000.00,93600.00
R0007098,I001665-03,LN001665,2025-08-27,2000000.00,216000.00
R0007099,I001672-03,LN001672,2025-08-27,150000.00,21600.00
R0007100,I001817-11,LN001817,2025-08-27,2150000.00,309600.00
R0007101,I001848-01,LN001848,2025-08-27,2150000.00,154800.00
R0007102,I001853-08,LN001853,2025-08-27,1087500.00,156600.00
R0007103,I000179-06,LN000179,2025-08-28,144444.44,15600.00
R0007104,I000339-01,LN000339,2025-08-28,933333.34,100800.00
R0007105,I000597-01,LN000597,2025-08-28,4680000.00,168480.00
R0007106,I000609-01,LN000609,2025-08-28,2075000.00,298800.00
R0007107,I000680-18,LN000680,2025-08-28,300000.00,64800.00
R0007108,I000723-08,LN000723,2025-08-28,980416.66,141180.00
R0007109,I000734-02,LN000734,2025-08-28,2957500.00,212940.00
R0007110,I001089-12,LN001089,2025-08-28,616666.66,88800.00
R0007111,I001151-08,LN001151,2025-08-28,516666.67,74400.00
R0007112,I001153-12,LN001153,2025-08-28,583333.33,84000.00
R0007113,I001179-03,LN001179,2025-08-28,783333.33,56400.00
R0007114,I001191-05,LN001191,2025-08-28,2600000.00,280800.00
R0007115,I001588-07,LN001588,2025-08-28,483333.33,69600.00
R0007116,I001732-01,LN001732,2025-08-28,2441666.67,351600.00
R0007117,I001738-07,LN001738,2025-08-28,2366666.67,340800.00
R0007118,I001853-09,LN001853,2025-08-28,2175000.00,313200.00
R0007119,I000026-13,LN000026,2025-08-29,244444.44,52800.00
R0007120,I000136-06,LN000136,2025-08-29,2166666.67,234000.00
R0007121,I000417-11,LN000417,2025-08-29,1591666.66,229200.00
R0007122,I000697-05,LN000697,2025-08-29,255555.56,27600.00
R0007123,I000700-08,LN000700,2025-08-29,1333333.33,192000.00
R0007124,I000704-11,LN000704,2025-08-29,686666.66,98880.00
R0007125,I000815-05,LN000815,2025-08-29,1500000.00,162000.00
R0007126,I000888-03,LN000888,2025-08-29,4966666.67,357600.00
R0007127,I001075-16,LN001075,2025-08-29,888888.89,192000.00
R0007128,I001186-16,LN001186,2025-08-29,1077777.77,232800.00
R0007129,I001226-06,LN001226,2025-08-29,1383333.33,99600.00
R0007130,I001288-05,LN001288,2025-08-29,2966666.66,213600.00
R0007131,I001308-07,LN001308,2025-08-29,2241666.67,322800.00
R0007132,I001372-05,LN001372,2025-08-29,2133333.33,153600.00
R0007133,I001433-04,LN001433,2025-08-29,1216666.67,175200.00
R0007134,I000006-03,LN000006,2025-08-30,1083333.34,156000.00
R0007135,I000377-07,LN000377,2025-08-30,1744444.44,188400.00
R0007136,I000592-12,LN000592,2025-08-30,516666.66,74400.00
R0007137,I000671-07,LN000671,2025-08-30,1000000.00,108000.00
R0007138,I000719-10,LN000719,2025-08-30,2333333.33,336000.00
R0007139,I000768-08,LN000768,2025-08-30,1788888.89,193200.00
R0007140,I000841-03,LN000841,2025-08-30,788888.89,170400.00
R0007141,I001053-13,LN001053,2025-08-30,183333.33,39600.00
R0007142,I001174-06,LN001174,2025-08-30,2108333.33,303600.00
R0007143,I001395-04,LN001395,2025-08-30,3400000.00,244800.00
R0007144,I001483-01,LN001483,2025-08-30,2361666.67,170040.00
R0007145,I001502-08,LN001502,2025-08-30,3133333.33,338400.00
R0007146,I001733-10,LN001733,2025-08-30,161111.11,34800.00
R0007147,I001910-08,LN001910,2025-08-30,3111111.11,336000.00
R0007148,I000247-03,LN000247,2025-08-31,2366666.67,340800.00
R0007149,I000405-01,LN000405,2025-08-31,597916.66,86100.00
R0007150,I000667-01,LN000667,2025-08-31,3966666.67,142800.00
R0007151,I000986-01,LN000986,2025-08-31,2600000.00,93600.00
R0007152,I001148-08,LN001148,2025-08-31,191666.67,27600.00
R0007153,I001314-01,LN001314,2025-08-31,3533333.34,254400.00
R0007154,I001527-03,LN001527,2025-08-31,2008333.34,289200.00
R0007155,I001548-01,LN001548,2025-08-31,860000.00,123840.00
R0007156,I001599-04,LN001599,2025-08-31,366666.66,26400.00
R0007157,I001640-01,LN001640,2025-08-31,700000.00,50400.00
R0007158,I001721-12,LN001721,2025-08-31,1250000.00,180000.00
R0007159,I001726-12,LN001726,2025-08-31,416666.66,60000.00
R0007160,I001828-02,LN001828,2025-08-31,1258333.34,181200.00
R0007161,I001944-03,LN001944,2025-08-31,633333.34,91200.00
R0007162,I000185-14,LN000185,2025-09-01,1177777.78,254400.00
R0007163,I000323-11,LN000323,2025-09-01,916666.66,132000.00
R0007164,I000541-16,LN000541,2025-09-01,461111.11,99600.00
R0007165,I000643-05,LN000643,2025-09-01,2100000.00,302400.00
R0007166,I000708-05,LN000708,2025-09-01,1358333.33,195600.00
R0007167,I000737-16,LN000737,2025-09-01,1288888.89,278400.00
R0007168,I000742-07,LN000742,2025-09-01,2400000.00,259200.00
R0007169,I000748-05,LN000748,2025-09-01,1533333.33,165600.00
R0007170,I000786-08,LN000786,2025-09-01,3200000.00,345600.00
R0007171,I000800-12,LN000800,2025-09-01,511111.11,110400.00
R0007172,I000837-09,LN000837,2025-09-01,433333.33,62400.00
R0007173,I001032-08,LN001032,2025-09-01,1166666.67,168000.00
R0007174,I001064-07,LN001064,2025-09-01,2400000.00,345600.00
R0007175,I001096-12,LN001096,2025-09-01,608333.33,87600.00
R0007176,I001177-07,LN001177,2025-09-01,333333.33,48000.00
R0007177,I001429-05,LN001429,2025-09-01,2522222.22,272400.00
R0007178,I001430-09,LN001430,2025-09-01,391111.11,84480.00
R0007179,I001471-04,LN001471,2025-09-01,475000.00,68400.00
R0007180,I001599-05,LN001599,2025-09-01,916666.66,66000.00
R0007181,I001715-02,LN001715,2025-09-01,4733333.34,340800.00
R0007182,I001816-03,LN001816,2025-09-01,1600000.00,230400.00
R0007183,I001830-17,LN001830,2025-09-01,161111.11,34800.00
R0007184,I001925-04,LN001925,2025-09-01,2000000.00,144000.00
R0007185,I001937-11,LN001937,2025-09-01,1383333.33,199200.00
R0007186,I000237-14,LN000237,2025-09-02,1400000.00,302400.00
R0007187,I000259-05,LN000259,2025-09-02,288888.89,62400.00
R0007188,I000405-03,LN000405,2025-09-02,2391666.67,344400.00
R0007189,I000452-09,LN000452,2025-09-02,458333.33,66000.00
R0007190,I000514-12,LN000514,2025-09-02,1675000.00,241200.00
R0007191,I000532-05,LN000532,2025-09-02,1046666.66,150720.00
R0007192,I000748-06,LN000748,2025-09-02,3066666.67,331200.00
R0007193,I000815-06,LN000815,2025-09-02,1500000.00,162000.00
R0007194,I000846-02,LN000846,2025-09-02,1372222.22,148200.00
R0007195,I000883-11,LN000883,2025-09-02,1966666.66,283200.00
R0007196,I000930-06,LN000930,2025-09-02,825000.00,118800.00
R0007197,I000950-08,LN000950,2025-09-02,1525000.00,219600.00
R0007198,I000952-12,LN000952,2025-09-02,1072222.22,231600.00
R0007199,I001006-03,LN001006,2025-09-02,1444444.45,312000.00
R0007200,I001194-08,LN001194,2025-09-02,3177777.77,343200.00
R0007201,I001278-07,LN001278,2025-09-02,2108333.33,303600.00
R0007202,I001305-08,LN001305,2025-09-02,1088888.89,235200.00
R0007203,I001462-05,LN001462,2025-09-02,1906666.66,137280.00
R0007204,I001844-05,LN001844,2025-09-02,4066666.66,292800.00
R0007205,I000075-01,LN000075,2025-09-03,4766666.67,343200.00
R0007206,I000088-11,LN000088,2025-09-03,1141666.66,164400.00
R0007207,I000207-01,LN000207,2025-09-03,1041666.67,150000.00
R0007208,I000279-09,LN000279,2025-09-03,1622222.22,175200.00
R0007209,I000374-10,LN000374,2025-09-03,1241666.66,178800.00
R0007210,I000404-02,LN000404,2025-09-03,3700000.00,266400.00
R0007211,I000428-05,LN000428,2025-09-03,3322222.22,358800.00
R0007212,I000519-02,LN000519,2025-09-03,2133333.34,230400.00
R0007213,I000823-01,LN000823,2025-09-03,1544444.45,333600.00
R0007214,I000838-02,LN000838,2025-09-03,3516666.67,253200.00
R0007215,I001012-06,LN001012,2025-09-03,566944.44,122460.00
R0007216,I001036-04,LN001036,2025-09-03,566666.67,81600.00
R0007217,I001042-17,LN001042,2025-09-03,1516666.66,327600.00
R0007218,I001139-02,LN001139,2025-09-03,1355555.56,146400.00
R0007219,I001204-04,LN001204,2025-09-03,3500000.00,252000.00
R0007220,I001327-03,LN001327,2025-09-03,608333.34,87600.00
R0007221,I001491-10,LN001491,2025-09-03,800000.00,115200.00
R0007222,I001653-02,LN001653,2025-09-03,1291666.67,186000.00
R0007223,I001797-11,LN001797,2025-09-03,444444.44,96000.00
R0007224,I001934-05,LN001934,2025-09-03,4200000.00,302400.00
R0007225,I000083-11,LN000083,2025-09-04,390277.77,84300.00
R0007226,I000128-12,LN000128,2025-09-04,2391666.66,344400.00
R0007227,I000177-13,LN000177,2025-09-04,855555.55,184800.00
R0007228,I000493-04,LN000493,2025-09-04,677777.78,73200.00
R0007229,I000532-07,LN000532,2025-09-04,1308333.33,188400.00
R0007230,I000568-05,LN000568,2025-09-04,1208333.33,174000.00
R0007231,I000573-12,LN000573,2025-09-04,1583333.33,342000.00
R0007232,I000679-02,LN000679,2025-09-04,925000.00,133200.00
R0007233,I000851-11,LN000851,2025-09-04,1222222.22,264000.00
R0007234,I000932-01,LN000932,2025-09-04,1483333.34,213600.00
R0007235,I000987-02,LN000987,2025-09-04,9100000.00,327600.00
R0007236,I001069-09,LN001069,2025-09-04,1405555.56,303600.00
R0007237,I001259-01,LN001259,2025-09-04,4500000.00,324000.00
R0007238,I001596-16,LN001596,2025-09-04,488888.89,105600.00
R0007239,I001598-08,LN001598,2025-09-04,337777.77,36480.00
R0007240,I001628-05,LN001628,2025-09-04,2833333.33,204000.00
R0007241,I001647-06,LN001647,2025-09-04,2683333.33,193200.00
R0007242,I001684-02,LN001684,2025-09-04,4500000.00,324000.00
R0007243,I001899-05,LN001899,2025-09-04,850000.00,122400.00
R0007244,I001971-01,LN001971,2025-09-04,2213333.33,159360.00
R0007245,I000086-06,LN000086,2025-09-05,1416666.67,306000.00
R0007246,I000415-16,LN000415,2025-09-05,616666.66,133200.00
R0007247,I000569-03,LN000569,2025-09-05,2744444.45,296400.00
R0007248,I000668-03,LN000668,2025-09-05,3044444.45,328800.00
R0007249,I000820-03,LN000820,2025-09-05,1188888.89,256800.00
R0007250,I000831-01,LN000831,2025-09-05,3255555.56,351600.00
R0007251,I000836-12,LN000836,2025-09-05,825000.00,118800.00
R0007252,I000870-06,LN000870,2025-09-05,2488888.89,268800.00
R0007253,I000885-02,LN000885,2025-09-05,444444.44,48000.00
R0007254,I001136-08,LN001136,2025-09-05,1666666.67,240000.00
R0007255,I001221-16,LN001221,2025-09-05,850000.00,183600.00
R0007256,I001335-08,LN001335,2025-09-05,1616666.67,349200.00
R0007257,I001410-01,LN001410,2025-09-05,1316666.67,284400.00
R0007258,I001471-05,LN001471,2025-09-05,475000.00,68400.00
R0007259,I001546-05,LN001546,2025-09-05,1525000.00,219600.00
R0007260,I001678-12,LN001678,2025-09-05,2208333.33,318000.00
R0007261,I001827-13,LN001827,2025-09-05,1405555.55,303600.00
R0007262,I001884-06,LN001884,2025-09-05,3366666.66,242400.00
R0007263,I001886-03,LN001886,2025-09-05,3716666.67,267600.00
R0007264,I000174-10,LN000174,2025-09-06,1500000.00,324000.00
R0007265,I000363-04,LN000363,2025-09-06,2833333.33,306000.00
R0007266,I000796-13,LN000796,2025-09-06,1466666.66,316800.00
R0007267,I000819-10,LN000819,2025-09-06,991666.66,142800.00
R0007268,I001099-09,LN001099,2025-09-06,1011111.11,109200.00
R0007269,I001108-03,LN001108,2025-09-06,4880000.00,175680.00
R0007270,I001162-04,LN001162,2025-09-06,3033333.33,327600.00
R0007271,I001311-09,LN001311,2025-09-06,2544444.44,274800.00
R0007272,I001321-05,LN001321,2025-09-06,4250000.00,306000.00
R0007273,I001383-10,LN001383,2025-09-06,766666.66,110400.00
R0007274,I001454-01,LN001454,2025-09-06,591666.67,85200.00
R0007275,I001534-10,LN001534,2025-09-06,1500000.00,216000.00
R0007276,I001581-01,LN001581,2025-09-06,138888.89,30000.00
R0007277,I001777-01,LN001777,2025-09-06,1211111.12,261600.00
R0007278,I001829-03,LN001829,2025-09-06,2566666.67,277200.00
R0007279,I000012-11,LN000012,2025-09-07,583333.33,84000.00
R0007280,I000047-01,LN000047,2025-09-07,1216666.67,87600.00
R0007281,I000095-09,LN000095,2025-09-07,233333.33,50400.00
R0007282,I000343-04,LN000343,2025-09-07,1277777.78,138000.00
R0007283,I000436-05,LN000436,2025-09-07,1091666.67,157200.00
R0007284,I000487-12,LN000487,2025-09-07,158333.33,22800.00
R0007285,I000606-07,LN000606,2025-09-07,2441666.67,351600.00
R0007286,I000702-18,LN000702,2025-09-07,722222.22,156000.00
R0007287,I000777-06,LN000777,2025-09-07,137222.22,29640.00
R0007288,I000868-01,LN000868,2025-09-07,3311111.12,357600.00
R0007289,I000979-05,LN000979,2025-09-07,933333.33,67200.00
R0007290,I001072-02,LN001072,2025-09-07,4233333.34,304800.00
R0007291,I001186-17,LN001186,2025-09-07,1077777.77,232800.00
R0007292,I001444-08,LN001444,2025-09-07,2008333.33,289200.00
R0007293,I001488-05,LN001488,2025-09-07,533333.33,57600.00
R0007294,I001620-03,LN001620,2025-09-07,1108333.34,159600.00
R0007295,I001650-01,LN001650,2025-09-07,725833.33,52260.00
R0007296,I001929-10,LN001929,2025-09-07,738888.89,159600.00
R0007297,I001965-08,LN001965,2025-09-07,1018333.33,146640.00
R0007298,I001981-02,LN001981,2025-09-07,4633333.34,333600.00
R0007299,I000069-11,LN000069,2025-09-08,266666.66,38400.00
R0007300,I000181-11,LN000181,2025-09-08,1561111.11,337200.00
R0007301,I000269-08,LN000269,2025-09-08,433333.33,62400.00
R0007302,I000359-06,LN000359,2025-09-08,1600000.00,172800.00
R0007303,I000371-05,LN000371,2025-09-08,2175000.00,313200.00
R0007304,I000682-07,LN000682,2025-09-08,766666.66,82800.00
R0007305,I000754-08,LN000754,2025-09-08,2122222.22,229200.00
R0007306,I000777-07,LN000777,2025-09-08,211111.11,45600.00
R0007307,I000842-06,LN000842,2025-09-08,476666.66,68640.00
R0007308,I001157-04,LN001157,2025-09-08,266666.67,28800.00
R0007309,I001220-01,LN001220,2025-09-08,2308333.34,332400.00
R0007310,I001229-01,LN001229,2025-09-08,3866666.67,278400.00
R0007311,I001461-18,LN001461,2025-09-08,400000.00,86400.00
R0007312,I001762-08,LN001762,2025-09-08,700000.00,151200.00
R0007313,I001790-04,LN001790,2025-09-08,1216666.67,87600.00
R0007314,I001946-01,LN001946,2025-09-08,2191666.67,315600.00
R0007315,I001979-03,LN001979,2025-09-08,2621666.66,188760.00
R0007316,I000104-01,LN000104,2025-09-09,816666.67,58800.00
R0007317,I000124-03,LN000124,2025-09-09,1122222.22,121200.00
R0007318,I000140-02,LN000140,2025-09-09,1144444.45,123600.00
R0007319,I000251-01,LN000251,2025-09-09,1300000.00,46800.00
R0007320,I000260-03,LN000260,2025-09-09,618750.00,89100.00
R0007321,I000294-07,LN000294,2025-09-09,3244444.44,350400.00
R0007322,I000524-10,LN000524,2025-09-09,1050000.00,151200.00
R0007323,I000529-03,LN000529,2025-09-09,2900000.00,104400.00
R0007324,I000667-02,LN000667,2025-09-09,3966666.67,142800.00
R0007325,I000792-10,LN000792,2025-09-09,1941666.66,279600.00
R0007326,I000832-05,LN000832,2025-09-09,2900000.00,313200.00
R0007327,I000854-02,LN000854,2025-09-09,470833.33,67800.00
R0007328,I001266-02,LN001266,2025-09-09,1675000.00,241200.00
R0007329,I001372-06,LN001372,2025-09-09,2133333.33,153600.00
R0007330,I001667-03,LN001667,2025-09-09,522222.22,56400.00
R0007331,I001694-03,LN001694,2025-09-09,1216666.67,175200.00
R0007332,I001760-05,LN001760,2025-09-09,1466666.67,158400.00
R0007333,I001767-02,LN001767,2025-09-09,2166666.67,78000.00
R0007334,I001965-10,LN001965,2025-09-09,1566666.66,225600.00
R0007335,I000085-09,LN000085,2025-09-10,526666.66,75840.00
R0007336,I000264-11,LN000264,2025-09-10,1200000.00,172800.00
R0007337,I000269-10,LN000269,2025-09-10,1733333.33,249600.00
R0007338,I000285-09,LN000285,2025-09-10,239583.33,34500.00
R0007339,I000310-09,LN000310,2025-09-10,2400000.00,345600.00
R0007340,I000355-05,LN000355,2025-09-10,866666.66,62400.00
R0007341,I000401-07,LN000401,2025-09-10,187500.00,27000.00
R0007342,I000489-09,LN000489,2025-09-10,191666.66,27600.00
R0007343,I000525-13,LN000525,2025-09-10,322222.22,69600.00
R0007344,I000531-12,LN000531,2025-09-10,525000.00,75600.00
R0007345,I000697-08,LN000697,2025-09-10,255555.55,27600.00
R0007346,I000708-06,LN000708,2025-09-10,1358333.33,195600.00
R0007347,I000955-06,LN000955,2025-09-10,1433333.34,309600.00
R0007348,I001022-06,LN001022,2025-09-10,3000000.00,216000.00
R0007349,I001119-05,LN001119,2025-09-10,600000.00,86400.00
R0007350,I001131-08,LN001131,2025-09-10,966666.67,139200.00
R0007351,I001295-01,LN001295,2025-09-10,3566666.67,256800.00
R0007352,I001419-04,LN001419,2025-09-10,908333.34,130800.00
R0007353,I001486-16,LN001486,2025-09-10,394444.44,85200.00
R0007354,I001524-03,LN001524,2025-09-10,1575000.00,226800.00
R0007355,I001811-07,LN001811,2025-09-10,1300000.00,140400.00
R0007356,I001819-09,LN001819,2025-09-10,275000.00,39600.00
R0007357,I001897-04,LN001897,2025-09-10,2316666.67,166800.00
R0007358,I000332-04,LN000332,2025-09-11,2108333.34,303600.00
R0007359,I000432-06,LN000432,2025-09-11,2158333.33,310800.00
R0007360,I000828-01,LN000828,2025-09-11,1622222.23,175200.00
R0007361,I000854-04,LN000854,2025-09-11,1883333.34,271200.00
R0007362,I000950-09,LN000950,2025-09-11,1525000.00,219600.00
R0007363,I001059-01,LN001059,2025-09-11,4800000.00,345600.00
R0007364,I001092-11,LN001092,2025-09-11,850000.00,122400.00
R0007365,I001140-01,LN001140,2025-09-11,875000.00,126000.00
R0007366,I001278-08,LN001278,2025-09-11,2108333.33,303600.00
R0007367,I001614-03,LN001614,2025-09-11,4633333.33,333600.00
R0007368,I001625-01,LN001625,2025-09-11,788888.89,170400.00
R0007369,I001922-08,LN001922,2025-09-11,800000.00,86400.00
R0007370,I000155-06,LN000155,2025-09-12,1683333.33,121200.00
R0007371,I000271-02,LN000271,2025-09-12,144444.45,31200.00
R0007372,I000670-04,LN000670,2025-09-12,441666.67,63600.00
R0007373,I000830-02,LN000830,2025-09-12,1500000.00,216000.00
R0007374,I000858-03,LN000858,2025-09-12,2733333.33,196800.00
R0007375,I000985-03,LN000985,2025-09-12,1211111.11,130800.00
R0007376,I001079-07,LN001079,2025-09-12,2422222.22,261600.00
R0007377,I001163-05,LN001163,2025-09-12,1866666.66,134400.00
R0007378,I001360-15,LN001360,2025-09-12,1000000.00,216000.00
R0007379,I001430-10,LN001430,2025-09-12,488888.89,105600.00
R0007380,I001466-02,LN001466,2025-09-12,2722222.23,294000.00
R0007381,I001481-06,LN001481,2025-09-12,1525000.00,219600.00
R0007382,I001587-02,LN001587,2025-09-12,6900000.00,248400.00
R0007383,I001704-06,LN001704,2025-09-12,1888888.89,204000.00
R0007384,I001936-02,LN001936,2025-09-12,4000000.00,288000.00
R0007385,I000173-02,LN000173,2025-09-13,683333.34,98400.00
R0007386,I000185-17,LN000185,2025-09-13,1177777.77,254400.00
R0007387,I000196-03,LN000196,2025-09-13,1000000.00,216000.00
R0007388,I000324-02,LN000324,2025-09-13,1322222.23,285600.00
R0007389,I000350-01,LN000350,2025-09-13,1600000.00,345600.00
R0007390,I000376-09,LN000376,2025-09-13,855555.55,92400.00
R0007391,I000426-01,LN000426,2025-09-13,1225000.00,176400.00
R0007392,I000506-05,LN000506,2025-09-13,538888.89,116400.00
R0007393,I000518-06,LN000518,2025-09-13,2866666.67,309600.00
R0007394,I000663-03,LN000663,2025-09-13,666666.67,48000.00
R0007395,I000723-09,LN000723,2025-09-13,1508333.33,217200.00
R0007396,I000826-01,LN000826,2025-09-13,1116666.67,80400.00
R0007397,I000841-02,LN000841,2025-09-13,788888.89,170400.00
R0007398,I000981-06,LN000981,2025-09-13,1075000.00,154800.00
R0007399,I001020-15,LN001020,2025-09-13,1294444.44,279600.00
R0007400,I001219-03,LN001219,2025-09-13,1475000.00,212400.00
R0007401,I001252-01,LN001252,2025-09-13,2133333.34,307200.00
R0007402,I001320-04,LN001320,2025-09-13,1405555.56,303600.00
R0007403,I001646-05,LN001646,2025-09-13,1883333.33,271200.00
R0007404,I000012-10,LN000012,2025-09-14,291666.66,42000.00
R0007405,I000556-13,LN000556,2025-09-14,1322222.22,285600.00
R0007406,I000569-04,LN000569,2025-09-14,2744444.45,296400.00
R0007407,I000580-04,LN000580,2025-09-14,1677777.78,181200.00
R0007408,I000608-02,LN000608,2025-09-14,633333.34,136800.00
R0007409,I000653-07,LN000653,2025-09-14,3044444.44,328800.00
R0007410,I000666-01,LN000666,2025-09-14,822222.23,177600.00
R0007411,I000762-05,LN000762,2025-09-14,1875000.00,270000.00
R0007412,I000776-05,LN000776,2025-09-14,3450000.00,248400.00
R0007413,I000817-06,LN000817,2025-09-14,429166.66,61800.00
R0007414,I000839-04,LN000839,2025-09-14,1622222.23,350400.00
R0007415,I001111-05,LN001111,2025-09-14,63333.33,9120.00
R0007416,I001136-09,LN001136,2025-09-14,1666666.66,240000.00
R0007417,I001283-02,LN001283,2025-09-14,1177777.78,127200.00
R0007418,I001374-12,LN001374,2025-09-14,888888.89,192000.00
R0007419,I001472-05,LN001472,2025-09-14,505555.56,109200.00
R0007420,I001540-13,LN001540,2025-09-14,727777.78,157200.00
R0007421,I001642-08,LN001642,2025-09-14,450000.00,97200.00
R0007422,I001752-06,LN001752,2025-09-14,244444.44,26400.00
R0007423,I000331-06,LN000331,2025-09-15,2408333.33,346800.00
R0007424,I001324-01,LN001324,2025-09-15,2633333.34,94800.00
R0007425,I001409-03,LN001409,2025-09-15,650000.00,93600.00
R0007426,I001491-09,LN001491,2025-09-15,800000.00,115200.00
R0007427,I001591-11,LN001591,2025-09-15,566666.67,122400.00
R0007428,I001890-01,LN001890,2025-09-15,433333.34,62400.00
R0007429,I001918-09,LN001918,2025-09-15,2375000.00,342000.00
R0007430,I001979-05,LN001979,2025-09-15,1613333.33,116160.00
R0007431,I000047-02,LN000047,2025-09-16,1216666.67,87600.00
R0007432,I000329-03,LN000329,2025-09-16,4033333.33,290400.00
R0007433,I000739-09,LN000739,2025-09-16,1294444.44,279600.00
R0007434,I000769-04,LN000769,2025-09-16,388888.89,84000.00
R0007435,I000857-03,LN000857,2025-09-16,7933333.33,285600.00
R0007436,I000911-12,LN000911,2025-09-16,658333.33,94800.00
R0007437,I000957-18,LN000957,2025-09-16,1477777.77,319200.00
R0007438,I001007-03,LN001007,2025-09-16,488888.89,105600.00
R0007439,I001076-08,LN001076,2025-09-16,1866666.66,268800.00
R0007440,I001127-11,LN001127,2025-09-16,1575000.00,226800.00
R0007441,I001146-03,LN001146,2025-09-16,816666.67,58800.00
R0007442,I001216-12,LN001216,2025-09-16,2066666.66,297600.00
R0007443,I001309-05,LN001309,2025-09-16,4066666.66,292800.00
R0007444,I001460-07,LN001460,2025-09-16,1344444.45,290400.00
R0007445,I001539-02,LN001539,2025-09-16,377777.78,81600.00
R0007446,I001831-01,LN001831,2025-09-16,408333.34,58800.00
R0007447,I001891-01,LN001891,2025-09-16,433333.33,31200.00
R0007448,I000005-10,LN000005,2025-09-17,300000.00,64800.00
R0007449,I000439-05,LN000439,2025-09-17,261111.11,56400.00
R0007450,I001051-03,LN001051,2025-09-17,1066666.67,230400.00
R0007451,I001425-05,LN001425,2025-09-17,1661111.11,358800.00
R0007452,I001550-02,LN001550,2025-09-17,3433333.34,247200.00
R0007453,I001615-05,LN001615,2025-09-17,1255555.56,271200.00
R0007454,I001668-13,LN001668,2025-09-17,388888.89,84000.00
R0007455,I001849-05,LN001849,2025-09-17,541666.67,78000.00
R0007456,I001895-04,LN001895,2025-09-17,675555.56,72960.00
R0007457,I001980-15,LN001980,2025-09-17,1250000.00,270000.00
R0007458,I001986-01,LN001986,2025-09-17,600000.00,86400.00
R0007459,I000171-04,LN000171,2025-09-18,1111111.11,120000.00
R0007460,I000188-02,LN000188,2025-09-18,4533333.34,326400.00
R0007461,I000253-07,LN000253,2025-09-18,1577777.78,340800.00
R0007462,I000464-10,LN000464,2025-09-18,544444.44,117600.00
R0007463,I000507-07,LN000507,2025-09-18,1353333.33,194880.00
R0007464,I000803-07,LN000803,2025-09-18,1666666.67,240000.00
R0007465,I000827-06,LN000827,2025-09-18,483333.33,34800.00
R0007466,I000856-05,LN000856,2025-09-18,653333.33,94080.00
R0007467,I000997-07,LN000997,2025-09-18,2088888.89,225600.00
R0007468,I001286-04,LN001286,2025-09-18,2283333.34,328800.00
R0007469,I001506-03,LN001506,2025-09-18,1172222.23,253200.00
R0007470,I001658-13,LN001658,2025-09-18,1072222.22,231600.00
R0007471,I001734-02,LN001734,2025-09-18,1766666.67,63600.00
R0007472,I001766-01,LN001766,2025-09-18,727777.78,78600.00
R0007473,I001975-03,LN001975,2025-09-18,550000.00,39600.00
R0007474,I001999-08,LN001999,2025-09-18,1600000.00,345600.00
R0007475,I000084-13,LN000084,2025-09-19,294444.44,63600.00
R0007476,I000250-16,LN000250,2025-09-19,711111.11,153600.00
R0007477,I000306-07,LN000306,2025-09-19,433333.33,62400.00
R0007478,I000960-10,LN000960,2025-09-19,1650000.00,237600.00
R0007479,I001026-02,LN001026,2025-09-19,2966666.67,213600.00
R0007480,I001115-02,LN001115,2025-09-19,2766666.67,199200.00
R0007481,I001164-05,LN001164,2025-09-19,1133333.33,122400.00
R0007482,I001268-04,LN001268,2025-09-19,2083333.34,300000.00
R0007483,I001327-04,LN001327,2025-09-19,243333.33,35040.00
R0007484,I001457-10,LN001457,2025-09-19,316666.66,45600.00
R0007485,I001575-05,LN001575,2025-09-19,950000.00,68400.00
R0007486,I001627-05,LN001627,2025-09-19,1083333.33,78000.00
R0007487,I001918-10,LN001918,2025-09-19,2375000.00,342000.00
R0007488,I001997-09,LN001997,2025-09-19,1025000.00,147600.00
R0007489,I002000-05,LN002000,2025-09-19,333333.33,48000.00
R0007490,I000049-02,LN000049,2025-09-20,2266666.67,326400.00
R0007491,I000068-03,LN000068,2025-09-20,2000000.00,144000.00
R0007492,I000136-07,LN000136,2025-09-20,2166666.66,234000.00
R0007493,I000148-06,LN000148,2025-09-20,400000.00,28800.00
R0007494,I000297-01,LN000297,2025-09-20,2183333.34,314400.00
R0007495,I000476-18,LN000476,2025-09-20,1133333.33,244800.00
R0007496,I000598-12,LN000598,2025-09-20,1916666.66,276000.00
R0007497,I000687-06,LN000687,2025-09-20,1750000.00,252000.00
R0007498,I000773-11,LN000773,2025-09-20,1100000.00,158400.00
R0007499,I000782-03,LN000782,2025-09-20,5000000.00,360000.00
R0007500,I000798-05,LN000798,2025-09-20,1741666.67,250800.00
R0007501,I000982-06,LN000982,2025-09-20,395555.55,85440.00
R0007502,I001157-03,LN001157,2025-09-20,266666.67,28800.00
R0007503,I001257-06,LN001257,2025-09-20,1316666.67,284400.00
R0007504,I001327-05,LN001327,2025-09-20,608333.33,87600.00
R0007505,I001328-11,LN001328,2025-09-20,550000.00,118800.00
R0007506,I001341-02,LN001341,2025-09-20,816666.67,117600.00
R0007507,I001368-01,LN001368,2025-09-20,2125000.00,306000.00
R0007508,I001383-11,LN001383,2025-09-20,613333.32,88320.00
R0007509,I001454-04,LN001454,2025-09-20,591666.67,85200.00
R0007510,I001553-04,LN001553,2025-09-20,3583333.33,258000.00
R0007511,I001598-09,LN001598,2025-09-20,422222.22,45600.00
R0007512,I000119-06,LN000119,2025-09-21,2375000.00,342000.00
R0007513,I000199-04,LN000199,2025-09-21,2241666.67,322800.00
R0007514,I000398-07,LN000398,2025-09-21,750000.00,162000.00
R0007515,I000994-03,LN000994,2025-09-21,888888.89,192000.00
R0007516,I001040-08,LN001040,2025-09-21,2144444.44,231600.00
R0007517,I001053-14,LN001053,2025-09-21,183333.33,39600.00
R0007518,I001070-10,LN001070,2025-09-21,941666.66,135600.00
R0007519,I001144-06,LN001144,2025-09-21,1233333.33,88800.00
R0007520,I001241-01,LN001241,2025-09-21,4400000.00,158400.00
R0007521,I001299-03,LN001299,2025-09-21,1183333.34,170400.00
R0007522,I001388-02,LN001388,2025-09-21,116666.67,25200.00
R0007523,I001501-04,LN001501,2025-09-21,994444.45,214800.00
R0007524,I001510-03,LN001510,2025-09-21,2341666.67,337200.00
R0007525,I001633-04,LN001633,2025-09-21,2300000.00,248400.00
R0007526,I001766-02,LN001766,2025-09-21,2911111.11,314400.00
R0007527,I001984-03,LN001984,2025-09-21,3683333.33,265200.00
R0007528,I000016-03,LN000016,2025-09-22,783333.34,169200.00
R0007529,I000182-07,LN000182,2025-09-22,625000.00,90000.00
R0007530,I000228-08,LN000228,2025-09-22,1172222.22,253200.00
R0007531,I000312-03,LN000312,2025-09-22,291666.67,42000.00
R0007532,I000675-05,LN000675,2025-09-22,1391666.67,200400.00
R0007533,I000678-05,LN000678,2025-09-22,1786666.66,128640.00
R0007534,I000718-05,LN000718,2025-09-22,1533333.33,220800.00
R0007535,I001061-01,LN001061,2025-09-22,633333.34,91200.00
R0007536,I001247-11,LN001247,2025-09-22,1750000.00,252000.00
R0007537,I001267-07,LN001267,2025-09-22,853333.33,122880.00
R0007538,I001270-01,LN001270,2025-09-22,3122222.23,337200.00
R0007539,I001426-01,LN001426,2025-09-22,494444.45,106800.00
R0007540,I001470-04,LN001470,2025-09-22,4550000.00,327600.00
R0007541,I001546-07,LN001546,2025-09-22,1525000.00,219600.00
R0007542,I001589-12,LN001589,2025-09-22,1294444.44,279600.00
R0007543,I001858-04,LN001858,2025-09-22,471250.00,67860.00
R0007544,I001911-05,LN001911,2025-09-22,733333.33,79200.00
R0007545,I000013-05,LN000013,2025-09-23,2491666.67,358800.00
R0007546,I000106-18,LN000106,2025-09-23,105555.55,22800.00
R0007547,I000150-03,LN000150,2025-09-23,291666.67,42000.00
R0007548,I000296-05,LN000296,2025-09-23,1600000.00,172800.00
R0007549,I000375-09,LN000375,2025-09-23,1450000.00,208800.00
R0007550,I000414-05,LN000414,2025-09-23,1238888.89,267600.00
R0007551,I000502-06,LN000502,2025-09-23,391666.67,56400.00
R0007552,I000820-04,LN000820,2025-09-23,1188888.89,256800.00
R0007553,I000885-03,LN000885,2025-09-23,1777777.78,192000.00
R0007554,I001499-02,LN001499,2025-09-23,2700000.00,291600.00
R0007555,I001544-07,LN001544,2025-09-23,305555.56,66000.00
R0007556,I001613-06,LN001613,2025-09-23,397916.66,57300.00
R0007557,I001667-02,LN001667,2025-09-23,522222.23,56400.00
R0007558,I001719-04,LN001719,2025-09-23,600000.00,86400.00
R0007559,I001786-04,LN001786,2025-09-23,2316666.67,333600.00
R0007560,I001933-09,LN001933,2025-09-23,2071111.10,223680.00
R0007561,I000145-02,LN000145,2025-09-24,2300000.00,248400.00
R0007562,I000310-08,LN000310,2025-09-24,2400000.00,345600.00
R0007563,I000462-03,LN000462,2025-09-24,2050000.00,295200.00
R0007564,I000617-02,LN000617,2025-09-24,1326666.67,191040.00
R0007565,I000724-03,LN000724,2025-09-24,1883333.34,271200.00
R0007566,I001135-10,LN001135,2025-09-24,1558333.33,224400.00
R0007567,I001152-01,LN001152,2025-09-24,2283333.34,164400.00
R0007568,I001207-05,LN001207,2025-09-24,266666.66,19200.00
R0007569,I001253-11,LN001253,2025-09-24,122222.22,26400.00
R0007570,I001305-09,LN001305,2025-09-24,1088888.89,235200.00
R0007571,I001324-02,LN001324,2025-09-24,2633333.33,94800.00
R0007572,I001557-04,LN001557,2025-09-24,1950000.00,140400.00
R0007573,I001571-09,LN001571,2025-09-24,3144444.44,339600.00
R0007574,I001607-01,LN001607,2025-09-24,1766666.67,63600.00
R0007575,I001784-07,LN001784,2025-09-24,2391666.67,344400.00
R0007576,I001795-06,LN001795,2025-09-24,2850000.00,205200.00
R0007577,I001882-04,LN001882,2025-09-24,4933333.33,355200.00
R0007578,I001907-07,LN001907,2025-09-24,1708333.33,246000.00
R0007579,I001987-03,LN001987,2025-09-24,2333333.33,84000.00
R0007580,I001992-11,LN001992,2025-09-24,1275000.00,183600.00
R0007581,I000255-01,LN000255,2025-09-25,1650000.00,118800.00
R0007582,I000260-04,LN000260,2025-09-25,2475000.00,356400.00
R0007583,I000363-06,LN000363,2025-09-25,2833333.33,306000.00
R0007584,I000371-06,LN000371,2025-09-25,2175000.00,313200.00
R0007585,I000411-02,LN000411,2025-09-25,1277777.78,276000.00
R0007586,I000416-06,LN000416,2025-09-25,1000000.00,216000.00
R0007587,I000559-03,LN000559,2025-09-25,3083333.33,222000.00
R0007588,I000602-08,LN000602,2025-09-25,1733333.33,249600.00
R0007589,I000839-05,LN000839,2025-09-25,1622222.22,350400.00
R0007590,I000854-03,LN000854,2025-09-25,1883333.34,271200.00
R0007591,I000861-06,LN000861,2025-09-25,391666.67,56400.00
R0007592,I000977-02,LN000977,2025-09-25,608333.34,87600.00
R0007593,I001019-08,LN001019,2025-09-25,1625000.00,234000.00
R0007594,I001184-09,LN001184,2025-09-25,608333.33,87600.00
R0007595,I001201-07,LN001201,2025-09-25,325000.00,46800.00
R0007596,I001224-05,LN001224,2025-09-25,622222.22,134400.00
R0007597,I001322-08,LN001322,2025-09-25,916666.67,132000.00
R0007598,I001512-01,LN001512,2025-09-25,2533333.34,182400.00
R0007599,I001568-07,LN001568,2025-09-25,1441666.67,207600.00
R0007600,I001650-02,LN001650,2025-09-25,1116666.67,80400.00
R0007601,I001812-04,LN001812,2025-09-25,3466666.67,249600.00
R0007602,I000051-03,LN000051,2025-09-26,266666.67,19200.00
R0007603,I000105-07,LN000105,2025-09-26,1577777.78,170400.00
R0007604,I000227-02,LN000227,2025-09-26,8833333.33,318000.00
R0007605,I000392-04,LN000392,2025-09-26,150000.00,32400.00
R0007606,I000397-12,LN000397,2025-09-26,483333.33,104400.00
R0007607,I000519-03,LN000519,2025-09-26,2133333.34,230400.00
R0007608,I000574-06,LN000574,2025-09-26,344444.44,37200.00
R0007609,I000607-02,LN000607,2025-09-26,933333.34,67200.00
R0007610,I000711-09,LN000711,2025-09-26,2655555.55,286800.00
R0007611,I000721-13,LN000721,2025-09-26,500000.00,108000.00
R0007612,I000960-09,LN000960,2025-09-26,660000.00,95040.00
R0007613,I001079-06,LN001079,2025-09-26,2422222.22,261600.00
R0007614,I001365-03,LN001365,2025-09-26,3011111.11,325200.00
R0007615,I001397-09,LN001397,2025-09-26,604444.44,65280.00
R0007616,I001491-11,LN001491,2025-09-26,800000.00,115200.00
R0007617,I001715-03,LN001715,2025-09-26,4733333.33,340800.00
R0007618,I001815-12,LN001815,2025-09-26,1625000.00,234000.00
R0007619,I000032-08,LN000032,2025-09-27,547083.33,78780.00
R0007620,I000046-01,LN000046,2025-09-27,1833333.34,264000.00
R0007621,I000208-12,LN000208,2025-09-27,675000.00,97200.00
R0007622,I000242-10,LN000242,2025-09-27,1766666.66,254400.00
R0007623,I000374-11,LN000374,2025-09-27,1241666.66,178800.00
R0007624,I000428-06,LN000428,2025-09-27,3322222.22,358800.00
R0007625,I000752-11,LN000752,2025-09-27,1627777.78,351600.00
R0007626,I000867-02,LN000867,2025-09-27,1800000.00,259200.00
R0007627,I001012-08,LN001012,2025-09-27,872222.22,188400.00
R0007628,I001230-11,LN001230,2025-09-27,1916666.66,276000.00
R0007629,I001492-03,LN001492,2025-09-27,4766666.67,343200.00
R0007630,I001505-03,LN001505,2025-09-27,291666.67,42000.00
R0007631,I001506-04,LN001506,2025-09-27,1172222.23,253200.00
R0007632,I001665-04,LN001665,2025-09-27,2000000.00,216000.00
R0007633,I001672-04,LN001672,2025-09-27,150000.00,21600.00
R0007634,I001817-12,LN001817,2025-09-27,2150000.00,309600.00
R0007635,I001944-02,LN001944,2025-09-27,633333.34,91200.00
R0007636,I001995-06,LN001995,2025-09-27,425000.00,30600.00
R0007637,I000193-03,LN000193,2025-09-28,344444.45,37200.00
R0007638,I000348-02,LN000348,2025-09-28,900000.00,97200.00
R0007639,I000401-08,LN000401,2025-09-28,750000.00,108000.00
R0007640,I000794-06,LN000794,2025-09-28,94444.45,20400.00
R0007641,I000842-07,LN000842,2025-09-28,733333.33,105600.00
R0007642,I000846-03,LN000846,2025-09-28,2744444.45,296400.00
R0007643,I001146-02,LN001146,2025-09-28,816666.67,58800.00
R0007644,I001151-09,LN001151,2025-09-28,516666.66,74400.00
R0007645,I001191-06,LN001191,2025-09-28,2600000.00,280800.00
R0007646,I001288-06,LN001288,2025-09-28,2966666.66,213600.00
R0007647,I001358-08,LN001358,2025-09-28,1666666.67,240000.00
R0007648,I001456-17,LN001456,2025-09-28,913611.10,197340.00
R0007649,I001561-06,LN001561,2025-09-28,683333.33,49200.00
R0007650,I001597-04,LN001597,2025-09-28,533333.34,76800.00
R0007651,I001623-03,LN001623,2025-09-28,766666.67,110400.00
R0007652,I001648-06,LN001648,2025-09-28,850000.00,61200.00
R0007653,I001659-11,LN001659,2025-09-28,447916.66,64500.00
R0007654,I001811-05,LN001811,2025-09-28,1300000.00,140400.00
R0007655,I001853-10,LN001853,2025-09-28,2175000.00,313200.00
R0007656,I001872-03,LN001872,2025-09-28,761111.11,164400.00
R0007657,I001910-09,LN001910,2025-09-28,3111111.11,336000.00
R0007658,I000026-14,LN000026,2025-09-29,977777.78,211200.00
R0007659,I000095-10,LN000095,2025-09-29,233333.33,50400.00
R0007660,I000334-01,LN000334,2025-09-29,1383333.34,298800.00
R0007661,I000668-04,LN000668,2025-09-29,3044444.45,328800.00
R0007662,I000862-09,LN000862,2025-09-29,2077777.77,224400.00
R0007663,I001188-10,LN001188,2025-09-29,858333.33,123600.00
R0007664,I001335-09,LN001335,2025-09-29,1616666.67,349200.00
R0007665,I001410-02,LN001410,2025-09-29,1316666.67,284400.00
R0007666,I001425-04,LN001425,2025-09-29,1661111.11,358800.00
R0007667,I001553-05,LN001553,2025-09-29,3583333.33,258000.00
R0007668,I001659-12,LN001659,2025-09-29,1791666.66,258000.00
R0007669,I001712-01,LN001712,2025-09-29,653333.33,47040.00
R0007670,I001726-11,LN001726,2025-09-29,208333.33,30000.00
R0007671,I001744-07,LN001744,2025-09-29,2450000.00,352800.00
R0007672,I001821-08,LN001821,2025-09-29,2308333.33,332400.00
R0007673,I000006-04,LN000006,2025-09-30,1083333.34,156000.00
R0007674,I000179-07,LN000179,2025-09-30,222222.22,24000.00
R0007675,I000339-02,LN000339,2025-09-30,933333.34,100800.00
R0007676,I000548-01,LN000548,2025-09-30,9000000.00,324000.00
R0007677,I000609-02,LN000609,2025-09-30,2075000.00,298800.00
R0007678,I000768-09,LN000768,2025-09-30,1788888.88,193200.00
R0007679,I000783-01,LN000783,2025-09-30,458333.34,66000.00
R0007680,I000831-02,LN000831,2025-09-30,3255555.56,351600.00
R0007681,I001179-04,LN001179,2025-09-30,783333.33,56400.00
R0007682,I001259-03,LN001259,2025-09-30,4500000.00,324000.00
R0007683,I001343-02,LN001343,2025-09-30,83333.34,18000.00
R0007684,I001472-06,LN001472,2025-09-30,505555.56,109200.00
R0007685,I001586-01,LN001586,2025-09-30,1516666.67,218400.00
R0007686,I001588-08,LN001588,2025-09-30,483333.33,69600.00
R0007687,I001618-08,LN001618,2025-09-30,1655555.55,178800.00
R0007688,I001640-02,LN001640,2025-09-30,700000.00,50400.00
R0007689,I001652-01,LN001652,2025-09-30,2022222.23,218400.00
R0007690,I001788-01,LN001788,2025-09-30,4533333.34,326400.00
R0007691,I001826-09,LN001826,2025-09-30,2533333.33,273600.00
R0007692,I001866-08,LN001866,2025-09-30,2811111.11,303600.00
R0007693,I001886-04,LN001886,2025-09-30,3716666.67,267600.00
R0007694,I000075-02,LN000075,2025-10-01,4766666.67,343200.00
R0007695,I000088-12,LN000088,2025-10-01,1141666.66,164400.00
R0007696,I000187-12,LN000187,2025-10-01,2083333.33,300000.00
R0007697,I000193-04,LN000193,2025-10-01,344444.45,37200.00
R0007698,I000207-02,LN000207,2025-10-01,1041666.67,150000.00
R0007699,I000237-13,LN000237,2025-10-01,350000.00,75600.00
R0007700,I000404-03,LN000404,2025-10-01,3700000.00,266400.00
R0007701,I000700-09,LN000700,2025-10-01,1333333.33,192000.00
R0007702,I000786-09,LN000786,2025-10-01,3200000.00,345600.00
R0007703,I000837-10,LN000837,2025-10-01,433333.33,62400.00
R0007704,I001032-09,LN001032,2025-10-01,1166666.66,168000.00
R0007705,I001064-08,LN001064,2025-10-01,960000.00,138240.00
R0007706,I001157-05,LN001157,2025-10-01,266666.67,28800.00
R0007707,I001200-06,LN001200,2025-10-01,3833333.33,276000.00
R0007708,I001429-06,LN001429,2025-10-01,2522222.22,272400.00
R0007709,I001663-01,LN001663,2025-10-01,533333.34,76800.00
R0007710,I000186-05,LN000186,2025-10-02,350000.00,25200.00
R0007711,I000237-15,LN000237,2025-10-02,1400000.00,302400.00
R0007712,I000608-03,LN000608,2025-10-02,633333.34,136800.00
R0007713,I000664-14,LN000664,2025-10-02,883333.33,190800.00
R0007714,I000685-01,LN000685,2025-10-02,1491666.67,214800.00
R0007715,I000800-13,LN000800,2025-10-02,511111.11,110400.00
R0007716,I000841-04,LN000841,2025-10-02,788888.89,170400.00
R0007717,I000930-07,LN000930,2025-10-02,825000.00,118800.00
R0007718,I000965-01,LN000965,2025-10-02,4150000.00,298800.00
R0007719,I001148-09,LN001148,2025-10-02,191666.66,27600.00
R0007720,I001183-04,LN001183,2025-10-02,1108333.34,159600.00
R0007721,I001186-18,LN001186,2025-10-02,1077777.77,232800.00
R0007722,I001194-09,LN001194,2025-10-02,3177777.77,343200.00
R0007723,I001350-03,LN001350,2025-10-02,6733333.33,242400.00
R0007724,I001462-06,LN001462,2025-10-02,2933333.33,211200.00
R0007725,I001585-02,LN001585,2025-10-02,850000.00,61200.00
R0007726,I001768-01,LN001768,2025-10-02,1116666.67,160800.00
R0007727,I001783-01,LN001783,2025-10-02,4833333.34,174000.00
R0007728,I001877-04,LN001877,2025-10-02,1227777.78,265200.00
R0007729,I001985-01,LN001985,2025-10-02,1488888.89,160800.00
R0007730,I000083-10,LN000083,2025-10-03,1248888.88,269760.00
R0007731,I000293-12,LN000293,2025-10-03,1100000.00,237600.00
R0007732,I000295-07,LN000295,2025-10-03,516666.67,74400.00
R0007733,I000336-01,LN000336,2025-10-03,191666.67,27600.00
R0007734,I000409-10,LN000409,2025-10-03,1975000.00,284400.00
R0007735,I000415-17,LN000415,2025-10-03,616666.66,133200.00
R0007736,I000674-09,LN000674,2025-10-03,425000.00,61200.00
R0007737,I000742-08,LN000742,2025-10-03,2400000.00,259200.00
R0007738,I000823-02,LN000823,2025-10-03,1544444.45,333600.00
R0007739,I001075-17,LN001075,2025-10-03,888888.88,192000.00
R0007740,I001103-04,LN001103,2025-10-03,1688888.89,182400.00
R0007741,I001276-09,LN001276,2025-10-03,1625000.00,234000.00
R0007742,I001481-07,LN001481,2025-10-03,1525000.00,219600.00
R0007743,I001653-03,LN001653,2025-10-03,1291666.67,186000.00
R0007744,I001693-01,LN001693,2025-10-03,500000.00,72000.00
R0007745,I001848-02,LN001848,2025-10-03,2150000.00,154800.00
R0007746,I001934-06,LN001934,2025-10-03,4200000.00,302400.00
R0007747,I000173-03,LN000173,2025-10-04,683333.34,98400.00
R0007748,I000241-15,LN000241,2025-10-04,766666.66,165600.00
R0007749,I000259-06,LN000259,2025-10-04,288888.89,62400.00
R0007750,I000493-05,LN000493,2025-10-04,677777.78,73200.00
R0007751,I000497-01,LN000497,2025-10-04,1758333.34,253200.00
R0007752,I000573-13,LN000573,2025-10-04,1583333.33,342000.00
R0007753,I000667-03,LN000667,2025-10-04,3966666.66,142800.00
R0007754,I000677-07,LN000677,2025-10-04,416666.67,90000.00
R0007755,I000682-09,LN000682,2025-10-04,766666.66,82800.00
R0007756,I000718-04,LN000718,2025-10-04,1533333.34,220800.00
R0007757,I000721-14,LN000721,2025-10-04,500000.00,108000.00
R0007758,I000851-12,LN000851,2025-10-04,1222222.22,264000.00
R0007759,I000932-02,LN000932,2025-10-04,1483333.34,213600.00
R0007760,I001065-08,LN001065,2025-10-04,466666.66,50400.00
R0007761,I001069-10,LN001069,2025-10-04,1405555.56,303600.00
R0007762,I001214-05,LN001214,2025-10-04,208333.33,30000.00
R0007763,I001395-05,LN001395,2025-10-04,3400000.00,244800.00
R0007764,I001710-12,LN001710,2025-10-04,158333.33,22800.00
R0007765,I001758-10,LN001758,2025-10-04,1116666.66,160800.00
R0007766,I001790-06,LN001790,2025-10-04,1216666.66,87600.00
R0007767,I001829-04,LN001829,2025-10-04,2566666.67,277200.00
R0007768,I001889-08,LN001889,2025-10-04,1825000.00,262800.00
R0007769,I001895-05,LN001895,2025-10-04,844444.44,91200.00
R0007770,I001899-06,LN001899,2025-10-04,850000.00,122400.00
R0007771,I001907-08,LN001907,2025-10-04,1708333.33,246000.00
R0007772,I001971-02,LN001971,2025-10-04,2766666.67,199200.00
R0007773,I000069-12,LN000069,2025-10-05,173333.32,24960.00
R0007774,I000072-09,LN000072,2025-10-05,1300000.00,280800.00
R0007775,I000606-08,LN000606,2025-10-05,2441666.67,351600.00
R0007776,I000640-03,LN000640,2025-10-05,677777.78,73200.00
R0007777,I000670-05,LN000670,2025-10-05,441666.67,63600.00
R0007778,I000708-07,LN000708,2025-10-05,1358333.33,195600.00
R0007779,I000752-12,LN000752,2025-10-05,1627777.78,351600.00
R0007780,I000868-02,LN000868,2025-10-05,3311111.11,357600.00
R0007781,I000917-18,LN000917,2025-10-05,1027777.77,222000.00
R0007782,I000986-02,LN000986,2025-10-05,2600000.00,93600.00
R0007783,I001507-01,LN001507,2025-10-05,566666.67,81600.00
R0007784,I001568-08,LN001568,2025-10-05,1441666.67,207600.00
R0007785,I001797-12,LN001797,2025-10-05,444444.44,96000.00
R0007786,I001867-11,LN001867,2025-10-05,1591666.66,229200.00
R0007787,I000147-17,LN000147,2025-10-06,1050000.00,226800.00
R0007788,I000164-13,LN000164,2025-10-06,822222.22,177600.00
R0007789,I000299-04,LN000299,2025-10-06,1733333.33,187200.00
R0007790,I000332-05,LN000332,2025-10-06,2108333.33,303600.00
R0007791,I000417-12,LN000417,2025-10-06,1591666.66,229200.00
R0007792,I000796-14,LN000796,2025-10-06,1466666.66,316800.00
R0007793,I000854-05,LN000854,2025-10-06,1883333.33,271200.00
R0007794,I001020-16,LN001020,2025-10-06,1294444.44,279600.00
R0007795,I001174-07,LN001174,2025-10-06,2108333.33,303600.00
R0007796,I001177-08,LN001177,2025-10-06,333333.33,48000.00
R0007797,I001298-05,LN001298,2025-10-06,1716666.66,123600.00
R0007798,I001321-06,LN001321,2025-10-06,4250000.00,306000.00
R0007799,I001409-06,LN001409,2025-10-06,650000.00,93600.00
R0007800,I001438-18,LN001438,2025-10-06,848611.10,183300.00
R0007801,I001581-02,LN001581,2025-10-06,138888.89,30000.00
R0007802,I001777-02,LN001777,2025-10-06,1211111.12,261600.00
R0007803,I001962-03,LN001962,2025-10-06,1294444.45,279600.00
R0007804,I000056-03,LN000056,2025-10-07,4516666.67,325200.00
R0007805,I000125-01,LN000125,2025-10-07,1688888.89,182400.00
R0007806,I000186-06,LN000186,2025-10-07,350000.00,25200.00
R0007807,I000285-10,LN000285,2025-10-07,958333.33,138000.00
R0007808,I000377-08,LN000377,2025-10-07,1744444.44,188400.00
R0007809,I000414-04,LN000414,2025-10-07,1238888.89,267600.00
R0007810,I000449-01,LN000449,2025-10-07,816666.67,117600.00
R0007811,I000883-12,LN000883,2025-10-07,1966666.66,283200.00
R0007812,I000960-11,LN000960,2025-10-07,1650000.00,237600.00
R0007813,I001119-08,LN001119,2025-10-07,1500000.00,216000.00
R0007814,I001188-11,LN001188,2025-10-07,858333.33,123600.00
R0007815,I001266-03,LN001266,2025-10-07,1675000.00,241200.00
R0007816,I001620-04,LN001620,2025-10-07,1108333.34,159600.00
R0007817,I001669-11,LN001669,2025-10-07,480000.00,69120.00
R0007818,I001929-11,LN001929,2025-10-07,738888.89,159600.00
R0007819,I002000-03,LN002000,2025-10-07,333333.34,48000.00
R0007820,I000293-11,LN000293,2025-10-08,1100000.00,237600.00
R0007821,I000309-01,LN000309,2025-10-08,2308333.34,332400.00
R0007822,I000359-07,LN000359,2025-10-08,1600000.00,172800.00
R0007823,I000460-03,LN000460,2025-10-08,333333.34,48000.00
R0007824,I000481-10,LN000481,2025-10-08,1658333.33,238800.00
R0007825,I001092-10,LN001092,2025-10-08,552500.00,79560.00
R0007826,I001133-04,LN001133,2025-10-08,2491666.66,179400.00
R0007827,I001139-03,LN001139,2025-10-08,1355555.56,146400.00
R0007828,I001181-08,LN001181,2025-10-08,600000.00,86400.00
R0007829,I001308-08,LN001308,2025-10-08,2241666.67,322800.00
R0007830,I001365-06,LN001365,2025-10-08,3011111.11,325200.00
R0007831,I001590-17,LN001590,2025-10-08,733055.55,158340.00
R0007832,I001827-14,LN001827,2025-10-08,562222.22,121440.00
R0007833,I001980-16,LN001980,2025-10-08,1250000.00,270000.00
R0007834,I000007-01,LN000007,2025-10-09,2583333.34,186000.00
R0007835,I000044-01,LN000044,2025-10-09,4333333.34,156000.00
R0007836,I000151-03,LN000151,2025-10-09,1241666.67,178800.00
R0007837,I000251-02,LN000251,2025-10-09,1300000.00,46800.00
R0007838,I000253-08,LN000253,2025-10-09,1577777.78,340800.00
R0007839,I000316-06,LN000316,2025-10-09,1975000.00,284400.00
R0007840,I000323-12,LN000323,2025-10-09,916666.66,132000.00
R0007841,I000343-05,LN000343,2025-10-09,1277777.78,138000.00
R0007842,I000488-01,LN000488,2025-10-09,2850000.00,205200.00
R0007843,I000524-11,LN000524,2025-10-09,1050000.00,151200.00
R0007844,I000653-08,LN000653,2025-10-09,3044444.44,328800.00
R0007845,I000828-02,LN000828,2025-10-09,1622222.23,175200.00
R0007846,I000832-06,LN000832,2025-10-09,2900000.00,313200.00
R0007847,I000861-05,LN000861,2025-10-09,391666.67,56400.00
R0007848,I001029-02,LN001029,2025-10-09,866666.67,124800.00
R0007849,I001111-06,LN001111,2025-10-09,158333.33,22800.00
R0007850,I001199-12,LN001199,2025-10-09,2400000.00,345600.00
R0007851,I001225-05,LN001225,2025-10-09,508333.33,73200.00
R0007852,I001230-10,LN001230,2025-10-09,1916666.66,276000.00
R0007853,I001273-01,LN001273,2025-10-09,2688888.89,290400.00
R0007854,I001279-16,LN001279,2025-10-09,688888.89,148800.00
R0007855,I001286-05,LN001286,2025-10-09,2283333.33,328800.00
R0007856,I001349-11,LN001349,2025-10-09,977777.78,211200.00
R0007857,I001628-06,LN001628,2025-10-09,2833333.33,204000.00
R0007858,I001658-14,LN001658,2025-10-09,1072222.22,231600.00
R0007859,I001696-01,LN001696,2025-10-09,1866666.67,67200.00
R0007860,I001733-11,LN001733,2025-10-09,161111.11,34800.00
R0007861,I001767-03,LN001767,2025-10-09,2166666.66,78000.00
R0007862,I000145-03,LN000145,2025-10-10,2300000.00,248400.00
R0007863,I000174-12,LN000174,2025-10-10,1500000.00,324000.00
R0007864,I000264-12,LN000264,2025-10-10,600000.00,86400.00
R0007865,I000269-11,LN000269,2025-10-10,1733333.33,249600.00
R0007866,I000271-03,LN000271,2025-10-10,36111.11,7800.00
R0007867,I000397-11,LN000397,2025-10-10,483333.33,104400.00
R0007868,I000580-05,LN000580,2025-10-10,419444.44,45300.00
R0007869,I000838-03,LN000838,2025-10-10,3516666.67,253200.00
R0007870,I000858-04,LN000858,2025-10-10,2733333.33,196800.00
R0007871,I000985-04,LN000985,2025-10-10,1211111.11,130800.00
R0007872,I001131-09,LN001131,2025-10-10,966666.66,139200.00
R0007873,I001229-02,LN001229,2025-10-10,3866666.67,278400.00
R0007874,I001268-05,LN001268,2025-10-10,2083333.33,300000.00
R0007875,I001360-16,LN001360,2025-10-10,1000000.00,216000.00
R0007876,I001806-08,LN001806,2025-10-10,453333.33,65280.00
R0007877,I001806-09,LN001806,2025-10-10,1133333.33,163200.00
R0007878,I001946-02,LN001946,2025-10-10,2191666.67,315600.00
R0007879,I000018-02,LN000018,2025-10-11,2800000.00,100800.00
R0007880,I000252-05,LN000252,2025-10-11,2291666.67,330000.00
R0007881,I000324-03,LN000324,2025-10-11,1322222.23,285600.00
R0007882,I000405-04,LN000405,2025-10-11,2391666.67,344400.00
R0007883,I000735-01,LN000735,2025-10-11,4433333.34,319200.00
R0007884,I000744-06,LN000744,2025-10-11,525000.00,75600.00
R0007885,I000803-08,LN000803,2025-10-11,1666666.67,240000.00
R0007886,I000817-07,LN000817,2025-10-11,858333.33,123600.00
R0007887,I000819-11,LN000819,2025-10-11,991666.66,142800.00
R0007888,I000952-13,LN000952,2025-10-11,1072222.22,231600.00
R0007889,I001477-01,LN001477,2025-10-11,725000.00,104400.00
R0007890,I001486-17,LN001486,2025-10-11,394444.44,85200.00
R0007891,I001625-02,LN001625,2025-10-11,788888.89,170400.00
R0007892,I001760-06,LN001760,2025-10-11,1466666.67,158400.00
R0007893,I001788-03,LN001788,2025-10-11,4533333.33,326400.00
R0007894,I001860-09,LN001860,2025-10-11,1093333.32,157440.00
R0007895,I001965-11,LN001965,2025-10-11,1566666.66,225600.00
R0007896,I000072-08,LN000072,2025-10-12,325000.00,70200.00
R0007897,I000331-05,LN000331,2025-10-12,1204166.66,173400.00
R0007898,I000411-03,LN000411,2025-10-12,1277777.78,276000.00
R0007899,I000489-10,LN000489,2025-10-12,191666.66,27600.00
R0007900,I000666-02,LN000666,2025-10-12,822222.23,177600.00
R0007901,I000693-16,LN000693,2025-10-12,572222.22,123600.00
R0007902,I000697-09,LN000697,2025-10-12,255555.55,27600.00
R0007903,I001036-05,LN001036,2025-10-12,566666.67,81600.00
R0007904,I001082-06,LN001082,2025-10-12,633333.34,136800.00
R0007905,I001448-01,LN001448,2025-10-12,983333.34,141600.00
R0007906,I001466-03,LN001466,2025-10-12,2722222.22,294000.00
R0007907,I001623-02,LN001623,2025-10-12,766666.67,110400.00
R0007908,I001671-03,LN001671,2025-10-12,1316666.67,189600.00
R0007909,I001704-07,LN001704,2025-10-12,755555.55,81600.00
R0007910,I001819-10,LN001819,2025-10-12,275000.00,39600.00
R0007911,I001882-02,LN001882,2025-10-12,4933333.34,355200.00
R0007912,I000085-11,LN000085,2025-10-13,658333.33,94800.00
R0007913,I000185-18,LN000185,2025-10-13,1177777.77,254400.00
R0007914,I000196-04,LN000196,2025-10-13,1000000.00,216000.00
R0007915,I000409-11,LN000409,2025-10-13,1975000.00,284400.00
R0007916,I000432-07,LN000432,2025-10-13,2158333.33,310800.00
R0007917,I000471-01,LN000471,2025-10-13,1150000.00,248400.00
R0007918,I000482-01,LN000482,2025-10-13,925000.00,133200.00
R0007919,I000518-07,LN000518,2025-10-13,2866666.66,309600.00
R0007920,I000723-10,LN000723,2025-10-13,1508333.33,217200.00
R0007921,I000826-02,LN000826,2025-10-13,1116666.67,80400.00
R0007922,I000830-03,LN000830,2025-10-13,1500000.00,216000.00
R0007923,I000950-10,LN000950,2025-10-13,1525000.00,219600.00
R0007924,I001341-03,LN001341,2025-10-13,816666.67,117600.00
R0007925,I001736-08,LN001736,2025-10-13,677083.33,97500.00
R0007926,I001762-09,LN001762,2025-10-13,700000.00,151200.00
R0007927,I001812-02,LN001812,2025-10-13,3466666.67,249600.00
R0007928,I000032-09,LN000032,2025-10-14,841666.66,121200.00
R0007929,I000188-03,LN000188,2025-10-14,2266666.66,163200.00
R0007930,I000294-08,LN000294,2025-10-14,3244444.44,350400.00
R0007931,I000370-02,LN000370,2025-10-14,1855555.56,200400.00
R0007932,I000569-05,LN000569,2025-10-14,2744444.44,296400.00
R0007933,I000762-06,LN000762,2025-10-14,1875000.00,270000.00
R0007934,I000797-07,LN000797,2025-10-14,905555.56,195600.00
R0007935,I000956-02,LN000956,2025-10-14,4883333.34,351600.00
R0007936,I001012-09,LN001012,2025-10-14,872222.22,188400.00
R0007937,I001115-03,LN001115,2025-10-14,2766666.67,199200.00
R0007938,I001136-10,LN001136,2025-10-14,1666666.66,240000.00
R0007939,I001262-01,LN001262,2025-10-14,400000.00,86400.00
R0007940,I001540-14,LN001540,2025-10-14,727777.78,157200.00
R0007941,I001631-01,LN001631,2025-10-14,1258333.34,181200.00
R0007942,I001752-07,LN001752,2025-10-14,244444.44,26400.00
R0007943,I001949-02,LN001949,2025-10-14,322222.23,69600.00
R0007944,I001981-03,LN001981,2025-10-14,4633333.33,333600.00
R0007945,I000056-04,LN000056,2025-10-15,4516666.67,325200.00
R0007946,I000079-04,LN000079,2025-10-15,1091666.66,78600.00
R0007947,I000079-05,LN000079,2025-10-15,2183333.33,157200.00
R0007948,I000138-01,LN000138,2025-10-15,2788888.89,301200.00
R0007949,I000312-04,LN000312,2025-10-15,291666.67,42000.00
R0007950,I000525-14,LN000525,2025-10-15,161111.11,34800.00
R0007951,I000646-11,LN000646,2025-10-15,1505555.55,325200.00
R0007952,I000675-03,LN000675,2025-10-15,1391666.67,200400.00
R0007953,I001383-12,LN001383,2025-10-15,766666.66,110400.00
R0007954,I001413-08,LN001413,2025-10-15,1941666.67,279600.00
R0007955,I001425-06,LN001425,2025-10-15,1661111.11,358800.00
R0007956,I001890-02,LN001890,2025-10-15,433333.34,62400.00
R0007957,I001926-05,LN001926,2025-10-15,2022222.22,218400.00
R0007958,I000047-03,LN000047,2025-10-16,1216666.67,87600.00
R0007959,I000164-14,LN000164,2025-10-16,822222.22,177600.00
R0007960,I000329-04,LN000329,2025-10-16,4033333.33,290400.00
R0007961,I000436-07,LN000436,2025-10-16,1091666.67,157200.00
R0007962,I000648-13,LN000648,2025-10-16,550000.00,118800.00
R0007963,I000658-01,LN000658,2025-10-16,566666.67,61200.00
R0007964,I000689-08,LN000689,2025-10-16,3133333.33,338400.00
R0007965,I000776-06,LN000776,2025-10-16,3450000.00,248400.00
R0007966,I000820-05,LN000820,2025-10-16,1188888.89,256800.00
R0007967,I000830-04,LN000830,2025-10-16,1500000.00,216000.00
R0007968,I000844-05,LN000844,2025-10-16,4233333.33,304800.00
R0007969,I001076-09,LN001076,2025-10-16,2333333.33,336000.00
R0007970,I001181-09,LN001181,2025-10-16,600000.00,86400.00
R0007971,I001283-03,LN001283,2025-10-16,1177777.78,127200.00
R0007972,I001298-06,LN001298,2025-10-16,1716666.66,123600.00
R0007973,I001303-18,LN001303,2025-10-16,361111.11,78000.00
R0007974,I001309-06,LN001309,2025-10-16,4066666.66,292800.00
R0007975,I001539-03,LN001539,2025-10-16,377777.78,81600.00
R0007976,I001614-04,LN001614,2025-10-16,4633333.33,333600.00
R0007977,I001642-09,LN001642,2025-10-16,450000.00,97200.00
R0007978,I001734-03,LN001734,2025-10-16,1766666.66,63600.00
R0007979,I001831-02,LN001831,2025-10-16,408333.34,58800.00
R0007980,I001847-02,LN001847,2025-10-16,2000000.00,288000.00
R0007981,I001891-02,LN001891,2025-10-16,666666.67,48000.00
R0007982,I001975-04,LN001975,2025-10-16,550000.00,39600.00
R0007983,I001999-09,LN001999,2025-10-16,1600000.00,345600.00
R0007984,I000370-03,LN000370,2025-10-17,1855555.56,200400.00
R0007985,I000439-06,LN000439,2025-10-17,261111.11,56400.00
R0007986,I001038-02,LN001038,2025-10-17,350000.00,25200.00
R0007987,I001051-04,LN001051,2025-10-17,1066666.67,230400.00
R0007988,I001101-01,LN001101,2025-10-17,4166666.67,300000.00
R0007989,I001164-06,LN001164,2025-10-17,1133333.33,122400.00
R0007990,I001270-02,LN001270,2025-10-17,3122222.23,337200.00
R0007991,I001430-11,LN001430,2025-10-17,488888.89,105600.00
R0007992,I001587-03,LN001587,2025-10-17,6900000.00,248400.00
R0007993,I001668-14,LN001668,2025-10-17,388888.89,84000.00
R0007994,I001951-11,LN001951,2025-10-17,1216666.66,175200.00
R0007995,I000171-05,LN000171,2025-10-18,1111111.11,120000.00
R0007996,I000205-11,LN000205,2025-10-18,1825000.00,262800.00
R0007997,I000242-11,LN000242,2025-10-18,1766666.66,254400.00
R0007998,I000481-11,LN000481,2025-10-18,1658333.33,238800.00
R0007999,I000507-08,LN000507,2025-10-18,1691666.67,243600.00
R0008000,I000719-09,LN000719,2025-10-18,2333333.33,336000.00
R0008001,I000821-04,LN000821,2025-10-18,866666.67,62400.00
R0008002,I000839-06,LN000839,2025-10-18,1622222.22,350400.00
R0008003,I000889-06,LN000889,2025-10-18,977777.77,105600.00
R0008004,I001224-06,LN001224,2025-10-18,622222.22,134400.00
R0008005,I001355-10,LN001355,2025-10-18,233333.33,33600.00
R0008006,I001368-02,LN001368,2025-10-18,2125000.00,306000.00
R0008007,I001373-01,LN001373,2025-10-18,1958333.34,282000.00
R0008008,I001488-07,LN001488,2025-10-18,533333.33,57600.00
R0008009,I001533-12,LN001533,2025-10-18,211111.11,45600.00
R0008010,I001544-08,LN001544,2025-10-18,305555.56,66000.00
R0008011,I001684-03,LN001684,2025-10-18,4500000.00,324000.00
R0008012,I001922-09,LN001922,2025-10-18,800000.00,86400.00
R0008013,I001944-05,LN001944,2025-10-18,633333.33,91200.00
R0008014,I000008-01,LN000008,2025-10-19,575000.00,82800.00
R0008015,I000084-14,LN000084,2025-10-19,294444.44,63600.00
R0008016,I000105-08,LN000105,2025-10-19,1577777.77,170400.00
R0008017,I000245-02,LN000245,2025-10-19,2225000.00,320400.00
R0008018,I000295-09,LN000295,2025-10-19,516666.66,74400.00
R0008019,I000406-01,LN000406,2025-10-19,300000.00,43200.00
R0008020,I000532-08,LN000532,2025-10-19,523333.33,75360.00
R0008021,I000574-07,LN000574,2025-10-19,344444.44,37200.00
R0008022,I000598-11,LN000598,2025-10-19,1245833.32,179400.00
R0008023,I000617-03,LN000617,2025-10-19,1658333.34,238800.00
R0008024,I000678-06,LN000678,2025-10-19,2233333.33,160800.00
R0008025,I001026-03,LN001026,2025-10-19,2966666.67,213600.00
R0008026,I001103-05,LN001103,2025-10-19,1688888.89,182400.00
R0008027,I001299-04,LN001299,2025-10-19,1183333.34,170400.00
R0008028,I001388-03,LN001388,2025-10-19,116666.67,25200.00
R0008029,I001457-11,LN001457,2025-10-19,316666.66,45600.00
R0008030,I001575-06,LN001575,2025-10-19,950000.00,68400.00
R0008031,I001615-06,LN001615,2025-10-19,1255555.56,271200.00
R0008032,I001712-02,LN001712,2025-10-19,1633333.34,117600.00
R0008033,I001889-07,LN001889,2025-10-19,1825000.00,262800.00
R0008034,I001897-05,LN001897,2025-10-19,2316666.66,166800.00
R0008035,I001936-03,LN001936,2025-10-19,4000000.00,288000.00
R0008036,I001997-10,LN001997,2025-10-19,1025000.00,147600.00
R0008037,I002000-06,LN002000,2025-10-19,333333.33,48000.00
R0008038,I000049-03,LN000049,2025-10-20,2266666.67,326400.00
R0008039,I000136-08,LN000136,2025-10-20,2166666.66,234000.00
R0008040,I000297-02,LN000297,2025-10-20,2183333.34,314400.00
R0008041,I000330-01,LN000330,2025-10-20,700000.00,100800.00
R0008042,I000350-02,LN000350,2025-10-20,1600000.00,345600.00
R0008043,I000567-06,LN000567,2025-10-20,4116666.66,296400.00
R0008044,I000687-07,LN000687,2025-10-20,1750000.00,252000.00
R0008045,I000867-03,LN000867,2025-10-20,1800000.00,259200.00
R0008046,I000915-01,LN000915,2025-10-20,2050000.00,295200.00
R0008047,I000982-07,LN000982,2025-10-20,988888.89,213600.00
R0008048,I000991-01,LN000991,2025-10-20,1033333.34,111600.00
R0008049,I001117-01,LN001117,2025-10-20,300000.00,21600.00
R0008050,I001219-04,LN001219,2025-10-20,1475000.00,212400.00
R0008051,I001257-07,LN001257,2025-10-20,1316666.67,284400.00
R0008052,I001327-06,LN001327,2025-10-20,608333.33,87600.00
R0008053,I001812-05,LN001812,2025-10-20,3466666.66,249600.00
R0008054,I001821-09,LN001821,2025-10-20,2308333.33,332400.00
R0008055,I001828-03,LN001828,2025-10-20,1006666.67,144960.00
R0008056,I001878-05,LN001878,2025-10-20,416666.66,30000.00
R0008057,I000199-05,LN000199,2025-10-21,2241666.67,322800.00
R0008058,I000300-07,LN000300,2025-10-21,2700000.00,291600.00
R0008059,I000397-13,LN000397,2025-10-21,483333.33,104400.00
R0008060,I000401-09,LN000401,2025-10-21,750000.00,108000.00
R0008061,I000460-02,LN000460,2025-10-21,333333.34,48000.00
R0008062,I000994-04,LN000994,2025-10-21,888888.89,192000.00
R0008063,I001070-11,LN001070,2025-10-21,941666.66,135600.00
R0008064,I001079-08,LN001079,2025-10-21,2422222.22,261600.00
R0008065,I001241-02,LN001241,2025-10-21,4400000.00,158400.00
R0008066,I001292-01,LN001292,2025-10-21,366666.67,52800.00
R0008067,I001911-04,LN001911,2025-10-21,366666.66,39600.00
R0008068,I001984-04,LN001984,2025-10-21,3683333.33,265200.00
R0008069,I000072-10,LN000072,2025-10-22,1300000.00,280800.00
R0008070,I000076-06,LN000076,2025-10-22,800000.00,115200.00
R0008071,I000182-08,LN000182,2025-10-22,625000.00,90000.00
R0008072,I000228-09,LN000228,2025-10-22,1172222.22,253200.00
R0008073,I000247-04,LN000247,2025-10-22,2366666.67,340800.00
R0008074,I000594-01,LN000594,2025-10-22,3550000.00,255600.00
R0008075,I000663-04,LN000663,2025-10-22,666666.67,48000.00
R0008076,I000671-08,LN000671,2025-10-22,1000000.00,108000.00
R0008077,I000693-17,LN000693,2025-10-22,572222.22,123600.00
R0008078,I000856-08,LN000856,2025-10-22,1633333.33,235200.00
R0008079,I000881-01,LN000881,2025-10-22,700000.00,100800.00
R0008080,I001023-01,LN001023,2025-10-22,9433333.34,339600.00
R0008081,I001061-02,LN001061,2025-10-22,633333.34,91200.00
R0008082,I001409-07,LN001409,2025-10-22,650000.00,93600.00
R0008083,I001426-02,LN001426,2025-10-22,494444.45,106800.00
R0008084,I001546-08,LN001546,2025-10-22,1525000.00,219600.00
R0008085,I001550-03,LN001550,2025-10-22,3433333.33,247200.00
R0008086,I001672-05,LN001672,2025-10-22,150000.00,21600.00
R0008087,I001744-08,LN001744,2025-10-22,2450000.00,352800.00
R0008088,I001863-01,LN001863,2025-10-22,1800000.00,259200.00
R0008089,I001949-03,LN001949,2025-10-22,322222.23,69600.00
R0008090,I000119-07,LN000119,2025-10-23,2375000.00,342000.00
R0008091,I000150-04,LN000150,2025-10-23,291666.67,42000.00
R0008092,I000173-01,LN000173,2025-10-23,683333.34,98400.00
R0008093,I000363-07,LN000363,2025-10-23,2833333.33,306000.00
R0008094,I000375-10,LN000375,2025-10-23,1450000.00,208800.00
R0008095,I000414-06,LN000414,2025-10-23,1238888.89,267600.00
R0008096,I000502-07,LN000502,2025-10-23,391666.67,56400.00
R0008097,I000541-18,LN000541,2025-10-23,461111.11,99600.00
R0008098,I000860-01,LN000860,2025-10-23,1466666.67,105600.00
R0008099,I000918-01,LN000918,2025-10-23,5766666.67,207600.00
R0008100,I001040-09,LN001040,2025-10-23,2144444.44,231600.00
R0008101,I001204-05,LN001204,2025-10-23,1750000.00,126000.00
R0008102,I001259-04,LN001259,2025-10-23,4500000.00,324000.00
R0008103,I001453-08,LN001453,2025-10-23,2988888.89,322800.00
R0008104,I001585-03,LN001585,2025-10-23,850000.00,61200.00
R0008105,I001623-04,LN001623,2025-10-23,766666.67,110400.00
R0008106,I001633-05,LN001633,2025-10-23,2300000.00,248400.00
R0008107,I001652-02,LN001652,2025-10-23,2022222.23,218400.00
R0008108,I001700-01,LN001700,2025-10-23,2983333.34,214800.00
R0008109,I001786-05,LN001786,2025-10-23,2316666.67,333600.00
R0008110,I001882-03,LN001882,2025-10-23,1973333.33,142080.00
R0008111,I000125-02,LN000125,2025-10-24,1688888.89,182400.00
R0008112,I000177-14,LN000177,2025-10-24,855555.55,184800.00
R0008113,I000227-03,LN000227,2025-10-24,8833333.33,318000.00
R0008114,I000293-13,LN000293,2025-10-24,1100000.00,237600.00
R0008115,I000309-03,LN000309,2025-10-24,2308333.34,332400.00
R0008116,I000436-08,LN000436,2025-10-24,1091666.67,157200.00
R0008117,I000452-10,LN000452,2025-10-24,114583.33,16500.00
R0008118,I000462-04,LN000462,2025-10-24,2050000.00,295200.00
R0008119,I000679-03,LN000679,2025-10-24,925000.00,133200.00
R0008120,I000689-09,LN000689,2025-10-24,3133333.33,338400.00
R0008121,I000844-06,LN000844,2025-10-24,4233333.33,304800.00
R0008122,I001058-01,LN001058,2025-10-24,213333.33,30720.00
R0008123,I001135-11,LN001135,2025-10-24,1558333.33,224400.00
R0008124,I001212-01,LN001212,2025-10-24,2258333.34,325200.00
R0008125,I001221-15,LN001221,2025-10-24,850000.00,183600.00
R0008126,I001408-01,LN001408,2025-10-24,1733333.34,187200.00
R0008127,I001553-06,LN001553,2025-10-24,3583333.33,258000.00
R0008128,I001591-13,LN001591,2025-10-24,566666.66,122400.00
R0008129,I001593-01,LN001593,2025-10-24,4183333.34,301200.00
R0008130,I001607-02,LN001607,2025-10-24,1766666.67,63600.00
R0008131,I001847-03,LN001847,2025-10-24,2000000.00,288000.00
R0008132,I001882-05,LN001882,2025-10-24,4933333.33,355200.00
R0008133,I001918-11,LN001918,2025-10-24,950000.00,136800.00
R0008134,I001944-04,LN001944,2025-10-24,633333.34,91200.00
R0008135,I000374-12,LN000374,2025-10-25,1241666.66,178800.00
R0008136,I000416-07,LN000416,2025-10-25,800000.00,172800.00
R0008137,I000437-08,LN000437,2025-10-25,1833333.33,198000.00
R0008138,I000602-09,LN000602,2025-10-25,1733333.33,249600.00
R0008139,I000664-15,LN000664,2025-10-25,883333.33,190800.00
R0008140,I000887-04,LN000887,2025-10-25,516666.67,74400.00
R0008141,I000977-03,LN000977,2025-10-25,608333.34,87600.00
R0008142,I000997-08,LN000997,2025-10-25,2088888.89,225600.00
R0008143,I001111-07,LN001111,2025-10-25,158333.33,22800.00
R0008144,I001133-05,LN001133,2025-10-25,3833333.33,276000.00
R0008145,I001140-02,LN001140,2025-10-25,875000.00,126000.00
R0008146,I001230-12,LN001230,2025-10-25,1916666.66,276000.00
R0008147,I001328-12,LN001328,2025-10-25,550000.00,118800.00
R0008148,I001613-07,LN001613,2025-10-25,1591666.67,229200.00
R0008149,I001857-01,LN001857,2025-10-25,1333333.34,96000.00
R0008150,I001951-12,LN001951,2025-10-25,1216666.66,175200.00
R0008151,I000250-17,LN000250,2025-10-26,711111.11,153600.00
R0008152,I000348-03,LN000348,2025-10-26,900000.00,97200.00
R0008153,I000547-01,LN000547,2025-10-26,1983333.34,142800.00
R0008154,I000548-02,LN000548,2025-10-26,9000000.00,324000.00
R0008155,I000607-03,LN000607,2025-10-26,933333.33,67200.00
R0008156,I000724-04,LN000724,2025-10-26,1883333.34,271200.00
R0008157,I000744-05,LN000744,2025-10-26,525000.00,75600.00
R0008158,I000794-07,LN000794,2025-10-26,94444.45,20400.00
R0008159,I001001-02,LN001001,2025-10-26,300000.00,21600.00
R0008160,I001225-06,LN001225,2025-10-26,508333.33,73200.00
R0008161,I001278-09,LN001278,2025-10-26,1370416.66,197340.00
R0008162,I001349-12,LN001349,2025-10-26,977777.78,211200.00
R0008163,I001501-05,LN001501,2025-10-26,397777.78,85920.00
R0008164,I001520-01,LN001520,2025-10-26,650000.00,140400.00
R0008165,I001597-05,LN001597,2025-10-26,533333.33,76800.00
R0008166,I000435-01,LN000435,2025-10-27,3500000.00,252000.00
R0008167,I000464-12,LN000464,2025-10-27,544444.44,117600.00
R0008168,I000668-05,LN000668,2025-10-27,3044444.44,328800.00
R0008169,I000674-10,LN000674,2025-10-27,425000.00,61200.00
R0008170,I000837-11,LN000837,2025-10-27,433333.33,62400.00
R0008171,I001065-09,LN001065,2025-10-27,466666.66,50400.00
R0008172,I001335-10,LN001335,2025-10-27,1616666.67,349200.00
R0008173,I001348-16,LN001348,2025-10-27,105555.55,22800.00
R0008174,I001365-04,LN001365,2025-10-27,3011111.11,325200.00
R0008175,I001432-01,LN001432,2025-10-27,4250000.00,306000.00
R0008176,I001506-05,LN001506,2025-10-27,1172222.22,253200.00
R0008177,I001589-13,LN001589,2025-10-27,1035555.55,223680.00
R0008178,I001823-01,LN001823,2025-10-27,1758333.34,253200.00
R0008179,I000061-01,LN000061,2025-10-28,4033333.34,145200.00
R0008180,I000530-01,LN000530,2025-10-28,1866666.67,134400.00
R0008181,I000646-10,LN000646,2025-10-28,1505555.56,325200.00
R0008182,I000685-02,LN000685,2025-10-28,372916.66,53700.00
R0008183,I000734-04,LN000734,2025-10-28,4550000.00,327600.00
R0008184,I000783-02,LN000783,2025-10-28,458333.34,66000.00
R0008185,I001006-05,LN001006,2025-10-28,1444444.45,312000.00
R0008186,I001037-01,LN001037,2025-10-28,208333.34,30000.00
R0008187,I001098-12,LN001098,2025-10-28,577777.78,124800.00
R0008188,I001289-07,LN001289,2025-10-28,2058333.33,296400.00
R0008189,I001413-07,LN001413,2025-10-28,1941666.67,279600.00
R0008190,I001474-01,LN001474,2025-10-28,1041666.67,150000.00
R0008191,I001486-18,LN001486,2025-10-28,394444.44,85200.00
R0008192,I001534-11,LN001534,2025-10-28,1500000.00,216000.00
R0008193,I001548-03,LN001548,2025-10-28,2150000.00,309600.00
R0008194,I001588-09,LN001588,2025-10-28,483333.33,69600.00
R0008195,I001732-03,LN001732,2025-10-28,2441666.67,351600.00
R0008196,I001783-02,LN001783,2025-10-28,4833333.33,174000.00
R0008197,I001928-13,LN001928,2025-10-28,550000.00,118800.00
R0008198,I000026-15,LN000026,2025-10-29,977777.77,211200.00
R0008199,I000046-02,LN000046,2025-10-29,1833333.34,264000.00
R0008200,I000068-04,LN000068,2025-10-29,2000000.00,144000.00
R0008201,I000095-11,LN000095,2025-10-29,233333.33,50400.00
R0008202,I000147-18,LN000147,2025-10-29,1050000.00,226800.00
R0008203,I000245-03,LN000245,2025-10-29,2225000.00,320400.00
R0008204,I000637-01,LN000637,2025-10-29,1766666.67,127200.00
R0008205,I000640-01,LN000640,2025-10-29,677777.78,73200.00
R0008206,I000782-05,LN000782,2025-10-29,5000000.00,360000.00
R0008207,I000843-02,LN000843,2025-10-29,1633333.34,117600.00
R0008208,I001029-01,LN001029,2025-10-29,866666.67,124800.00
R0008209,I001410-03,LN001410,2025-10-29,1316666.67,284400.00
R0008210,I001505-04,LN001505,2025-10-29,291666.67,42000.00
R0008211,I001665-05,LN001665,2025-10-29,2000000.00,216000.00
R0008212,I001940-13,LN001940,2025-10-29,1122222.22,242400.00
R0008213,I000005-11,LN000005,2025-10-30,300000.00,64800.00
R0008214,I000006-05,LN000006,2025-10-30,1083333.33,156000.00
R0008215,I000013-06,LN000013,2025-10-30,2491666.67,358800.00
R0008216,I000224-01,LN000224,2025-10-30,2016666.67,72600.00
R0008217,I000609-03,LN000609,2025-10-30,2075000.00,298800.00
R0008218,I000671-09,LN000671,2025-10-30,1000000.00,108000.00
R0008219,I000719-12,LN000719,2025-10-30,2333333.33,336000.00
R0008220,I000737-18,LN000737,2025-10-30,1288888.88,278400.00
R0008221,I000754-09,LN000754,2025-10-30,2122222.22,229200.00
R0008222,I000800-14,LN000800,2025-10-30,511111.11,110400.00
R0008223,I000846-04,LN000846,2025-10-30,2744444.45,296400.00
R0008224,I000955-07,LN000955,2025-10-30,1433333.33,309600.00
R0008225,I000956-04,LN000956,2025-10-30,4883333.33,351600.00
R0008226,I001042-18,LN001042,2025-10-30,1516666.66,327600.00
R0008227,I001069-11,LN001069,2025-10-30,1405555.55,303600.00
R0008228,I001174-08,LN001174,2025-10-30,2108333.33,303600.00
R0008229,I001219-02,LN001219,2025-10-30,1475000.00,212400.00
R0008230,I001314-02,LN001314,2025-10-30,2296666.67,165360.00
R0008231,I001502-09,LN001502,2025-10-30,2036666.66,219960.00
R0008232,I001590-18,LN001590,2025-10-30,1127777.77,243600.00
R0008233,I001618-09,LN001618,2025-10-30,1655555.55,178800.00
R0008234,I001967-01,LN001967,2025-10-30,266666.67,19200.00
R0008235,I000016-05,LN000016,2025-10-31,783333.34,169200.00
R0008236,I000044-02,LN000044,2025-10-31,4333333.33,156000.00
R0008237,I000247-05,LN000247,2025-10-31,2366666.67,340800.00
R0008238,I000334-02,LN000334,2025-10-31,1383333.34,298800.00
R0008239,I000506-07,LN000506,2025-10-31,1077777.78,232800.00
R0008240,I000580-06,LN000580,2025-10-31,1677777.78,181200.00
R0008241,I000648-12,LN000648,2025-10-31,550000.00,118800.00
R0008242,I000681-01,LN000681,2025-10-31,4800000.00,345600.00
R0008243,I000965-02,LN000965,2025-10-31,4150000.00,298800.00
R0008244,I001059-02,LN001059,2025-10-31,4800000.00,345600.00
R0008245,I001640-03,LN001640,2025-10-31,700000.00,50400.00
R0008246,I001719-05,LN001719,2025-10-31,390000.00,56160.00
R0008247,I000151-04,LN000151,2025-11-01,1241666.67,178800.00
R0008248,I000207-03,LN000207,2025-11-01,1041666.67,150000.00
R0008249,I000296-07,LN000296,2025-11-01,1600000.00,172800.00
R0008250,I000306-08,LN000306,2025-11-01,173333.33,24960.00
R0008251,I000371-07,LN000371,2025-11-01,2175000.00,313200.00
R0008252,I000519-04,LN000519,2025-11-01,2133333.33,230400.00
R0008253,I000742-09,LN000742,2025-11-01,2400000.00,259200.00
R0008254,I000793-01,LN000793,2025-11-01,1083333.34,78000.00
R0008255,I000823-03,LN000823,2025-11-01,1544444.45,333600.00
R0008256,I001064-09,LN001064,2025-11-01,2400000.00,345600.00
R0008257,I001157-06,LN001157,2025-11-01,266666.67,28800.00
R0008258,I001650-03,LN001650,2025-11-01,1116666.67,80400.00
R0008259,I001715-04,LN001715,2025-11-01,4733333.33,340800.00
R0008260,I001719-06,LN001719,2025-11-01,600000.00,86400.00
R0008261,I001733-12,LN001733,2025-11-01,161111.11,34800.00
R0008262,I001811-08,LN001811,2025-11-01,1300000.00,140400.00
R0008263,I001816-05,LN001816,2025-11-01,1600000.00,230400.00
R0008264,I001848-03,LN001848,2025-11-01,2150000.00,154800.00
R0008265,I000104-03,LN000104,2025-11-02,816666.67,58800.00
R0008266,I000132-01,LN000132,2025-11-02,2125000.00,306000.00
R0008267,I000237-16,LN000237,2025-11-02,1400000.00,302400.00
R0008268,I000405-05,LN000405,2025-11-02,2391666.67,344400.00
R0008269,I000452-11,LN000452,2025-11-02,458333.33,66000.00
R0008270,I000488-02,LN000488,2025-11-02,2850000.00,205200.00
R0008271,I000952-14,LN000952,2025-11-02,1072222.22,231600.00
R0008272,I001320-05,LN001320,2025-11-02,1405555.56,303600.00
R0008273,I001324-03,LN001324,2025-11-02,2633333.33,94800.00
R0008274,I001527-05,LN001527,2025-11-02,2008333.33,289200.00
R0008275,I001724-05,LN001724,2025-11-02,1200000.00,86400.00
R0008276,I001853-11,LN001853,2025-11-02,1087500.00,156600.00
R0008277,I001895-06,LN001895,2025-11-02,844444.44,91200.00
R0008278,I001899-07,LN001899,2025-11-02,680000.00,97920.00
R0008279,I001907-09,LN001907,2025-11-02,1708333.33,246000.00
R0008280,I001985-02,LN001985,2025-11-02,1488888.89,160800.00
R0008281,I000015-01,LN000015,2025-11-03,375000.00,54000.00
R0008282,I000117-01,LN000117,2025-11-03,9500000.00,342000.00
R0008283,I000411-04,LN000411,2025-11-03,1277777.78,276000.00
R0008284,I000764-02,LN000764,2025-11-03,86666.66,12480.00
R0008285,I000838-04,LN000838,2025-11-03,3516666.67,253200.00
R0008286,I000870-08,LN000870,2025-11-03,2488888.89,268800.00
R0008287,I000889-08,LN000889,2025-11-03,977777.77,105600.00
R0008288,I001289-06,LN001289,2025-11-03,2058333.33,296400.00
R0008289,I001429-07,LN001429,2025-11-03,2522222.22,272400.00
R0008290,I001568-09,LN001568,2025-11-03,1441666.66,207600.00
R0008291,I001651-06,LN001651,2025-11-03,241666.67,34800.00
R0008292,I001653-04,LN001653,2025-11-03,1291666.67,186000.00
R0008293,I001827-15,LN001827,2025-11-03,1405555.55,303600.00
R0008294,I000083-13,LN000083,2025-11-04,1561111.11,337200.00
R0008295,I000426-02,LN000426,2025-11-04,1225000.00,176400.00
R0008296,I000493-06,LN000493,2025-11-04,677777.78,73200.00
R0008297,I000497-02,LN000497,2025-11-04,1758333.34,253200.00
R0008298,I000513-01,LN000513,2025-11-04,3950000.00,284400.00
R0008299,I000573-14,LN000573,2025-11-04,1583333.33,342000.00
R0008300,I000679-04,LN000679,2025-11-04,925000.00,133200.00
R0008301,I001151-10,LN001151,2025-11-04,516666.66,74400.00
R0008302,I001183-05,LN001183,2025-11-04,1108333.33,159600.00
R0008303,I001221-17,LN001221,2025-11-04,212500.00,45900.00
R0008304,I001358-09,LN001358,2025-11-04,1666666.66,240000.00
R0008305,I001736-09,LN001736,2025-11-04,1041666.66,150000.00
R0008306,I001829-05,LN001829,2025-11-04,2566666.67,277200.00
R0008307,I001872-04,LN001872,2025-11-04,761111.11,164400.00
R0008308,I001877-05,LN001877,2025-11-04,1227777.78,265200.00
R0008309,I001971-03,LN001971,2025-11-04,2766666.67,199200.00
R0008310,I000086-08,LN000086,2025-11-05,1416666.67,306000.00
R0008311,I000141-11,LN000141,2025-11-05,1841666.66,265200.00
R0008312,I000249-02,LN000249,2025-11-05,583333.34,42000.00
R0008313,I000269-12,LN000269,2025-11-05,1733333.33,249600.00
R0008314,I000285-11,LN000285,2025-11-05,958333.33,138000.00
R0008315,I000310-11,LN000310,2025-11-05,2400000.00,345600.00
R0008316,I000449-02,LN000449,2025-11-05,816666.67,117600.00
R0008317,I000670-06,LN000670,2025-11-05,441666.67,63600.00
R0008318,I000739-10,LN000739,2025-11-05,1035555.55,223680.00
R0008319,I000752-13,LN000752,2025-11-05,1627777.78,351600.00
R0008320,I000831-03,LN000831,2025-11-05,3255555.56,351600.00
R0008321,I000832-07,LN000832,2025-11-05,1885000.00,203580.00
R0008322,I000868-03,LN000868,2025-11-05,1324444.44,143040.00
R0008323,I000986-03,LN000986,2025-11-05,2600000.00,93600.00
R0008324,I001012-10,LN001012,2025-11-05,872222.22,188400.00
R0008325,I001075-18,LN001075,2025-11-05,888888.88,192000.00
R0008326,I001146-04,LN001146,2025-11-05,816666.67,58800.00
R0008327,I001340-01,LN001340,2025-11-05,241666.67,34800.00
R0008328,I001499-03,LN001499,2025-11-05,675000.00,72900.00
R0008329,I001963-02,LN001963,2025-11-05,1288888.89,139200.00
R0008330,I000003-01,LN000003,2025-11-06,933333.34,134400.00
R0008331,I000173-04,LN000173,2025-11-06,683333.34,98400.00
R0008332,I000193-05,LN000193,2025-11-06,344444.44,37200.00
R0008333,I000339-03,LN000339,2025-11-06,933333.34,100800.00
R0008334,I000473-02,LN000473,2025-11-06,1638888.89,354000.00
R0008335,I000532-09,LN000532,2025-11-06,1308333.33,188400.00
R0008336,I000721-15,LN000721,2025-11-06,500000.00,108000.00
R0008337,I000750-10,LN000750,2025-11-06,741666.66,106800.00
R0008338,I000764-03,LN000764,2025-11-06,216666.67,31200.00
R0008339,I000797-08,LN000797,2025-11-06,452777.78,97800.00
R0008340,I000950-11,LN000950,2025-11-06,1525000.00,219600.00
R0008341,I001179-05,LN001179,2025-11-06,783333.33,56400.00
R0008342,I001320-06,LN001320,2025-11-06,1405555.56,303600.00
R0008343,I001458-01,LN001458,2025-11-06,2191666.67,315600.00
R0008344,I001534-12,LN001534,2025-11-06,1500000.00,216000.00
R0008345,I001804-01,LN001804,2025-11-06,183333.34,26400.00
R0008346,I001849-06,LN001849,2025-11-06,541666.67,78000.00
R0008347,I001889-09,LN001889,2025-11-06,1825000.00,262800.00
R0008348,I000181-12,LN000181,2025-11-07,624444.44,134880.00
R0008349,I000214-01,LN000214,2025-11-07,1100000.00,158400.00
R0008350,I000400-01,LN000400,2025-11-07,2433333.34,350400.00
R0008351,I000541-17,LN000541,2025-11-07,461111.11,99600.00
R0008352,I000710-03,LN000710,2025-11-07,1600000.00,57600.00
R0008353,I000815-08,LN000815,2025-11-07,1500000.00,162000.00
R0008354,I001119-09,LN001119,2025-11-07,1500000.00,216000.00
R0008355,I001188-12,LN001188,2025-11-07,858333.33,123600.00
R0008356,I001460-08,LN001460,2025-11-07,1344444.45,290400.00
R0008357,I001586-02,LN001586,2025-11-07,1516666.67,218400.00
R0008358,I001669-12,LN001669,2025-11-07,240000.00,34560.00
R0008359,I001746-02,LN001746,2025-11-07,166666.67,24000.00
R0008360,I001764-09,LN001764,2025-11-07,2433333.33,350400.00
R0008361,I001858-06,LN001858,2025-11-07,725000.00,104400.00
R0008362,I001875-01,LN001875,2025-11-07,1200000.00,172800.00
R0008363,I001908-01,LN001908,2025-11-07,2266666.67,244800.00
R0008364,I001915-01,LN001915,2025-11-07,791666.67,114000.00
R0008365,I000005-12,LN000005,2025-11-08,300000.00,64800.00
R0008366,I000124-04,LN000124,2025-11-08,280555.55,30300.00
R0008367,I000181-13,LN000181,2025-11-08,1561111.11,337200.00
R0008368,I000359-08,LN000359,2025-11-08,1600000.00,172800.00
R0008369,I000516-06,LN000516,2025-11-08,1216666.67,175200.00
R0008370,I000777-09,LN000777,2025-11-08,211111.11,45600.00
R0008371,I000955-08,LN000955,2025-11-08,1433333.33,309600.00
R0008372,I001068-02,LN001068,2025-11-08,633333.33,22800.00
R0008373,I001163-06,LN001163,2025-11-08,1866666.66,134400.00
R0008374,I001177-09,LN001177,2025-11-08,333333.33,48000.00
R0008375,I001229-03,LN001229,2025-11-08,3866666.67,278400.00
R0008376,I001279-15,LN001279,2025-11-08,447777.77,96720.00
R0008377,I001365-07,LN001365,2025-11-08,3011111.11,325200.00
R0008378,I001591-12,LN001591,2025-11-08,566666.67,122400.00
R0008379,I001627-06,LN001627,2025-11-08,1083333.33,78000.00
R0008380,I001777-03,LN001777,2025-11-08,1211111.11,261600.00
R0008381,I000253-09,LN000253,2025-11-09,1577777.78,340800.00
R0008382,I000343-06,LN000343,2025-11-09,1277777.78,138000.00
R0008383,I000437-07,LN000437,2025-11-09,1833333.33,198000.00
R0008384,I000524-12,LN000524,2025-11-09,1050000.00,151200.00
R0008385,I000567-05,LN000567,2025-11-09,4116666.66,296400.00
R0008386,I000773-12,LN000773,2025-11-09,1100000.00,158400.00
R0008387,I000828-03,LN000828,2025-11-09,1622222.22,175200.00
R0008388,I001029-03,LN001029,2025-11-09,866666.67,124800.00
R0008389,I001136-11,LN001136,2025-11-09,1666666.66,240000.00
R0008390,I001262-02,LN001262,2025-11-09,400000.00,86400.00
R0008391,I001266-04,LN001266,2025-11-09,1675000.00,241200.00
R0008392,I001286-06,LN001286,2025-11-09,2283333.33,328800.00
R0008393,I001322-09,LN001322,2025-11-09,229166.66,33000.00
R0008394,I001381-09,LN001381,2025-11-09,933333.33,201600.00
R0008395,I001419-05,LN001419,2025-11-09,454166.66,65400.00
R0008396,I001620-05,LN001620,2025-11-09,1108333.33,159600.00
R0008397,I001658-15,LN001658,2025-11-09,1072222.22,231600.00
R0008398,I001667-05,LN001667,2025-11-09,522222.22,56400.00
R0008399,I001684-04,LN001684,2025-11-09,4500000.00,324000.00
R0008400,I000174-13,LN000174,2025-11-10,1500000.00,324000.00
R0008401,I000413-01,LN000413,2025-11-10,125000.00,18000.00
R0008402,I000525-15,LN000525,2025-11-10,322222.22,69600.00
R0008403,I000556-14,LN000556,2025-11-10,1322222.22,285600.00
R0008404,I000606-09,LN000606,2025-11-10,1953333.32,281280.00
R0008405,I000858-05,LN000858,2025-11-10,1776666.66,127920.00
R0008406,I001032-10,LN001032,2025-11-10,1166666.66,168000.00
R0008407,I001131-10,LN001131,2025-11-10,966666.66,139200.00
R0008408,I001139-04,LN001139,2025-11-10,1355555.56,146400.00
R0008409,I001141-01,LN001141,2025-11-10,1583333.34,114000.00
R0008410,I001295-03,LN001295,2025-11-10,3566666.67,256800.00
R0008411,I001418-01,LN001418,2025-11-10,533333.34,57600.00
R0008412,I001491-12,LN001491,2025-11-10,800000.00,115200.00
R0008413,I001507-02,LN001507,2025-11-10,566666.67,81600.00
R0008414,I001806-10,LN001806,2025-11-10,1133333.33,163200.00
R0008415,I001825-01,LN001825,2025-11-10,966666.67,104400.00
R0008416,I000085-12,LN000085,2025-11-11,263333.33,37920.00
R0008417,I000140-04,LN000140,2025-11-11,1144444.45,123600.00
R0008418,I000259-07,LN000259,2025-11-11,288888.89,62400.00
R0008419,I000316-07,LN000316,2025-11-11,1975000.00,284400.00
R0008420,I000409-12,LN000409,2025-11-11,1975000.00,284400.00
R0008421,I000568-07,LN000568,2025-11-11,1208333.33,174000.00
R0008422,I000626-03,LN000626,2025-11-11,1722222.22,186000.00
R0008423,I000718-06,LN000718,2025-11-11,1533333.33,220800.00
R0008424,I000735-02,LN000735,2025-11-11,4433333.34,319200.00
R0008425,I000803-09,LN000803,2025-11-11,1666666.66,240000.00
R0008426,I000888-04,LN000888,2025-11-11,4966666.67,357600.00
R0008427,I000997-06,LN000997,2025-11-11,2088888.89,225600.00
R0008428,I001007-05,LN001007,2025-11-11,488888.89,105600.00
R0008429,I001059-03,LN001059,2025-11-11,4800000.00,345600.00
R0008430,I001257-08,LN001257,2025-11-11,658333.33,142200.00
R0008431,I001341-04,LN001341,2025-11-11,816666.67,117600.00
R0008432,I001355-08,LN001355,2025-11-11,233333.33,33600.00
R0008433,I001433-05,LN001433,2025-11-11,1216666.67,175200.00
R0008434,I001470-05,LN001470,2025-11-11,4550000.00,327600.00
R0008435,I001514-01,LN001514,2025-11-11,1066666.67,76800.00
R0008436,I001601-08,LN001601,2025-11-11,2166666.67,312000.00
R0008437,I001738-09,LN001738,2025-11-11,2366666.66,340800.00
R0008438,I001760-07,LN001760,2025-11-11,1466666.66,158400.00
R0008439,I001891-03,LN001891,2025-11-11,666666.67,48000.00
R0008440,I001908-02,LN001908,2025-11-11,2266666.67,244800.00
R0008441,I001965-12,LN001965,2025-11-11,1566666.66,225600.00
R0008442,I000117-02,LN000117,2025-11-12,9500000.00,342000.00
R0008443,I000271-04,LN000271,2025-11-12,144444.45,31200.00
R0008444,I000542-12,LN000542,2025-11-12,141666.66,20400.00
R0008445,I000640-04,LN000640,2025-11-12,677777.78,73200.00
R0008446,I000666-03,LN000666,2025-11-12,534444.44,115440.00
R0008447,I000677-09,LN000677,2025-11-12,416666.67,90000.00
R0008448,I000842-08,LN000842,2025-11-12,733333.33,105600.00
R0008449,I001036-06,LN001036,2025-11-12,566666.67,81600.00
R0008450,I001079-09,LN001079,2025-11-12,2422222.22,261600.00
R0008451,I001292-02,LN001292,2025-11-12,366666.67,52800.00
R0008452,I001466-04,LN001466,2025-11-12,2722222.22,294000.00
R0008453,I001471-07,LN001471,2025-11-12,475000.00,68400.00
R0008454,I001512-03,LN001512,2025-11-12,2533333.33,182400.00
R0008455,I001797-13,LN001797,2025-11-12,444444.44,96000.00
R0008456,I001819-11,LN001819,2025-11-12,275000.00,39600.00
R0008457,I001936-04,LN001936,2025-11-12,4000000.00,288000.00
R0008458,I000196-05,LN000196,2025-11-13,1000000.00,216000.00
R0008459,I000205-12,LN000205,2025-11-13,1825000.00,262800.00
R0008460,I000241-16,LN000241,2025-11-13,766666.66,165600.00
R0008461,I000299-05,LN000299,2025-11-13,1733333.33,187200.00
R0008462,I000331-08,LN000331,2025-11-13,2408333.33,346800.00
R0008463,I000682-08,LN000682,2025-11-13,766666.66,82800.00
R0008464,I000744-07,LN000744,2025-11-13,525000.00,75600.00
R0008465,I000826-03,LN000826,2025-11-13,1116666.67,80400.00
R0008466,I001162-06,LN001162,2025-11-13,3033333.33,327600.00
R0008467,I001219-05,LN001219,2025-11-13,1475000.00,212400.00
R0008468,I001252-03,LN001252,2025-11-13,2133333.34,307200.00
R0008469,I001347-02,LN001347,2025-11-13,8666666.67,312000.00
R0008470,I001353-01,LN001353,2025-11-13,1211111.12,261600.00
R0008471,I001426-03,LN001426,2025-11-13,494444.45,106800.00
R0008472,I001442-01,LN001442,2025-11-13,455555.56,49200.00
R0008473,I001477-02,LN001477,2025-11-13,1450000.00,208800.00
R0008474,I001646-07,LN001646,2025-11-13,1883333.33,271200.00
R0008475,I001736-10,LN001736,2025-11-13,1041666.66,150000.00
R0008476,I001746-01,LN001746,2025-11-13,166666.67,24000.00
R0008477,I001860-11,LN001860,2025-11-13,1366666.66,196800.00
R0008478,I000016-04,LN000016,2025-11-14,783333.34,169200.00
R0008479,I000295-10,LN000295,2025-11-14,516666.66,74400.00
R0008480,I000508-02,LN000508,2025-11-14,883333.34,127200.00
R0008481,I000653-09,LN000653,2025-11-14,3044444.44,328800.00
R0008482,I000719-11,LN000719,2025-11-14,2333333.33,336000.00
R0008483,I000750-09,LN000750,2025-11-14,482083.32,69420.00
R0008484,I000762-07,LN000762,2025-11-14,1875000.00,270000.00
R0008485,I000899-02,LN000899,2025-11-14,1166666.67,168000.00
R0008486,I000954-01,LN000954,2025-11-14,275000.00,39600.00
R0008487,I000956-03,LN000956,2025-11-14,4883333.33,351600.00
R0008488,I001540-15,LN001540,2025-11-14,727777.77,157200.00
R0008489,I001597-03,LN001597,2025-11-14,533333.34,76800.00
R0008490,I001642-10,LN001642,2025-11-14,450000.00,97200.00
R0008491,I001925-06,LN001925,2025-11-14,2000000.00,144000.00
R0008492,I002000-07,LN002000,2025-11-14,333333.33,48000.00
R0008493,I000056-05,LN000056,2025-11-15,4516666.66,325200.00
R0008494,I000136-09,LN000136,2025-11-15,2166666.66,234000.00
R0008495,I000138-02,LN000138,2025-11-15,2788888.89,301200.00
R0008496,I000145-04,LN000145,2025-11-15,2300000.00,248400.00
R0008497,I000296-06,LN000296,2025-11-15,1600000.00,172800.00
R0008498,I000460-04,LN000460,2025-11-15,333333.34,48000.00
R0008499,I000482-02,LN000482,2025-11-15,925000.00,133200.00
R0008500,I000643-06,LN000643,2025-11-15,2100000.00,302400.00
R0008501,I000723-11,LN000723,2025-11-15,1508333.33,217200.00
R0008502,I000728-12,LN000728,2025-11-15,516666.67,111600.00
R0008503,I000796-15,LN000796,2025-11-15,1466666.66,316800.00
R0008504,I001127-12,LN001127,2025-11-15,1023750.00,147420.00
R0008505,I001374-15,LN001374,2025-11-15,355555.55,76800.00
R0008506,I001483-04,LN001483,2025-11-15,3633333.33,261600.00
R0008507,I001505-02,LN001505,2025-11-15,291666.67,42000.00
R0008508,I001762-10,LN001762,2025-11-15,700000.00,151200.00
R0008509,I001821-10,LN001821,2025-11-15,2308333.33,332400.00
R0008510,I001856-03,LN001856,2025-11-15,2955555.56,319200.00
R0008511,I001890-03,LN001890,2025-11-15,433333.34,62400.00
R0008512,I000075-03,LN000075,2025-11-16,1191666.66,85800.00
R0008513,I000291-04,LN000291,2025-11-16,1008333.34,145200.00
R0008514,I000300-08,LN000300,2025-11-16,2700000.00,291600.00
R0008515,I000329-05,LN000329,2025-11-16,4033333.33,290400.00
R0008516,I000404-04,LN000404,2025-11-16,1480000.00,106560.00
R0008517,I000432-08,LN000432,2025-11-16,539583.33,77700.00
R0008518,I000568-06,LN000568,2025-11-16,1208333.33,174000.00
R0008519,I000569-06,LN000569,2025-11-16,2744444.44,296400.00
R0008520,I000648-14,LN000648,2025-11-16,550000.00,118800.00
R0008521,I000769-06,LN000769,2025-11-16,388888.89,84000.00
R0008522,I000804-01,LN000804,2025-11-16,4050000.00,291600.00
R0008523,I000820-06,LN000820,2025-11-16,1188888.89,256800.00
R0008524,I001201-08,LN001201,2025-11-16,325000.00,46800.00
R0008525,I001283-04,LN001283,2025-11-16,1177777.78,127200.00
R0008526,I001460-09,LN001460,2025-11-16,1344444.44,290400.00
R0008527,I001492-04,LN001492,2025-11-16,4766666.67,343200.00
R0008528,I001499-04,LN001499,2025-11-16,2700000.00,291600.00
R0008529,I001501-06,LN001501,2025-11-16,994444.45,214800.00
R0008530,I001614-05,LN001614,2025-11-16,4633333.33,333600.00
R0008531,I001696-02,LN001696,2025-11-16,1866666.67,67200.00
R0008532,I001975-05,LN001975,2025-11-16,550000.00,39600.00
R0008533,I001999-10,LN001999,2025-11-16,1600000.00,345600.00
R0008534,I000008-02,LN000008,2025-11-17,575000.00,82800.00
R0008535,I000051-04,LN000051,2025-11-17,266666.67,19200.00
R0008536,I000099-01,LN000099,2025-11-17,983333.34,141600.00
R0008537,I000105-09,LN000105,2025-11-17,1577777.77,170400.00
R0008538,I000108-01,LN000108,2025-11-17,1016666.67,146400.00
R0008539,I000392-05,LN000392,2025-11-17,150000.00,32400.00
R0008540,I000406-02,LN000406,2025-11-17,300000.00,43200.00
R0008541,I000876-01,LN000876,2025-11-17,3380000.00,121680.00
R0008542,I001038-03,LN001038,2025-11-17,350000.00,25200.00
R0008543,I001051-05,LN001051,2025-11-17,1066666.67,230400.00
R0008544,I001164-07,LN001164,2025-11-17,1133333.33,122400.00
R0008545,I001258-14,LN001258,2025-11-17,1038888.89,224400.00
R0008546,I001343-04,LN001343,2025-11-17,83333.34,18000.00
R0008547,I001441-01,LN001441,2025-11-17,408333.34,58800.00
R0008548,I001520-02,LN001520,2025-11-17,650000.00,140400.00
R0008549,I001693-02,LN001693,2025-11-17,500000.00,72000.00
R0008550,I001876-01,LN001876,2025-11-17,4550000.00,327600.00
R0008551,I001980-17,LN001980,2025-11-17,1250000.00,270000.00
R0008552,I000018-03,LN000018,2025-11-18,2800000.00,100800.00
R0008553,I000083-12,LN000083,2025-11-18,1561111.11,337200.00
R0008554,I000171-06,LN000171,2025-11-18,1111111.11,120000.00
R0008555,I000295-08,LN000295,2025-11-18,129166.66,18600.00
R0008556,I000350-03,LN000350,2025-11-18,1040000.00,224640.00
R0008557,I000363-08,LN000363,2025-11-18,2833333.33,306000.00
R0008558,I000375-11,LN000375,2025-11-18,1450000.00,208800.00
R0008559,I000473-01,LN000473,2025-11-18,1638888.89,354000.00
R0008560,I000559-05,LN000559,2025-11-18,3083333.33,222000.00
R0008561,I000658-02,LN000658,2025-11-18,566666.67,61200.00
R0008562,I000792-12,LN000792,2025-11-18,1941666.66,279600.00
R0008563,I000981-08,LN000981,2025-11-18,1075000.00,154800.00
R0008564,I001076-10,LN001076,2025-11-18,2333333.33,336000.00
R0008565,I001133-06,LN001133,2025-11-18,3833333.33,276000.00
R0008566,I001368-03,LN001368,2025-11-18,2125000.00,306000.00
R0008567,I001373-02,LN001373,2025-11-18,1958333.34,282000.00
R0008568,I001786-06,LN001786,2025-11-18,2316666.67,333600.00
R0008569,I000179-08,LN000179,2025-11-19,222222.22,24000.00
R0008570,I000293-14,LN000293,2025-11-19,1100000.00,237600.00
R0008571,I000306-09,LN000306,2025-11-19,433333.33,62400.00
R0008572,I000337-01,LN000337,2025-11-19,1133333.34,81600.00
R0008573,I000574-08,LN000574,2025-11-19,344444.44,37200.00
R0008574,I000604-01,LN000604,2025-11-19,1225000.00,88200.00
R0008575,I000617-04,LN000617,2025-11-19,1658333.34,238800.00
R0008576,I000708-08,LN000708,2025-11-19,1358333.33,195600.00
R0008577,I000889-09,LN000889,2025-11-19,2444444.44,264000.00
R0008578,I000985-05,LN000985,2025-11-19,1211111.11,130800.00
R0008579,I001058-02,LN001058,2025-11-19,533333.34,76800.00
R0008580,I001082-07,LN001082,2025-11-19,633333.33,136800.00
R0008581,I001319-02,LN001319,2025-11-19,758333.34,109200.00
R0008582,I001349-13,LN001349,2025-11-19,977777.78,211200.00
R0008583,I001448-02,LN001448,2025-11-19,983333.34,141600.00
R0008584,I001457-12,LN001457,2025-11-19,316666.66,45600.00
R0008585,I001607-03,LN001607,2025-11-19,1766666.66,63600.00
R0008586,I001918-12,LN001918,2025-11-19,2375000.00,342000.00
R0008587,I000182-09,LN000182,2025-11-20,625000.00,90000.00
R0008588,I000242-12,LN000242,2025-11-20,1766666.66,254400.00
R0008589,I000255-03,LN000255,2025-11-20,1650000.00,118800.00
R0008590,I000312-05,LN000312,2025-11-20,291666.67,42000.00
R0008591,I000551-01,LN000551,2025-11-20,1783333.34,256800.00
R0008592,I000687-08,LN000687,2025-11-20,1750000.00,252000.00
R0008593,I000700-10,LN000700,2025-11-20,1333333.33,192000.00
R0008594,I000718-07,LN000718,2025-11-20,1533333.33,220800.00
R0008595,I000728-11,LN000728,2025-11-20,516666.67,111600.00
R0008596,I000756-01,LN000756,2025-11-20,3300000.00,118800.00
R0008597,I000798-07,LN000798,2025-11-20,1741666.67,250800.00
R0008598,I000819-12,LN000819,2025-11-20,991666.66,142800.00
R0008599,I000887-05,LN000887,2025-11-20,516666.67,74400.00
R0008600,I001053-15,LN001053,2025-11-20,146666.66,31680.00
R0008601,I001061-03,LN001061,2025-11-20,633333.34,91200.00
R0008602,I001106-01,LN001106,2025-11-20,433333.34,31200.00
R0008603,I001308-09,LN001308,2025-11-20,2241666.66,322800.00
R0008604,I001327-07,LN001327,2025-11-20,608333.33,87600.00
R0008605,I001472-07,LN001472,2025-11-20,202222.22,43680.00
R0008606,I001510-04,LN001510,2025-11-20,1170833.33,168600.00
R0008607,I000032-10,LN000032,2025-11-21,841666.66,121200.00
R0008608,I000223-01,LN000223,2025-11-21,2100000.00,151200.00
R0008609,I000815-07,LN000815,2025-11-21,1500000.00,162000.00
R0008610,I000830-05,LN000830,2025-11-21,750000.00,108000.00
R0008611,I000860-02,LN000860,2025-11-21,1466666.67,105600.00
R0008612,I000885-05,LN000885,2025-11-21,1777777.78,192000.00
R0008613,I000984-01,LN000984,2025-11-21,1266666.67,182400.00
R0008614,I001070-12,LN001070,2025-11-21,941666.66,135600.00
R0008615,I001072-03,LN001072,2025-11-21,4233333.33,304800.00
R0008616,I001115-04,LN001115,2025-11-21,2766666.67,199200.00
R0008617,I001151-11,LN001151,2025-11-21,516666.66,74400.00
R0008618,I001191-08,LN001191,2025-11-21,2600000.00,280800.00
R0008619,I001258-15,LN001258,2025-11-21,1038888.89,224400.00
R0008620,I001299-05,LN001299,2025-11-21,1183333.33,170400.00
R0008621,I001337-02,LN001337,2025-11-21,2688888.89,290400.00
R0008622,I001633-06,LN001633,2025-11-21,2300000.00,248400.00
R0008623,I001688-01,LN001688,2025-11-21,2344444.45,253200.00
R0008624,I001725-05,LN001725,2025-11-21,777777.77,84000.00
R0008625,I001728-02,LN001728,2025-11-21,261111.12,56400.00
R0008626,I001968-01,LN001968,2025-11-21,8900000.00,320400.00
R0008627,I000070-01,LN000070,2025-11-22,1561111.12,337200.00
R0008628,I000471-02,LN000471,2025-11-22,1150000.00,248400.00
R0008629,I000518-08,LN000518,2025-11-22,2866666.66,309600.00
R0008630,I000594-02,LN000594,2025-11-22,3550000.00,255600.00
R0008631,I000693-18,LN000693,2025-11-22,572222.22,123600.00
R0008632,I000834-03,LN000834,2025-11-22,583333.34,84000.00
R0008633,I001135-12,LN001135,2025-11-22,1558333.33,224400.00
R0008634,I001148-10,LN001148,2025-11-22,191666.66,27600.00
R0008635,I001314-03,LN001314,2025-11-22,3533333.33,254400.00
R0008636,I001348-17,LN001348,2025-11-22,105555.55,22800.00
R0008637,I001391-01,LN001391,2025-11-22,5900000.00,212400.00
R0008638,I001408-02,LN001408,2025-11-22,1733333.34,187200.00
R0008639,I001433-07,LN001433,2025-11-22,1216666.67,175200.00
R0008640,I001470-06,LN001470,2025-11-22,4550000.00,327600.00
R0008641,I001863-02,LN001863,2025-11-22,1800000.00,259200.00
R0008642,I001926-06,LN001926,2025-11-22,2022222.22,218400.00
R0008643,I000013-07,LN000013,2025-11-23,2491666.67,358800.00
R0008644,I000150-05,LN000150,2025-11-23,291666.67,42000.00
R0008645,I000179-09,LN000179,2025-11-23,222222.22,24000.00
R0008646,I000516-07,LN000516,2025-11-23,304166.66,43800.00
R0008647,I000544-11,LN000544,2025-11-23,2408333.33,346800.00
R0008648,I000664-16,LN000664,2025-11-23,883333.33,190800.00
R0008649,I000783-03,LN000783,2025-11-23,458333.34,66000.00
R0008650,I000821-05,LN000821,2025-11-23,866666.66,62400.00
R0008651,I000918-02,LN000918,2025-11-23,5766666.67,207600.00
R0008652,I000994-05,LN000994,2025-11-23,888888.89,192000.00
R0008653,I001053-16,LN001053,2025-11-23,183333.33,39600.00
R0008654,I001146-05,LN001146,2025-11-23,816666.66,58800.00
R0008655,I001259-05,LN001259,2025-11-23,4500000.00,324000.00
R0008656,I001544-09,LN001544,2025-11-23,305555.56,66000.00
R0008657,I001554-03,LN001554,2025-11-23,1688888.89,182400.00
R0008658,I001613-08,LN001613,2025-11-23,1591666.67,229200.00
R0008659,I001731-08,LN001731,2025-11-23,1316666.67,284400.00
R0008660,I001984-05,LN001984,2025-11-23,3683333.33,265200.00
R0008661,I000177-15,LN000177,2025-11-24,855555.55,184800.00
R0008662,I000309-04,LN000309,2025-11-24,2308333.34,332400.00
R0008663,I000334-03,LN000334,2025-11-24,1383333.34,298800.00
R0008664,I000436-09,LN000436,2025-11-24,1091666.66,157200.00
R0008665,I000480-01,LN000480,2025-11-24,516666.67,111600.00
R0008666,I000874-02,LN000874,2025-11-24,350000.00,50400.00
R0008667,I000881-02,LN000881,2025-11-24,700000.00,100800.00
R0008668,I001017-01,LN001017,2025-11-24,4483333.34,322800.00
R0008669,I001212-02,LN001212,2025-11-24,2258333.34,325200.00
R0008670,I001267-09,LN001267,2025-11-24,1066666.66,153600.00
R0008671,I001305-11,LN001305,2025-11-24,1088888.89,235200.00
R0008672,I001471-06,LN001471,2025-11-24,475000.00,68400.00
R0008673,I001546-09,LN001546,2025-11-24,1525000.00,219600.00
R0008674,I001557-06,LN001557,2025-11-24,1950000.00,140400.00
R0008675,I001591-14,LN001591,2025-11-24,566666.66,122400.00
R0008676,I001593-02,LN001593,2025-11-24,4183333.34,301200.00
R0008677,I001712-03,LN001712,2025-11-24,1633333.33,117600.00
R0008678,I001784-09,LN001784,2025-11-24,2391666.66,344400.00
R0008679,I001911-07,LN001911,2025-11-24,733333.33,79200.00
R0008680,I000047-04,LN000047,2025-11-25,1216666.67,87600.00
R0008681,I000247-06,LN000247,2025-11-25,2366666.67,340800.00
R0008682,I000260-06,LN000260,2025-11-25,2475000.00,356400.00
R0008683,I000291-05,LN000291,2025-11-25,1008333.33,145200.00
R0008684,I000330-02,LN000330,2025-11-25,700000.00,100800.00
R0008685,I000415-18,LN000415,2025-11-25,616666.66,133200.00
R0008686,I000437-09,LN000437,2025-11-25,1833333.33,198000.00
R0008687,I000681-03,LN000681,2025-11-25,4800000.00,345600.00
R0008688,I000839-07,LN000839,2025-11-25,1622222.22,350400.00
R0008689,I000867-04,LN000867,2025-11-25,1800000.00,259200.00
R0008690,I000977-04,LN000977,2025-11-25,608333.34,87600.00
R0008691,I001001-01,LN001001,2025-11-25,120000.00,8640.00
R0008692,I001322-10,LN001322,2025-11-25,916666.66,132000.00
R0008693,I001453-09,LN001453,2025-11-25,2988888.88,322800.00
R0008694,I001488-08,LN001488,2025-11-25,533333.33,57600.00
R0008695,I001650-04,LN001650,2025-11-25,1116666.67,80400.00
R0008696,I001651-07,LN001651,2025-11-25,241666.67,34800.00
R0008697,I001788-04,LN001788,2025-11-25,4533333.33,326400.00
R0008698,I001812-06,LN001812,2025-11-25,3466666.66,249600.00
R0008699,I001831-03,LN001831,2025-11-25,408333.34,58800.00
R0008700,I000146-01,LN000146,2025-11-26,1416666.67,204000.00
R0008701,I000348-04,LN000348,2025-11-26,900000.00,97200.00
R0008702,I000710-01,LN000710,2025-11-26,1600000.00,57600.00
R0008703,I001254-01,LN001254,2025-11-26,2722222.23,294000.00
R0008704,I001358-10,LN001358,2025-11-26,1666666.66,240000.00
R0008705,I001429-08,LN001429,2025-11-26,2522222.22,272400.00
R0008706,I001615-07,LN001615,2025-11-26,1255555.56,271200.00
R0008707,I001758-11,LN001758,2025-11-26,1116666.66,160800.00
R0008708,I001847-04,LN001847,2025-11-26,2000000.00,288000.00
R0008709,I000464-13,LN000464,2025-11-27,544444.44,117600.00
R0008710,I000597-03,LN000597,2025-11-27,4680000.00,168480.00
R0008711,I000675-07,LN000675,2025-11-27,1391666.67,200400.00
R0008712,I000804-02,LN000804,2025-11-27,4050000.00,291600.00
R0008713,I000843-03,LN000843,2025-11-27,1633333.33,117600.00
R0008714,I000861-08,LN000861,2025-11-27,391666.67,56400.00
R0008715,I000876-03,LN000876,2025-11-27,5200000.00,187200.00
R0008716,I000915-02,LN000915,2025-11-27,2050000.00,295200.00
R0008717,I000930-09,LN000930,2025-11-27,825000.00,118800.00
R0008718,I000952-15,LN000952,2025-11-27,1072222.22,231600.00
R0008719,I001117-02,LN001117,2025-11-27,300000.00,21600.00
R0008720,I001201-09,LN001201,2025-11-27,325000.00,46800.00
R0008721,I001328-13,LN001328,2025-11-27,550000.00,118800.00
R0008722,I001335-11,LN001335,2025-11-27,1616666.67,349200.00
R0008723,I001410-04,LN001410,2025-11-27,1316666.67,284400.00
R0008724,I001432-02,LN001432,2025-11-27,4250000.00,306000.00
R0008725,I001665-06,LN001665,2025-11-27,2000000.00,216000.00
R0008726,I001672-06,LN001672,2025-11-27,150000.00,21600.00
R0008727,I001744-09,LN001744,2025-11-27,2450000.00,352800.00
R0008728,I001783-03,LN001783,2025-11-27,4833333.33,174000.00
R0008729,I001823-02,LN001823,2025-11-27,1758333.34,253200.00
R0008730,I001981-04,LN001981,2025-11-27,4633333.33,333600.00
R0008731,I001985-03,LN001985,2025-11-27,1488888.89,160800.00
R0008732,I000003-02,LN000003,2025-11-28,933333.34,134400.00
R0008733,I000051-05,LN000051,2025-11-28,266666.66,19200.00
R0008734,I000061-02,LN000061,2025-11-28,4033333.33,145200.00
R0008735,I000339-04,LN000339,2025-11-28,933333.33,100800.00
R0008736,I000368-01,LN000368,2025-11-28,9033333.34,325200.00
R0008737,I000397-14,LN000397,2025-11-28,483333.33,104400.00
R0008738,I000413-03,LN000413,2025-11-28,125000.00,18000.00
R0008739,I000547-02,LN000547,2025-11-28,1983333.34,142800.00
R0008740,I000556-15,LN000556,2025-11-28,1322222.22,285600.00
R0008741,I000609-04,LN000609,2025-11-28,2075000.00,298800.00
R0008742,I000646-12,LN000646,2025-11-28,376388.88,81300.00
R0008743,I000842-09,LN000842,2025-11-28,733333.33,105600.00
R0008744,I001001-03,LN001001,2025-11-28,300000.00,21600.00
R0008745,I001161-01,LN001161,2025-11-28,4066666.67,292800.00
R0008746,I001381-08,LN001381,2025-11-28,933333.33,201600.00
R0008747,I001458-02,LN001458,2025-11-28,2191666.67,315600.00
R0008748,I001548-04,LN001548,2025-11-28,2150000.00,309600.00
R0008749,I001554-02,LN001554,2025-11-28,1688888.89,182400.00
R0008750,I001623-05,LN001623,2025-11-28,766666.67,110400.00
R0008751,I001700-02,LN001700,2025-11-28,2983333.34,214800.00
R0008752,I001766-04,LN001766,2025-11-28,2911111.11,314400.00
R0008753,I001853-12,LN001853,2025-11-28,2175000.00,313200.00
R0008754,I000049-04,LN000049,2025-11-29,2266666.67,326400.00
R0008755,I000068-05,LN000068,2025-11-29,2000000.00,144000.00
R0008756,I000095-12,LN000095,2025-11-29,233333.33,50400.00
R0008757,I000214-02,LN000214,2025-11-29,1100000.00,158400.00
R0008758,I000297-03,LN000297,2025-11-29,2183333.34,314400.00
R0008759,I000564-01,LN000564,2025-11-29,716666.67,103200.00
R0008760,I000604-02,LN000604,2025-11-29,2450000.00,176400.00
R0008761,I000737-17,LN000737,2025-11-29,644444.44,139200.00
R0008762,I000764-04,LN000764,2025-11-29,216666.67,31200.00
R0008763,I000851-14,LN000851,2025-11-29,1222222.22,264000.00
R0008764,I000873-01,LN000873,2025-11-29,491666.67,70800.00
R0008765,I000874-01,LN000874,2025-11-29,350000.00,50400.00
R0008766,I000888-06,LN000888,2025-11-29,4966666.66,357600.00
R0008767,I001152-03,LN001152,2025-11-29,2283333.33,164400.00
R0008768,I001155-01,LN001155,2025-11-29,3266666.67,235200.00
R0008769,I001308-10,LN001308,2025-11-29,2241666.66,322800.00
R0008770,I001940-14,LN001940,2025-11-29,1122222.22,242400.00
R0008771,I000044-03,LN000044,2025-11-30,4333333.33,156000.00
R0008772,I000104-04,LN000104,2025-11-30,816666.67,58800.00
R0008773,I000141-12,LN000141,2025-11-30,1841666.66,265200.00
R0008774,I000199-06,LN000199,2025-11-30,2241666.67,322800.00
R0008775,I000416-08,LN000416,2025-11-30,400000.00,86400.00
R0008776,I000428-08,LN000428,2025-11-30,1661111.11,179400.00
R0008777,I000441-01,LN000441,2025-11-30,2216666.67,159600.00
R0008778,I000734-05,LN000734,2025-11-30,4550000.00,327600.00
R0008779,I000739-11,LN000739,2025-11-30,1294444.44,279600.00
R0008780,I000831-04,LN000831,2025-11-30,3255555.56,351600.00
R0008781,I000956-05,LN000956,2025-11-30,4883333.33,351600.00
R0008782,I000984-02,LN000984,2025-11-30,1266666.67,182400.00
R0008783,I000992-02,LN000992,2025-11-30,1833333.33,66000.00
R0008784,I001098-13,LN001098,2025-11-30,577777.78,124800.00
R0008785,I001111-08,LN001111,2025-11-30,158333.33,22800.00
R0008786,I001148-11,LN001148,2025-11-30,191666.66,27600.00
R0008787,I001179-06,LN001179,2025-11-30,783333.33,56400.00
R0008788,I001184-11,LN001184,2025-11-30,608333.33,87600.00
R0008789,I001527-06,LN001527,2025-11-30,2008333.33,289200.00
R0008790,I001640-04,LN001640,2025-11-30,700000.00,50400.00
R0008791,I001768-03,LN001768,2025-11-30,1116666.67,160800.00
R0008792,I001967-02,LN001967,2025-11-30,266666.67,19200.00
R0008793,I000026-16,LN000026,2025-12-01,977777.77,211200.00
R0008794,I000075-04,LN000075,2025-12-01,4766666.67,343200.00
R0008795,I000124-05,LN000124,2025-12-01,1122222.22,121200.00
R0008796,I000228-10,LN000228,2025-12-01,1172222.22,253200.00
R0008797,I000296-08,LN000296,2025-12-01,1600000.00,172800.00
R0008798,I000360-01,LN000360,2025-12-01,733333.34,26400.00
R0008799,I000643-08,LN000643,2025-12-01,2100000.00,302400.00
R0008800,I000700-11,LN000700,2025-12-01,1333333.33,192000.00
R0008801,I000793-02,LN000793,2025-12-01,1083333.34,78000.00
R0008802,I000817-08,LN000817,2025-12-01,858333.33,123600.00
R0008803,I001032-11,LN001032,2025-12-01,1166666.66,168000.00
R0008804,I001177-10,LN001177,2025-12-01,333333.33,48000.00
R0008805,I001270-03,LN001270,2025-12-01,3122222.22,337200.00
R0008806,I001732-02,LN001732,2025-12-01,1220833.33,175800.00
R0008807,I001738-08,LN001738,2025-12-01,1183333.33,170400.00
R0008808,I001804-02,LN001804,2025-12-01,183333.34,26400.00
R0008809,I001816-06,LN001816,2025-12-01,1600000.00,230400.00
R0008810,I001848-04,LN001848,2025-12-01,2150000.00,154800.00
R0008811,I001872-05,LN001872,2025-12-01,380555.55,82200.00
R0008812,I001949-04,LN001949,2025-12-01,322222.23,69600.00
R0008813,I000317-01,LN000317,2025-12-02,425000.00,61200.00
R0008814,I000371-08,LN000371,2025-12-02,2175000.00,313200.00
R0008815,I000548-03,LN000548,2025-12-02,9000000.00,324000.00
R0008816,I000568-08,LN000568,2025-12-02,1208333.33,174000.00
R0008817,I000668-06,LN000668,2025-12-02,761111.11,82200.00
R0008818,I000748-09,LN000748,2025-12-02,766666.66,82800.00
R0008819,I000800-15,LN000800,2025-12-02,511111.11,110400.00
R0008820,I000832-08,LN000832,2025-12-02,2900000.00,313200.00
R0008821,I000870-07,LN000870,2025-12-02,622222.22,67200.00
R0008822,I000876-02,LN000876,2025-12-02,5200000.00,187200.00
R0008823,I000930-08,LN000930,2025-12-02,412500.00,59400.00
R0008824,I001006-06,LN001006,2025-12-02,1444444.45,312000.00
R0008825,I001183-06,LN001183,2025-12-02,1108333.33,159600.00
R0008826,I001646-06,LN001646,2025-12-02,1883333.33,271200.00
R0008827,I001694-06,LN001694,2025-12-02,1216666.67,175200.00
R0008828,I001875-02,LN001875,2025-12-02,1200000.00,172800.00
R0008829,I001877-06,LN001877,2025-12-02,1227777.78,265200.00
R0008830,I001907-10,LN001907,2025-12-02,1708333.33,246000.00
R0008831,I000015-02,LN000015,2025-12-03,375000.00,54000.00
R0008832,I000167-01,LN000167,2025-12-03,2000000.00,288000.00
R0008833,I000332-06,LN000332,2025-12-03,2108333.33,303600.00
R0008834,I000411-05,LN000411,2025-12-03,1277777.78,276000.00
R0008835,I000674-11,LN000674,2025-12-03,425000.00,61200.00
R0008836,I000870-09,LN000870,2025-12-03,1617777.77,174720.00
R0008837,I001010-01,LN001010,2025-12-03,666666.67,96000.00
R0008838,I001019-11,LN001019,2025-12-03,1625000.00,234000.00
R0008839,I001064-10,LN001064,2025-12-03,2400000.00,345600.00
R0008840,I001441-02,LN001441,2025-12-03,408333.34,58800.00
R0008841,I001693-03,LN001693,2025-12-03,500000.00,72000.00
R0008842,I001730-01,LN001730,2025-12-03,916666.67,66000.00
R0008843,I001766-03,LN001766,2025-12-03,2911111.11,314400.00
R0008844,I001797-14,LN001797,2025-12-03,444444.44,96000.00
R0008845,I001824-01,LN001824,2025-12-03,3533333.34,254400.00
R0008846,I001825-02,LN001825,2025-12-03,966666.67,104400.00
R0008847,I000132-02,LN000132,2025-12-04,2125000.00,306000.00
R0008848,I000405-06,LN000405,2025-12-04,2391666.67,344400.00
R0008849,I000473-03,LN000473,2025-12-04,1638888.89,354000.00
R0008850,I000513-02,LN000513,2025-12-04,3950000.00,284400.00
R0008851,I000573-15,LN000573,2025-12-04,1583333.33,342000.00
R0008852,I000721-16,LN000721,2025-12-04,500000.00,108000.00
R0008853,I000817-09,LN000817,2025-12-04,858333.33,123600.00
R0008854,I001069-12,LN001069,2025-12-04,1405555.55,303600.00
R0008855,I001162-07,LN001162,2025-12-04,1213333.33,131040.00
R0008856,I001254-02,LN001254,2025-12-04,2722222.23,294000.00
R0008857,I001483-02,LN001483,2025-12-04,3633333.34,261600.00
R0008858,I001658-16,LN001658,2025-12-04,1072222.22,231600.00
R0008859,I001724-06,LN001724,2025-12-04,1200000.00,86400.00
R0008860,I001829-06,LN001829,2025-12-04,2566666.67,277200.00
R0008861,I001895-07,LN001895,2025-12-04,844444.44,91200.00
R0008862,I001944-07,LN001944,2025-12-04,633333.33,91200.00
R0008863,I000426-03,LN000426,2025-12-05,1225000.00,176400.00
R0008864,I000580-07,LN000580,2025-12-05,1677777.78,181200.00
R0008865,I000752-14,LN000752,2025-12-05,1627777.78,351600.00
R0008866,I000868-04,LN000868,2025-12-05,3311111.11,357600.00
R0008867,I001481-09,LN001481,2025-12-05,1525000.00,219600.00
R0008868,I001653-05,LN001653,2025-12-05,1291666.67,186000.00
R0008869,I001886-06,LN001886,2025-12-05,3716666.66,267600.00
R0008870,I000173-05,LN000173,2025-12-06,683333.33,98400.00
R0008871,I000193-06,LN000193,2025-12-06,344444.44,37200.00
R0008872,I000294-09,LN000294,2025-12-06,3244444.44,350400.00
R0008873,I000460-05,LN000460,2025-12-06,333333.33,48000.00
R0008874,I000626-04,LN000626,2025-12-06,1722222.22,186000.00
R0008875,I000932-04,LN000932,2025-12-06,1483333.34,213600.00
R0008876,I001267-08,LN001267,2025-12-06,1066666.67,153600.00
R0008877,I001367-01,LN001367,2025-12-06,1480000.00,106560.00
R0008878,I001505-05,LN001505,2025-12-06,291666.67,42000.00
R0008879,I001506-06,LN001506,2025-12-06,1172222.22,253200.00
R0008880,I001539-04,LN001539,2025-12-06,377777.78,81600.00
R0008881,I001557-05,LN001557,2025-12-06,1950000.00,140400.00
R0008882,I001581-04,LN001581,2025-12-06,138888.89,30000.00
R0008883,I001858-05,LN001858,2025-12-06,362500.00,52200.00
R0008884,I001881-03,LN001881,2025-12-06,1922222.22,207600.00
R0008885,I001889-10,LN001889,2025-12-06,1825000.00,262800.00
R0008886,I001971-04,LN001971,2025-12-06,2766666.67,199200.00
R0008887,I000086-09,LN000086,2025-12-07,1416666.67,306000.00
R0008888,I000205-10,LN000205,2025-12-07,1825000.00,262800.00
R0008889,I000400-02,LN000400,2025-12-07,2433333.34,350400.00
R0008890,I000797-09,LN000797,2025-12-07,452777.78,97800.00
R0008891,I001012-11,LN001012,2025-12-07,872222.22,188400.00
R0008892,I001072-04,LN001072,2025-12-07,2751666.66,198120.00
R0008893,I001072-05,LN001072,2025-12-07,4233333.33,304800.00
R0008894,I001220-02,LN001220,2025-12-07,923333.33,132960.00
R0008895,I001588-10,LN001588,2025-12-07,483333.33,69600.00
R0008896,I001849-07,LN001849,2025-12-07,541666.67,78000.00
R0008897,I001929-13,LN001929,2025-12-07,738888.89,159600.00
R0008898,I001943-01,LN001943,2025-12-07,1516666.67,218400.00
R0008899,I000005-13,LN000005,2025-12-08,300000.00,64800.00
R0008900,I000331-09,LN000331,2025-12-08,2408333.33,346800.00
R0008901,I000777-10,LN000777,2025-12-08,211111.11,45600.00
R0008902,I000782-06,LN000782,2025-12-08,5000000.00,360000.00
R0008903,I000796-16,LN000796,2025-12-08,1466666.66,316800.00
R0008904,I001131-11,LN001131,2025-12-08,966666.66,139200.00
R0008905,I001224-07,LN001224,2025-12-08,622222.22,134400.00
R0008906,I001295-04,LN001295,2025-12-08,3566666.67,256800.00
R0008907,I001343-05,LN001343,2025-12-08,83333.34,18000.00
R0008908,I001764-10,LN001764,2025-12-08,2433333.33,350400.00
R0008909,I001835-01,LN001835,2025-12-08,2141666.67,308400.00
R0008910,I001980-18,LN001980,2025-12-08,1250000.00,270000.00
R0008911,I000076-08,LN000076,2025-12-09,800000.00,115200.00
R0008912,I000124-06,LN000124,2025-12-09,1122222.22,121200.00
R0008913,I000140-05,LN000140,2025-12-09,1144444.44,123600.00
R0008914,I000188-05,LN000188,2025-12-09,4533333.33,326400.00
R0008915,I000252-07,LN000252,2025-12-09,2291666.67,330000.00
R0008916,I000255-02,LN000255,2025-12-09,1650000.00,118800.00
R0008917,I000343-07,LN000343,2025-12-09,1277777.78,138000.00
R0008918,I000439-07,LN000439,2025-12-09,261111.11,56400.00
R0008919,I000497-03,LN000497,2025-12-09,1758333.34,253200.00
R0008920,I000815-09,LN000815,2025-12-09,1500000.00,162000.00
R0008921,I000828-04,LN000828,2025-12-09,1622222.22,175200.00
R0008922,I000841-06,LN000841,2025-12-09,788888.89,170400.00
R0008923,I000965-03,LN000965,2025-12-09,4150000.00,298800.00
R0008924,I001260-01,LN001260,2025-12-09,1583333.34,114000.00
R0008925,I001273-03,LN001273,2025-12-09,2688888.89,290400.00
R0008926,I001283-05,LN001283,2025-12-09,1177777.78,127200.00
R0008927,I001286-07,LN001286,2025-12-09,2283333.33,328800.00
R0008928,I001293-02,LN001293,2025-12-09,3066666.67,110400.00
R0008929,I001430-12,LN001430,2025-12-09,488888.89,105600.00
R0008930,I001554-05,LN001554,2025-12-09,1688888.89,182400.00
R0008931,I001733-13,LN001733,2025-12-09,161111.11,34800.00
R0008932,I001740-01,LN001740,2025-12-09,400000.00,57600.00
R0008933,I001760-08,LN001760,2025-12-09,1466666.66,158400.00
R0008934,I001979-06,LN001979,2025-12-09,1613333.33,116160.00
R0008935,I000145-05,LN000145,2025-12-10,2300000.00,248400.00
R0008936,I000181-14,LN000181,2025-12-10,1561111.11,337200.00
R0008937,I000435-02,LN000435,2025-12-10,3500000.00,252000.00
R0008938,I000544-09,LN000544,2025-12-10,2408333.33,346800.00
R0008939,I000640-05,LN000640,2025-12-10,677777.78,73200.00
R0008940,I000838-05,LN000838,2025-12-10,3516666.66,253200.00
R0008941,I001141-02,LN001141,2025-12-10,1583333.34,114000.00
R0008942,I001340-02,LN001340,2025-12-10,241666.67,34800.00
R0008943,I001360-18,LN001360,2025-12-10,1000000.00,216000.00
R0008944,I001365-08,LN001365,2025-12-10,3011111.11,325200.00
R0008945,I001419-07,LN001419,2025-12-10,908333.33,130800.00
R0008946,I001507-03,LN001507,2025-12-10,566666.67,81600.00
R0008947,I001806-11,LN001806,2025-12-10,1133333.33,163200.00
R0008948,I001946-04,LN001946,2025-12-10,2191666.67,315600.00
R0008949,I000047-05,LN000047,2025-12-11,1216666.66,87600.00
R0008950,I000253-10,LN000253,2025-12-11,1577777.78,340800.00
R0008951,I000311-01,LN000311,2025-12-11,1800000.00,129600.00
R0008952,I000316-08,LN000316,2025-12-11,1975000.00,284400.00
R0008953,I000332-07,LN000332,2025-12-11,2108333.33,303600.00
R0008954,I000432-09,LN000432,2025-12-11,2158333.33,310800.00
R0008955,I000675-06,LN000675,2025-12-11,1391666.67,200400.00
R0008956,I000950-12,LN000950,2025-12-11,1525000.00,219600.00
R0008957,I001106-02,LN001106,2025-12-11,216666.67,15600.00
R0008958,I001320-07,LN001320,2025-12-11,1405555.56,303600.00
R0008959,I001347-03,LN001347,2025-12-11,8666666.66,312000.00
R0008960,I001418-02,LN001418,2025-12-11,533333.34,57600.00
R0008961,I001423-01,LN001423,2025-12-11,1758333.34,253200.00
R0008962,I001514-02,LN001514,2025-12-11,1066666.67,76800.00
R0008963,I001625-03,LN001625,2025-12-11,315555.55,68160.00
R0008964,I001667-06,LN001667,2025-12-11,522222.22,56400.00
R0008965,I001684-05,LN001684,2025-12-11,4500000.00,324000.00
R0008966,I001732-04,LN001732,2025-12-11,2441666.67,351600.00
R0008967,I000008-03,LN000008,2025-12-12,575000.00,82800.00
R0008968,I000249-03,LN000249,2025-12-12,583333.33,42000.00
R0008969,I000271-05,LN000271,2025-12-12,144444.45,31200.00
R0008970,I000310-12,LN000310,2025-12-12,2400000.00,345600.00
R0008971,I000489-12,LN000489,2025-12-12,191666.66,27600.00
R0008972,I000525-16,LN000525,2025-12-12,322222.22,69600.00
R0008973,I000708-09,LN000708,2025-12-12,1358333.33,195600.00
R0008974,I000858-06,LN000858,2025-12-12,2733333.33,196800.00
R0008975,I000992-01,LN000992,2025-12-12,1833333.34,66000.00
R0008976,I001082-08,LN001082,2025-12-12,633333.33,136800.00
R0008977,I001119-10,LN001119,2025-12-12,1500000.00,216000.00
R0008978,I001466-05,LN001466,2025-12-12,2722222.22,294000.00
R0008979,I001568-10,LN001568,2025-12-12,1441666.66,207600.00
R0008980,I001615-08,LN001615,2025-12-12,1255555.56,271200.00
R0008981,I001819-12,LN001819,2025-12-12,275000.00,39600.00
R0008982,I001936-05,LN001936,2025-12-12,4000000.00,288000.00
R0008983,I000083-14,LN000083,2025-12-13,1561111.11,337200.00
R0008984,I000196-06,LN000196,2025-12-13,1000000.00,216000.00
R0008985,I000435-03,LN000435,2025-12-13,3500000.00,252000.00
R0008986,I000518-09,LN000518,2025-12-13,2866666.66,309600.00
R0008987,I000684-01,LN000684,2025-12-13,2366666.67,340800.00
R0008988,I000723-12,LN000723,2025-12-13,1508333.33,217200.00
R0008989,I000854-07,LN000854,2025-12-13,1883333.33,271200.00
R0008990,I000915-03,LN000915,2025-12-13,2050000.00,295200.00
R0008991,I000969-04,LN000969,2025-12-13,920833.33,132600.00
R0008992,I001121-01,LN001121,2025-12-13,2900000.00,208800.00
R0008993,I001278-11,LN001278,2025-12-13,2108333.33,303600.00
R0008994,I001353-02,LN001353,2025-12-13,1211111.12,261600.00
R0008995,I001426-04,LN001426,2025-12-13,494444.45,106800.00
R0008996,I001625-04,LN001625,2025-12-13,788888.89,170400.00
R0008997,I001736-11,LN001736,2025-12-13,1041666.66,150000.00
R0008998,I001758-12,LN001758,2025-12-13,1116666.66,160800.00
R0008999,I001860-12,LN001860,2025-12-13,1366666.66,196800.00
R0009000,I001962-04,LN001962,2025-12-13,323611.11,69900.00
R0009001,I000084-16,LN000084,2025-12-14,294444.44,63600.00
R0009002,I000285-12,LN000285,2025-12-14,958333.33,138000.00
R0009003,I000606-10,LN000606,2025-12-14,2441666.66,351600.00
R0009004,I000820-07,LN000820,2025-12-14,1188888.89,256800.00
R0009005,I001029-04,LN001029,2025-12-14,866666.67,124800.00
R0009006,I001146-06,LN001146,2025-12-14,816666.66,58800.00
R0009007,I001524-04,LN001524,2025-12-14,1023750.00,147420.00
R0009008,I001752-09,LN001752,2025-12-14,244444.44,26400.00
R0009009,I001768-02,LN001768,2025-12-14,1116666.67,160800.00
R0009010,I001962-06,LN001962,2025-12-14,1294444.45,279600.00
R0009011,I001981-05,LN001981,2025-12-14,4633333.33,333600.00
R0009012,I000068-06,LN000068,2025-12-15,2000000.00,144000.00
R0009013,I000174-14,LN000174,2025-12-15,1500000.00,324000.00
R0009014,I000345-02,LN000345,2025-12-15,608333.34,87600.00
R0009015,I000482-03,LN000482,2025-12-15,925000.00,133200.00
R0009016,I000608-05,LN000608,2025-12-15,633333.34,136800.00
R0009017,I000685-03,LN000685,2025-12-15,1491666.67,214800.00
R0009018,I000874-03,LN000874,2025-12-15,350000.00,50400.00
R0009019,I001355-11,LN001355,2025-12-15,233333.33,33600.00
R0009020,I001425-08,LN001425,2025-12-15,1661111.11,358800.00
R0009021,I001849-08,LN001849,2025-12-15,541666.67,78000.00
R0009022,I001856-04,LN001856,2025-12-15,2955555.56,319200.00
R0009023,I000013-08,LN000013,2025-12-16,2491666.67,358800.00
R0009024,I000171-07,LN000171,2025-12-16,1111111.11,120000.00
R0009025,I000199-07,LN000199,2025-12-16,2241666.67,322800.00
R0009026,I000329-06,LN000329,2025-12-16,4033333.33,290400.00
R0009027,I000336-02,LN000336,2025-12-16,191666.67,27600.00
R0009028,I000462-05,LN000462,2025-12-16,2050000.00,295200.00
R0009029,I000488-03,LN000488,2025-12-16,2850000.00,205200.00
R0009030,I000516-08,LN000516,2025-12-16,1216666.67,175200.00
R0009031,I000544-12,LN000544,2025-12-16,2408333.33,346800.00
R0009032,I000569-07,LN000569,2025-12-16,2744444.44,296400.00
R0009033,I000607-04,LN000607,2025-12-16,933333.33,67200.00
R0009034,I000762-08,LN000762,2025-12-16,1875000.00,270000.00
R0009035,I000803-10,LN000803,2025-12-16,1666666.66,240000.00
R0009036,I000969-06,LN000969,2025-12-16,1841666.67,265200.00
R0009037,I001007-06,LN001007,2025-12-16,488888.89,105600.00
R0009038,I001076-11,LN001076,2025-12-16,2333333.33,336000.00
R0009039,I001103-06,LN001103,2025-12-16,1688888.89,182400.00
R0009040,I001140-04,LN001140,2025-12-16,875000.00,126000.00
R0009041,I001181-10,LN001181,2025-12-16,300000.00,43200.00
R0009042,I001181-11,LN001181,2025-12-16,600000.00,86400.00
R0009043,I001215-01,LN001215,2025-12-16,2433333.34,87600.00
R0009044,I001381-10,LN001381,2025-12-16,933333.33,201600.00
R0009045,I001460-10,LN001460,2025-12-16,873888.88,188760.00
R0009046,I001488-09,LN001488,2025-12-16,533333.33,57600.00
R0009047,I001631-03,LN001631,2025-12-16,1258333.34,181200.00
R0009048,I001719-07,LN001719,2025-12-16,300000.00,43200.00
R0009049,I001788-05,LN001788,2025-12-16,4533333.33,326400.00
R0009050,I001915-02,LN001915,2025-12-16,791666.67,114000.00
R0009051,I001968-02,LN001968,2025-12-16,8900000.00,320400.00
R0009052,I001999-11,LN001999,2025-12-16,1600000.00,345600.00
R0009053,I000108-02,LN000108,2025-12-17,1016666.67,146400.00
R0009054,I000138-03,LN000138,2025-12-17,2788888.89,301200.00
R0009055,I000406-03,LN000406,2025-12-17,300000.00,43200.00
R0009056,I000748-08,LN000748,2025-12-17,3066666.66,331200.00
R0009057,I000750-12,LN000750,2025-12-17,741666.66,106800.00
R0009058,I001023-03,LN001023,2025-12-17,9433333.33,339600.00
R0009059,I001026-05,LN001026,2025-12-17,2966666.66,213600.00
R0009060,I001038-04,LN001038,2025-12-17,350000.00,25200.00
R0009061,I001101-03,LN001101,2025-12-17,4166666.67,300000.00
R0009062,I001220-04,LN001220,2025-12-17,2308333.34,332400.00
R0009063,I001454-05,LN001454,2025-12-17,384583.33,55380.00
R0009064,I001492-05,LN001492,2025-12-17,4766666.66,343200.00
R0009065,I001520-03,LN001520,2025-12-17,650000.00,140400.00
R0009066,I001524-06,LN001524,2025-12-17,1575000.00,226800.00
R0009067,I001605-01,LN001605,2025-12-17,2266666.67,326400.00
R0009068,I001738-10,LN001738,2025-12-17,1538333.32,221520.00
R0009069,I001876-02,LN001876,2025-12-17,4550000.00,327600.00
R0009070,I001890-04,LN001890,2025-12-17,433333.34,62400.00
R0009071,I001949-05,LN001949,2025-12-17,322222.22,69600.00
R0009072,I001997-12,LN001997,2025-12-17,1025000.00,147600.00
R0009073,I000681-04,LN000681,2025-12-18,4800000.00,345600.00
R0009074,I000991-02,LN000991,2025-12-18,671666.67,72540.00
R0009075,I001005-01,LN001005,2025-12-18,377777.78,40800.00
R0009076,I001066-01,LN001066,2025-12-18,944444.45,102000.00
R0009077,I001279-18,LN001279,2025-12-18,688888.88,148800.00
R0009078,I001646-08,LN001646,2025-12-18,1883333.33,271200.00
R0009079,I001650-05,LN001650,2025-12-18,1116666.66,80400.00
R0009080,I001908-03,LN001908,2025-12-18,2266666.67,244800.00
R0009081,I001927-01,LN001927,2025-12-18,8433333.34,303600.00
R0009082,I000046-03,LN000046,2025-12-19,1833333.34,264000.00
R0009083,I000099-02,LN000099,2025-12-19,983333.34,141600.00
R0009084,I000245-04,LN000245,2025-12-19,2225000.00,320400.00
R0009085,I000311-02,LN000311,2025-12-19,1800000.00,129600.00
R0009086,I000439-08,LN000439,2025-12-19,261111.11,56400.00
R0009087,I000480-02,LN000480,2025-12-19,516666.67,111600.00
R0009088,I000617-05,LN000617,2025-12-19,1658333.33,238800.00
R0009089,I000953-01,LN000953,2025-12-19,2860000.00,205920.00
R0009090,I001017-02,LN001017,2025-12-19,4483333.34,322800.00
R0009091,I001164-08,LN001164,2025-12-19,1133333.33,122400.00
R0009092,I001214-06,LN001214,2025-12-19,416666.67,60000.00
R0009093,I001218-02,LN001218,2025-12-19,516666.67,74400.00
R0009094,I001349-14,LN001349,2025-12-19,977777.78,211200.00
R0009095,I001471-08,LN001471,2025-12-19,475000.00,68400.00
R0009096,I001517-01,LN001517,2025-12-19,1077777.78,232800.00
R0009097,I001527-04,LN001527,2025-12-19,2008333.34,289200.00
R0009098,I001595-01,LN001595,2025-12-19,858333.34,123600.00
R0009099,I001847-05,LN001847,2025-12-19,2000000.00,288000.00
R0009100,I001986-04,LN001986,2025-12-19,600000.00,86400.00
R0009101,I000049-05,LN000049,2025-12-20,2266666.67,326400.00
R0009102,I000182-10,LN000182,2025-12-20,625000.00,90000.00
R0009103,I000297-04,LN000297,2025-12-20,2183333.34,314400.00
R0009104,I000507-10,LN000507,2025-12-20,1691666.66,243600.00
R0009105,I000718-08,LN000718,2025-12-20,1533333.33,220800.00
R0009106,I000798-08,LN000798,2025-12-20,1741666.67,250800.00
R0009107,I000856-10,LN000856,2025-12-20,1633333.33,235200.00
R0009108,I000982-09,LN000982,2025-12-20,988888.89,213600.00
R0009109,I000991-03,LN000991,2025-12-20,1033333.34,111600.00
R0009110,I001239-01,LN001239,2025-12-20,2233333.34,241200.00
R0009111,I001477-03,LN001477,2025-12-20,1450000.00,208800.00
R0009112,I001601-10,LN001601,2025-12-20,2166666.66,312000.00
R0009113,I001821-11,LN001821,2025-12-20,2308333.33,332400.00
R0009114,I000032-11,LN000032,2025-12-21,841666.66,121200.00
R0009115,I000119-09,LN000119,2025-12-21,2375000.00,342000.00
R0009116,I000318-01,LN000318,2025-12-21,1283333.34,277200.00
R0009117,I000348-05,LN000348,2025-12-21,900000.00,97200.00
R0009118,I000398-09,LN000398,2025-12-21,375000.00,81000.00
R0009119,I000739-12,LN000739,2025-12-21,1294444.44,279600.00
R0009120,I001053-17,LN001053,2025-12-21,183333.33,39600.00
R0009121,I001068-03,LN001068,2025-12-21,316666.66,11400.00
R0009122,I001292-03,LN001292,2025-12-21,366666.67,52800.00
R0009123,I001418-03,LN001418,2025-12-21,533333.34,57600.00
R0009124,I001633-07,LN001633,2025-12-21,2300000.00,248400.00
R0009125,I001688-02,LN001688,2025-12-21,2344444.45,253200.00
R0009126,I001746-03,LN001746,2025-12-21,166666.67,24000.00
R0009127,I001766-05,LN001766,2025-12-21,2911111.11,314400.00
R0009128,I001891-04,LN001891,2025-12-21,433333.33,31200.00
R0009129,I001975-06,LN001975,2025-12-21,357500.00,25740.00
R0009130,I001984-06,LN001984,2025-12-21,3683333.33,265200.00
R0009131,I000043-01,LN000043,2025-12-22,766666.67,55200.00
R0009132,I000426-04,LN000426,2025-12-22,1225000.00,176400.00
R0009133,I000471-03,LN000471,2025-12-22,1150000.00,248400.00
R0009134,I000594-03,LN000594,2025-12-22,3550000.00,255600.00
R0009135,I000604-03,LN000604,2025-12-22,2450000.00,176400.00
R0009136,I000756-02,LN000756,2025-12-22,3300000.00,118800.00
R0009137,I000805-01,LN000805,2025-12-22,2416666.67,174000.00
R0009138,I000843-04,LN000843,2025-12-22,1633333.33,117600.00
R0009139,I000881-03,LN000881,2025-12-22,700000.00,100800.00
R0009140,I001252-04,LN001252,2025-12-22,2133333.34,307200.00
R0009141,I001270-04,LN001270,2025-12-22,3122222.22,337200.00
R0009142,I001327-08,LN001327,2025-12-22,608333.33,87600.00
R0009143,I001433-08,LN001433,2025-12-22,1216666.67,175200.00
R0009144,I001490-01,LN001490,2025-12-22,2322222.23,250800.00
R0009145,I001668-16,LN001668,2025-12-22,388888.89,84000.00
R0009146,I001833-01,LN001833,2025-12-22,2533333.34,182400.00
R0009147,I001850-01,LN001850,2025-12-22,1833333.34,198000.00
R0009148,I001858-07,LN001858,2025-12-22,580000.00,83520.00
R0009149,I001926-07,LN001926,2025-12-22,2022222.22,218400.00
R0009150,I000150-06,LN000150,2025-12-23,72916.66,10500.00
R0009151,I000336-03,LN000336,2025-12-23,191666.67,27600.00
R0009152,I000398-10,LN000398,2025-12-23,750000.00,162000.00
R0009153,I000414-08,LN000414,2025-12-23,1238888.89,267600.00
R0009154,I000502-09,LN000502,2025-12-23,391666.66,56400.00
R0009155,I000608-06,LN000608,2025-12-23,633333.34,136800.00
R0009156,I000839-08,LN000839,2025-12-23,1622222.22,350400.00
R0009157,I000860-03,LN000860,2025-12-23,1466666.67,105600.00
R0009158,I000885-06,LN000885,2025-12-23,1777777.78,192000.00
R0009159,I000918-03,LN000918,2025-12-23,5766666.66,207600.00
R0009160,I000994-06,LN000994,2025-12-23,888888.89,192000.00
R0009161,I001262-03,LN001262,2025-12-23,400000.00,86400.00
R0009162,I001355-12,LN001355,2025-12-23,233333.33,33600.00
R0009163,I001539-05,LN001539,2025-12-23,377777.78,81600.00
R0009164,I001544-10,LN001544,2025-12-23,305555.56,66000.00
R0009165,I001613-09,LN001613,2025-12-23,1591666.66,229200.00
R0009166,I001652-04,LN001652,2025-12-23,2022222.22,218400.00
R0009167,I001715-05,LN001715,2025-12-23,4733333.33,340800.00
R0009168,I001786-07,LN001786,2025-12-23,2316666.67,333600.00
R0009169,I000004-02,LN000004,2025-12-24,1200000.00,259200.00
R0009170,I000214-03,LN000214,2025-12-24,1100000.00,158400.00
R0009171,I000293-15,LN000293,2025-12-24,1100000.00,237600.00
R0009172,I000337-02,LN000337,2025-12-24,1133333.34,81600.00
R0009173,I000370-05,LN000370,2025-12-24,1855555.56,200400.00
R0009174,I000445-09,LN000445,2025-12-24,350000.00,50400.00
R0009175,I000564-02,LN000564,2025-12-24,716666.67,103200.00
R0009176,I000607-05,LN000607,2025-12-24,933333.33,67200.00
R0009177,I000886-02,LN000886,2025-12-24,2733333.34,196800.00
R0009178,I001037-02,LN001037,2025-12-24,208333.34,30000.00
R0009179,I001267-10,LN001267,2025-12-24,1066666.66,153600.00
R0009180,I001408-03,LN001408,2025-12-24,1733333.34,187200.00
R0009181,I001593-03,LN001593,2025-12-24,4183333.33,301200.00
R0009182,I001712-04,LN001712,2025-12-24,1633333.33,117600.00
R0009183,I001784-10,LN001784,2025-12-24,2391666.66,344400.00
R0009184,I001911-08,LN001911,2025-12-24,733333.33,79200.00
R0009185,I000169-01,LN000169,2025-12-25,227777.78,49200.00
R0009186,I000345-03,LN000345,2025-12-25,608333.34,87600.00
R0009187,I000375-12,LN000375,2025-12-25,1450000.00,208800.00
R0009188,I000489-11,LN000489,2025-12-25,191666.66,27600.00
R0009189,I000500-02,LN000500,2025-12-25,4433333.34,319200.00
R0009190,I000602-11,LN000602,2025-12-25,1733333.33,249600.00
R0009191,I000664-17,LN000664,2025-12-25,883333.33,190800.00
R0009192,I000670-07,LN000670,2025-12-25,441666.67,63600.00
R0009193,I000685-04,LN000685,2025-12-25,1491666.67,214800.00
R0009194,I000861-09,LN000861,2025-12-25,391666.66,56400.00
R0009195,I001068-01,LN001068,2025-12-25,633333.34,22800.00
R0009196,I001224-08,LN001224,2025-12-25,622222.22,134400.00
R0009197,I001268-06,LN001268,2025-12-25,2083333.33,300000.00
R0009198,I001492-06,LN001492,2025-12-25,4766666.66,343200.00
R0009199,I001533-13,LN001533,2025-12-25,84444.44,18240.00
R0009200,I001671-05,LN001671,2025-12-25,1316666.67,189600.00
R0009201,I001728-01,LN001728,2025-12-25,208888.89,45120.00
R0009202,I001733-14,LN001733,2025-12-25,161111.11,34800.00
R0009203,I001811-09,LN001811,2025-12-25,1300000.00,140400.00
R0009204,I001827-16,LN001827,2025-12-25,1405555.55,303600.00
R0009205,I001831-04,LN001831,2025-12-25,408333.34,58800.00
R0009206,I001897-06,LN001897,2025-12-25,2316666.66,166800.00
R0009207,I000306-10,LN000306,2025-12-26,433333.33,62400.00
R0009208,I000317-02,LN000317,2025-12-26,425000.00,61200.00
R0009209,I000392-07,LN000392,2025-12-26,150000.00,32400.00
R0009210,I000397-15,LN000397,2025-12-26,483333.33,104400.00
R0009211,I000401-11,LN000401,2025-12-26,750000.00,108000.00
R0009212,I000516-09,LN000516,2025-12-26,1216666.66,175200.00
R0009213,I000547-03,LN000547,2025-12-26,1983333.33,142800.00
R0009214,I000726-01,LN000726,2025-12-26,933333.34,134400.00
R0009215,I000832-09,LN000832,2025-12-26,2900000.00,313200.00
R0009216,I001214-07,LN001214,2025-12-26,416666.67,60000.00
R0009217,I001225-08,LN001225,2025-12-26,508333.33,73200.00
R0009218,I001257-09,LN001257,2025-12-26,526666.66,113760.00
R0009219,I001527-07,LN001527,2025-12-26,2008333.33,289200.00
R0009220,I001533-15,LN001533,2025-12-26,211111.11,45600.00
R0009221,I001548-05,LN001548,2025-12-26,2150000.00,309600.00
R0009222,I000046-04,LN000046,2025-12-27,1833333.34,264000.00
R0009223,I000207-05,LN000207,2025-12-27,1041666.67,150000.00
R0009224,I000245-05,LN000245,2025-12-27,2225000.00,320400.00
R0009225,I000261-01,LN000261,2025-12-27,4883333.34,351600.00
R0009226,I000291-06,LN000291,2025-12-27,1008333.33,145200.00
R0009227,I000416-09,LN000416,2025-12-27,1000000.00,216000.00
R0009228,I000643-09,LN000643,2025-12-27,2100000.00,302400.00
R0009229,I000661-01,LN000661,2025-12-27,2133333.34,230400.00
R0009230,I000668-07,LN000668,2025-12-27,3044444.44,328800.00
R0009231,I000675-08,LN000675,2025-12-27,1391666.67,200400.00
R0009232,I000867-05,LN000867,2025-12-27,1800000.00,259200.00
R0009233,I001032-12,LN001032,2025-12-27,1166666.66,168000.00
R0009234,I001348-18,LN001348,2025-12-27,105555.55,22800.00
R0009235,I001410-05,LN001410,2025-12-27,1316666.67,284400.00
R0009236,I001429-09,LN001429,2025-12-27,2522222.22,272400.00
R0009237,I001454-07,LN001454,2025-12-27,591666.67,85200.00
R0009238,I001505-06,LN001505,2025-12-27,291666.67,42000.00
R0009239,I001665-07,LN001665,2025-12-27,2000000.00,216000.00
R0009240,I001672-07,LN001672,2025-12-27,150000.00,21600.00
R0009241,I001823-03,LN001823,2025-12-27,1758333.34,253200.00
R0009242,I000146-02,LN000146,2025-12-28,1416666.67,204000.00
R0009243,I000339-05,LN000339,2025-12-28,933333.33,100800.00
R0009244,I000530-03,LN000530,2025-12-28,1866666.67,134400.00
R0009245,I000568-09,LN000568,2025-12-28,1208333.33,174000.00
R0009246,I000679-06,LN000679,2025-12-28,925000.00,133200.00
R0009247,I000792-11,LN000792,2025-12-28,1941666.66,279600.00
R0009248,I000899-03,LN000899,2025-12-28,1166666.67,168000.00
R0009249,I001098-14,LN001098,2025-12-28,577777.78,124800.00
R0009250,I001152-02,LN001152,2025-12-28,1484166.67,106860.00
R0009251,I001157-07,LN001157,2025-12-28,266666.66,28800.00
R0009252,I001366-01,LN001366,2025-12-28,625000.00,90000.00
R0009253,I001435-02,LN001435,2025-12-28,2100000.00,151200.00
R0009254,I001511-01,LN001511,2025-12-28,3400000.00,244800.00
R0009255,I001588-11,LN001588,2025-12-28,483333.33,69600.00
R0009256,I001732-05,LN001732,2025-12-28,2441666.67,351600.00
R0009257,I001777-04,LN001777,2025-12-28,1211111.11,261600.00
R0009258,I001973-01,LN001973,2025-12-28,1711111.12,184800.00
R0009259,I000026-17,LN000026,2025-12-29,977777.77,211200.00
R0009260,I000095-13,LN000095,2025-12-29,233333.33,50400.00
R0009261,I000164-15,LN000164,2025-12-29,822222.22,177600.00
R0009262,I000334-04,LN000334,2025-12-29,1383333.34,298800.00
R0009263,I000445-08,LN000445,2025-12-29,175000.00,25200.00
R0009264,I000593-01,LN000593,2025-12-29,4466666.67,321600.00
R0009265,I000670-08,LN000670,2025-12-29,441666.67,63600.00
R0009266,I000700-12,LN000700,2025-12-29,1333333.33,192000.00
R0009267,I000873-02,LN000873,2025-12-29,491666.67,70800.00
R0009268,I001400-01,LN001400,2025-12-29,2333333.34,336000.00
R0009269,I001409-09,LN001409,2025-12-29,650000.00,93600.00
R0009270,I001494-01,LN001494,2025-12-29,1483333.34,213600.00
R0009271,I001506-07,LN001506,2025-12-29,1172222.22,253200.00
R0009272,I001620-06,LN001620,2025-12-29,1108333.33,159600.00
R0009273,I001631-02,LN001631,2025-12-29,1258333.34,181200.00
R0009274,I001744-10,LN001744,2025-12-29,2450000.00,352800.00
R0009275,I001940-15,LN001940,2025-12-29,1122222.22,242400.00
R0009276,I000006-07,LN000006,2025-12-30,1083333.33,156000.00
R0009277,I000079-06,LN000079,2025-12-30,2183333.33,157200.00
R0009278,I000330-03,LN000330,2025-12-30,280000.00,40320.00
R0009279,I000441-02,LN000441,2025-12-30,2216666.67,159600.00
R0009280,I000841-07,LN000841,2025-12-30,788888.89,170400.00
R0009281,I000992-03,LN000992,2025-12-30,1833333.33,66000.00
R0009282,I001174-10,LN001174,2025-12-30,2108333.33,303600.00
R0009283,I001214-08,LN001214,2025-12-30,416666.67,60000.00
R0009284,I001499-05,LN001499,2025-12-30,2700000.00,291600.00
R0009285,I001700-03,LN001700,2025-12-30,2983333.33,214800.00
R0009286,I001717-01,LN001717,2025-12-30,3300000.00,356400.00
R0009287,I000043-02,LN000043,2025-12-31,766666.67,55200.00
R0009288,I000247-07,LN000247,2025-12-31,2366666.67,340800.00
R0009289,I000658-03,LN000658,2025-12-31,226666.66,24480.00
R0009290,I000677-08,LN000677,2025-12-31,416666.67,90000.00
R0009291,I000752-15,LN000752,2025-12-31,1627777.77,351600.00
R0009292,I000797-10,LN000797,2025-12-31,905555.56,195600.00
R0009293,I000805-02,LN000805,2025-12-31,2416666.67,174000.00
R0009294,I001148-12,LN001148,2025-12-31,191666.66,27600.00
R0009295,I001152-04,LN001152,2025-12-31,2283333.33,164400.00
R0009296,I001314-05,LN001314,2025-12-31,3533333.33,254400.00
R0009297,I001546-10,LN001546,2025-12-31,1525000.00,219600.00
R0009298,I001589-15,LN001589,2025-12-31,1294444.44,279600.00
R0009299,I001640-05,LN001640,2025-12-31,700000.00,50400.00
R0009300,I001725-07,LN001725,2025-12-31,1944444.44,210000.00
R0009301,I000076-09,LN000076,2026-01-01,800000.00,115200.00
R0009302,I000133-01,LN000133,2026-01-01,2175000.00,313200.00
R0009303,I000167-02,LN000167,2026-01-01,2000000.00,288000.00
R0009304,I000582-01,LN000582,2026-01-01,950000.00,34200.00
R0009305,I000674-12,LN000674,2026-01-01,425000.00,61200.00
R0009306,I000728-15,LN000728,2026-01-01,516666.66,111600.00
R0009307,I000956-06,LN000956,2026-01-01,4883333.33,351600.00
R0009308,I000984-03,LN000984,2026-01-01,1266666.67,182400.00
R0009309,I001111-09,LN001111,2026-01-01,158333.33,22800.00
R0009310,I001268-07,LN001268,2026-01-01,2083333.33,300000.00
R0009311,I001273-04,LN001273,2026-01-01,2688888.89,290400.00
R0009312,I001606-03,LN001606,2026-01-01,761111.11,164400.00
R0009313,I001825-03,LN001825,2026-01-01,966666.67,104400.00
R0009314,I001899-08,LN001899,2026-01-01,425000.00,61200.00
R0009315,I001967-03,LN001967,2026-01-01,266666.67,19200.00
R0009316,I001997-11,LN001997,2026-01-01,1025000.00,147600.00
R0009317,I000016-07,LN000016,2026-01-02,783333.33,169200.00
R0009318,I000078-01,LN000078,2026-01-02,644444.45,139200.00
R0009319,I000132-03,LN000132,2026-01-02,2125000.00,306000.00
R0009320,I000237-18,LN000237,2026-01-02,1400000.00,302400.00
R0009321,I000400-03,LN000400,2026-01-02,2433333.34,350400.00
R0009322,I000436-10,LN000436,2026-01-02,1091666.66,157200.00
R0009323,I000462-06,LN000462,2026-01-02,2050000.00,295200.00
R0009324,I000507-09,LN000507,2026-01-02,1691666.66,243600.00
R0009325,I000735-03,LN000735,2026-01-02,4433333.33,319200.00
R0009326,I000744-08,LN000744,2026-01-02,525000.00,75600.00
R0009327,I001058-03,LN001058,2026-01-02,533333.34,76800.00
R0009328,I001072-06,LN001072,2026-01-02,4233333.33,304800.00
R0009329,I001442-02,LN001442,2026-01-02,455555.56,49200.00
R0009330,I001730-02,LN001730,2026-01-02,916666.67,66000.00
R0009331,I001899-09,LN001899,2026-01-02,850000.00,122400.00
R0009332,I001907-11,LN001907,2026-01-02,1708333.33,246000.00
R0009333,I001985-04,LN001985,2026-01-02,1488888.89,160800.00
R0009334,I000015-03,LN000015,2026-01-03,375000.00,54000.00
R0009335,I000075-05,LN000075,2026-01-03,4766666.66,343200.00
R0009336,I000181-15,LN000181,2026-01-03,1561111.11,337200.00
R0009337,I000260-07,LN000260,2026-01-03,2475000.00,356400.00
R0009338,I000296-09,LN000296,2026-01-03,1600000.00,172800.00
R0009339,I000660-02,LN000660,2026-01-03,1791666.67,258000.00
R0009340,I000777-11,LN000777,2026-01-03,211111.11,45600.00
R0009341,I000842-10,LN000842,2026-01-03,733333.33,105600.00
R0009342,I001064-11,LN001064,2026-01-03,2400000.00,345600.00
R0009343,I001115-05,LN001115,2026-01-03,691666.66,49800.00
R0009344,I001174-09,LN001174,2026-01-03,527083.33,75900.00
R0009345,I001242-01,LN001242,2026-01-03,2375000.00,342000.00
R0009346,I001322-11,LN001322,2026-01-03,916666.66,132000.00
R0009347,I001481-10,LN001481,2026-01-03,1525000.00,219600.00
R0009348,I001512-05,LN001512,2026-01-03,2533333.33,182400.00
R0009349,I001653-06,LN001653,2026-01-03,1291666.67,186000.00
R0009350,I001719-08,LN001719,2026-01-03,600000.00,86400.00
R0009351,I001816-07,LN001816,2026-01-03,1600000.00,230400.00
R0009352,I001824-02,LN001824,2026-01-03,3533333.34,254400.00
R0009353,I000124-07,LN000124,2026-01-04,1122222.22,121200.00
R0009354,I000173-06,LN000173,2026-01-04,683333.33,98400.00
R0009355,I000241-18,LN000241,2026-01-04,766666.66,165600.00
R0009356,I000259-09,LN000259,2026-01-04,288888.89,62400.00
R0009357,I000473-04,LN000473,2026-01-04,1638888.89,354000.00
R0009358,I000493-08,LN000493,2026-01-04,677777.77,73200.00
R0009359,I000513-03,LN000513,2026-01-04,3950000.00,284400.00
R0009360,I000532-11,LN000532,2026-01-04,1308333.33,188400.00
R0009361,I000826-04,LN000826,2026-01-04,1116666.67,80400.00
R0009362,I000828-05,LN000828,2026-01-04,1622222.22,175200.00
R0009363,I000851-15,LN000851,2026-01-04,1222222.22,264000.00
R0009364,I000952-16,LN000952,2026-01-04,1072222.22,231600.00
R0009365,I000982-08,LN000982,2026-01-04,988888.89,213600.00
R0009366,I001037-03,LN001037,2026-01-04,208333.34,30000.00
R0009367,I001162-08,LN001162,2026-01-04,3033333.33,327600.00
R0009368,I001254-03,LN001254,2026-01-04,2722222.22,294000.00
R0009369,I001436-01,LN001436,2026-01-04,4583333.34,330000.00
R0009370,I001474-03,LN001474,2026-01-04,1041666.67,150000.00
R0009371,I001581-05,LN001581,2026-01-04,138888.89,30000.00
R0009372,I001738-11,LN001738,2026-01-04,2366666.66,340800.00
R0009373,I001829-07,LN001829,2026-01-04,2566666.66,277200.00
R0009374,I001867-12,LN001867,2026-01-04,1034583.32,148980.00
R0009375,I001869-01,LN001869,2026-01-04,975000.00,70200.00
R0009376,I001889-11,LN001889,2026-01-04,1825000.00,262800.00
R0009377,I001895-08,LN001895,2026-01-04,844444.44,91200.00
R0009378,I000464-14,LN000464,2026-01-05,544444.44,117600.00
R0009379,I000511-01,LN000511,2026-01-05,2583333.34,186000.00
R0009380,I000525-17,LN000525,2026-01-05,322222.22,69600.00
R0009381,I000577-01,LN000577,2026-01-05,3011111.12,325200.00
R0009382,I000611-01,LN000611,2026-01-05,350000.00,50400.00
R0009383,I000731-01,LN000731,2026-01-05,2091666.67,301200.00
R0009384,I000923-02,LN000923,2026-01-05,2033333.34,292800.00
R0009385,I000954-02,LN000954,2026-01-05,275000.00,39600.00
R0009386,I000985-07,LN000985,2026-01-05,1211111.11,130800.00
R0009387,I001012-12,LN001012,2026-01-05,872222.22,188400.00
R0009388,I001095-01,LN001095,2026-01-05,433333.34,62400.00
R0009389,I001334-01,LN001334,2026-01-05,683333.34,49200.00
R0009390,I001335-12,LN001335,2026-01-05,1616666.67,349200.00
R0009391,I001510-05,LN001510,2026-01-05,2341666.67,337200.00
R0009392,I001568-11,LN001568,2026-01-05,1441666.66,207600.00
R0009393,I001586-04,LN001586,2026-01-05,1516666.67,218400.00
R0009394,I001671-06,LN001671,2026-01-05,1316666.67,189600.00
R0009395,I001797-15,LN001797,2026-01-05,444444.44,96000.00
R0009396,I000038-01,LN000038,2026-01-06,433333.34,46800.00
R0009397,I000070-02,LN000070,2026-01-06,624444.44,134880.00
R0009398,I000193-07,LN000193,2026-01-06,344444.44,37200.00
R0009399,I000368-02,LN000368,2026-01-06,9033333.33,325200.00
R0009400,I000573-16,LN000573,2026-01-06,1583333.33,342000.00
R0009401,I000744-09,LN000744,2026-01-06,525000.00,75600.00
R0009402,I000796-17,LN000796,2026-01-06,1466666.66,316800.00
R0009403,I000798-06,LN000798,2026-01-06,1741666.67,250800.00
R0009404,I000846-06,LN000846,2026-01-06,2744444.44,296400.00
R0009405,I000853-01,LN000853,2026-01-06,3783333.34,272400.00
R0009406,I000892-01,LN000892,2026-01-06,916666.67,132000.00
R0009407,I000932-05,LN000932,2026-01-06,1483333.33,213600.00
R0009408,I000981-07,LN000981,2026-01-06,1075000.00,154800.00
R0009409,I000998-01,LN000998,2026-01-06,3100000.00,223200.00
R0009410,I001121-02,LN001121,2026-01-06,2900000.00,208800.00
R0009411,I001157-08,LN001157,2026-01-06,266666.66,28800.00
R0009412,I001161-02,LN001161,2026-01-06,4066666.67,292800.00
R0009413,I001177-11,LN001177,2026-01-06,333333.33,48000.00
R0009414,I001442-03,LN001442,2026-01-06,455555.56,49200.00
R0009415,I001623-06,LN001623,2026-01-06,766666.67,110400.00
R0009416,I001632-02,LN001632,2026-01-06,2155555.56,232800.00
R0009417,I001689-01,LN001689,2026-01-06,3288888.89,355200.00
R0009418,I001715-06,LN001715,2026-01-06,3076666.66,221520.00
R0009419,I001725-06,LN001725,2026-01-06,1944444.44,210000.00
R0009420,I001881-04,LN001881,2026-01-06,480555.55,51900.00
R0009421,I001971-05,LN001971,2026-01-06,2766666.66,199200.00
R0009422,I000086-10,LN000086,2026-01-07,1416666.67,306000.00
R0009423,I000343-08,LN000343,2026-01-07,1277777.77,138000.00
R0009424,I000449-04,LN000449,2026-01-07,816666.67,117600.00
R0009425,I000488-04,LN000488,2026-01-07,2850000.00,205200.00
R0009426,I000559-06,LN000559,2026-01-07,3083333.33,222000.00
R0009427,I000606-11,LN000606,2026-01-07,2441666.66,351600.00
R0009428,I000831-05,LN000831,2026-01-07,3255555.56,351600.00
R0009429,I000930-10,LN000930,2026-01-07,330000.00,47520.00
R0009430,I001155-02,LN001155,2026-01-07,3266666.67,235200.00
R0009431,I001585-04,LN001585,2026-01-07,850000.00,61200.00
R0009432,I001620-07,LN001620,2026-01-07,1108333.33,159600.00
R0009433,I001757-01,LN001757,2026-01-07,2133333.34,307200.00
R0009434,I001764-11,LN001764,2026-01-07,2433333.33,350400.00
R0009435,I001875-03,LN001875,2026-01-07,1200000.00,172800.00
R0009436,I001915-03,LN001915,2026-01-07,791666.67,114000.00
R0009437,I001956-01,LN001956,2026-01-07,1033333.34,111600.00
R0009438,I000452-12,LN000452,2026-01-08,458333.33,66000.00
R0009439,I000482-04,LN000482,2026-01-08,925000.00,133200.00
R0009440,I000886-01,LN000886,2026-01-08,2733333.34,196800.00
R0009441,I001036-08,LN001036,2026-01-08,141666.66,20400.00
R0009442,I001051-06,LN001051,2026-01-08,1066666.67,230400.00
R0009443,I001139-06,LN001139,2026-01-08,1355555.55,146400.00
R0009444,I001233-02,LN001233,2026-01-08,3466666.67,249600.00
R0009445,I001253-13,LN001253,2026-01-08,122222.22,26400.00
R0009446,I001343-06,LN001343,2026-01-08,83333.34,18000.00
R0009447,I001430-13,LN001430,2026-01-08,488888.89,105600.00
R0009448,I001693-04,LN001693,2026-01-08,500000.00,72000.00
R0009449,I001768-04,LN001768,2026-01-08,1116666.67,160800.00
R0009450,I000123-01,LN000123,2026-01-09,3750000.00,270000.00
R0009451,I000140-06,LN000140,2026-01-09,1144444.44,123600.00
R0009452,I000164-17,LN000164,2026-01-09,822222.22,177600.00
R0009453,I000316-09,LN000316,2026-01-09,987500.00,142200.00
R0009454,I000804-03,LN000804,2026-01-09,1012500.00,72900.00
R0009455,I000817-10,LN000817,2026-01-09,858333.33,123600.00
R0009456,I000965-04,LN000965,2026-01-09,4150000.00,298800.00
R0009457,I000981-09,LN000981,2026-01-09,1075000.00,154800.00
R0009458,I001059-05,LN001059,2026-01-09,4800000.00,345600.00
R0009459,I001117-03,LN001117,2026-01-09,300000.00,21600.00
R0009460,I001419-06,LN001419,2026-01-09,726666.66,104640.00
R0009461,I001658-17,LN001658,2026-01-09,1072222.22,231600.00
R0009462,I001858-08,LN001858,2026-01-09,725000.00,104400.00
R0009463,I000005-14,LN000005,2026-01-10,300000.00,64800.00
R0009464,I000051-06,LN000051,2026-01-10,213333.32,15360.00
R0009465,I000138-04,LN000138,2026-01-10,2788888.89,301200.00
R0009466,I000360-02,LN000360,2026-01-10,733333.33,26400.00
R0009467,I000392-06,LN000392,2026-01-10,150000.00,32400.00
R0009468,I000401-10,LN000401,2026-01-10,750000.00,108000.00
R0009469,I000530-02,LN000530,2026-01-10,1866666.67,134400.00
R0009470,I000640-06,LN000640,2026-01-10,677777.78,73200.00
R0009471,I000708-10,LN000708,2026-01-10,1358333.33,195600.00
R0009472,I000823-05,LN000823,2026-01-10,1544444.45,333600.00
R0009473,I000838-06,LN000838,2026-01-10,3516666.66,253200.00
R0009474,I000854-06,LN000854,2026-01-10,941666.66,135600.00
R0009475,I000955-10,LN000955,2026-01-10,1433333.33,309600.00
R0009476,I000972-03,LN000972,2026-01-10,1808333.34,260400.00
R0009477,I001020-17,LN001020,2026-01-10,647222.22,139800.00
R0009478,I001131-12,LN001131,2026-01-10,966666.66,139200.00
R0009479,I001189-01,LN001189,2026-01-10,775000.00,111600.00
R0009480,I001229-05,LN001229,2026-01-10,3866666.66,278400.00
R0009481,I001268-08,LN001268,2026-01-10,2083333.33,300000.00
R0009482,I001299-06,LN001299,2026-01-10,1183333.33,170400.00
R0009483,I001471-09,LN001471,2026-01-10,475000.00,68400.00
R0009484,I001507-04,LN001507,2026-01-10,566666.67,81600.00
R0009485,I002000-08,LN002000,2026-01-10,333333.33,48000.00
R0009486,I000117-03,LN000117,2026-01-11,6175000.00,222300.00
R0009487,I000188-06,LN000188,2026-01-11,4533333.33,326400.00
R0009488,I000253-11,LN000253,2026-01-11,1577777.78,340800.00
R0009489,I000312-06,LN000312,2026-01-11,291666.67,42000.00
R0009490,I000332-08,LN000332,2026-01-11,2108333.33,303600.00
R0009491,I000457-01,LN000457,2026-01-11,2391666.67,344400.00
R0009492,I000460-06,LN000460,2026-01-11,216666.66,31200.00
R0009493,I000619-01,LN000619,2026-01-11,486111.11,52500.00
R0009494,I000658-04,LN000658,2026-01-11,566666.67,61200.00
R0009495,I000735-04,LN000735,2026-01-11,4433333.33,319200.00
R0009496,I000743-02,LN000743,2026-01-11,1250000.00,180000.00
R0009497,I000791-01,LN000791,2026-01-11,1466666.67,211200.00
R0009498,I000854-08,LN000854,2026-01-11,1883333.33,271200.00
R0009499,I001061-04,LN001061,2026-01-11,633333.34,91200.00
R0009500,I001197-02,LN001197,2026-01-11,3400000.00,244800.00
R0009501,I001239-02,LN001239,2026-01-11,2233333.34,241200.00
R0009502,I001257-10,LN001257,2026-01-11,1316666.67,284400.00
R0009503,I001341-06,LN001341,2026-01-11,816666.67,117600.00
R0009504,I001353-03,LN001353,2026-01-11,1211111.11,261600.00
R0009505,I001364-01,LN001364,2026-01-11,1179166.66,84900.00
R0009506,I001375-01,LN001375,2026-01-11,1900000.00,205200.00
R0009507,I001477-04,LN001477,2026-01-11,1450000.00,208800.00
R0009508,I001514-03,LN001514,2026-01-11,1066666.67,76800.00
R0009509,I001891-05,LN001891,2026-01-11,666666.66,48000.00
R0009510,I001944-08,LN001944,2026-01-11,633333.33,91200.00
R0009511,I000008-04,LN000008,2026-01-12,575000.00,82800.00
R0009512,I000032-12,LN000032,2026-01-12,841666.66,121200.00
R0009513,I000385-01,LN000385,2026-01-12,4333333.34,312000.00
R0009514,I000406-04,LN000406,2026-01-12,300000.00,43200.00
R0009515,I000609-05,LN000609,2026-01-12,1348750.00,194220.00
R0009516,I000677-11,LN000677,2026-01-12,416666.67,90000.00
R0009517,I000846-05,LN000846,2026-01-12,2744444.44,296400.00
R0009518,I000850-01,LN000850,2026-01-12,505555.56,109200.00
R0009519,I001119-11,LN001119,2026-01-12,1500000.00,216000.00
R0009520,I001336-01,LN001336,2026-01-12,3616666.67,260400.00
R0009521,I001349-15,LN001349,2026-01-12,977777.77,211200.00
R0009522,I001364-02,LN001364,2026-01-12,4716666.67,339600.00
R0009523,I001806-12,LN001806,2026-01-12,1133333.33,163200.00
R0009524,I000426-05,LN000426,2026-01-13,1225000.00,176400.00
R0009525,I000471-04,LN000471,2026-01-13,1150000.00,248400.00
R0009526,I001005-02,LN001005,2026-01-13,377777.78,40800.00
R0009527,I001101-04,LN001101,2026-01-13,1041666.66,75000.00
R0009528,I001320-08,LN001320,2026-01-13,1405555.56,303600.00
R0009529,I001423-02,LN001423,2026-01-13,1758333.34,253200.00
R0009530,I001550-05,LN001550,2026-01-13,3433333.33,247200.00
R0009531,I001625-05,LN001625,2026-01-13,788888.89,170400.00
R0009532,I001663-03,LN001663,2026-01-13,533333.34,76800.00
R0009533,I001752-08,LN001752,2026-01-13,195555.55,21120.00
R0009534,I001769-01,LN001769,2026-01-13,672222.23,145200.00
R0009535,I001835-02,LN001835,2026-01-13,2141666.67,308400.00
R0009536,I000016-06,LN000016,2026-01-14,783333.34,169200.00
R0009537,I000151-05,LN000151,2026-01-14,1241666.67,178800.00
R0009538,I000151-06,LN000151,2026-01-14,807083.33,116220.00
R0009539,I000158-01,LN000158,2026-01-14,2533333.34,182400.00
R0009540,I000500-01,LN000500,2026-01-14,4433333.34,319200.00
R0009541,I000556-17,LN000556,2026-01-14,1322222.22,285600.00
R0009542,I000569-08,LN000569,2026-01-14,2744444.44,296400.00
R0009543,I000969-07,LN000969,2026-01-14,1841666.67,265200.00
R0009544,I001029-05,LN001029,2026-01-14,866666.67,124800.00
R0009545,I001262-04,LN001262,2026-01-14,400000.00,86400.00
R0009546,I001539-06,LN001539,2026-01-14,377777.78,81600.00
R0009547,I001540-17,LN001540,2026-01-14,727777.77,157200.00
R0009548,I000072-13,LN000072,2026-01-15,1300000.00,280800.00
R0009549,I000174-15,LN000174,2026-01-15,1500000.00,324000.00
R0009550,I000620-01,LN000620,2026-01-15,3216666.67,231600.00
R0009551,I000646-14,LN000646,2026-01-15,1505555.55,325200.00
R0009552,I000823-04,LN000823,2026-01-15,1544444.45,333600.00
R0009553,I001413-11,LN001413,2026-01-15,1941666.66,279600.00
R0009554,I001436-02,LN001436,2026-01-15,4583333.34,330000.00
R0009555,I001483-06,LN001483,2026-01-15,908333.33,65400.00
R0009556,I001591-15,LN001591,2026-01-15,566666.66,122400.00
R0009557,I000007-04,LN000007,2026-01-16,2583333.33,186000.00
R0009558,I000013-09,LN000013,2026-01-16,2491666.66,358800.00
R0009559,I000087-01,LN000087,2026-01-16,475000.00,68400.00
R0009560,I000171-08,LN000171,2026-01-16,1111111.11,120000.00
R0009561,I000255-04,LN000255,2026-01-16,1650000.00,118800.00
R0009562,I000679-05,LN000679,2026-01-16,925000.00,133200.00
R0009563,I000739-13,LN000739,2026-01-16,1294444.44,279600.00
R0009564,I000830-07,LN000830,2026-01-16,1500000.00,216000.00
R0009565,I000887-06,LN000887,2026-01-16,516666.67,74400.00
R0009566,I000953-02,LN000953,2026-01-16,4400000.00,316800.00
R0009567,I001140-05,LN001140,2026-01-16,875000.00,126000.00
R0009568,I001283-06,LN001283,2026-01-16,1177777.78,127200.00
R0009569,I001381-11,LN001381,2026-01-16,933333.33,201600.00
R0009570,I001460-11,LN001460,2026-01-16,1344444.44,290400.00
R0009571,I001631-04,LN001631,2026-01-16,1258333.34,181200.00
R0009572,I001642-12,LN001642,2026-01-16,450000.00,97200.00
R0009573,I001831-05,LN001831,2026-01-16,408333.33,58800.00
R0009574,I001908-04,LN001908,2026-01-16,2266666.67,244800.00
R0009575,I001929-14,LN001929,2026-01-16,738888.89,159600.00
R0009576,I001999-12,LN001999,2026-01-16,1600000.00,345600.00
R0009577,I000108-03,LN000108,2026-01-17,1016666.67,146400.00
R0009578,I000125-05,LN000125,2026-01-17,1688888.89,182400.00
R0009579,I000166-01,LN000166,2026-01-17,4600000.00,331200.00
R0009580,I000874-04,LN000874,2026-01-17,350000.00,50400.00
R0009581,I001001-04,LN001001,2026-01-17,300000.00,21600.00
R0009582,I001051-07,LN001051,2026-01-17,1066666.67,230400.00
R0009583,I001085-01,LN001085,2026-01-17,316666.67,22800.00
R0009584,I001151-12,LN001151,2026-01-17,516666.66,74400.00
R0009585,I001164-09,LN001164,2026-01-17,1133333.33,122400.00
R0009586,I001295-05,LN001295,2026-01-17,3566666.66,256800.00
R0009587,I001425-09,LN001425,2026-01-17,1661111.11,358800.00
R0009588,I001430-14,LN001430,2026-01-17,488888.89,105600.00
R0009589,I001517-02,LN001517,2026-01-17,1077777.78,232800.00
R0009590,I001524-07,LN001524,2026-01-17,1575000.00,226800.00
R0009591,I001589-16,LN001589,2026-01-17,1294444.44,279600.00
R0009592,I001597-07,LN001597,2026-01-17,533333.33,76800.00
R0009593,I001681-01,LN001681,2026-01-17,1266666.67,91200.00
R0009594,I001728-03,LN001728,2026-01-17,261111.11,56400.00
R0009595,I001849-09,LN001849,2026-01-17,541666.66,78000.00
R0009596,I001856-05,LN001856,2026-01-17,2955555.56,319200.00
R0009597,I001876-03,LN001876,2026-01-17,4550000.00,327600.00
R0009598,I001890-05,LN001890,2026-01-17,433333.33,62400.00
R0009599,I001946-05,LN001946,2026-01-17,2191666.67,315600.00
R0009600,I000091-09,LN000091,2026-01-18,416666.66,60000.00
R0009601,I000435-04,LN000435,2026-01-18,3500000.00,252000.00
R0009602,I000507-11,LN000507,2026-01-18,1691666.66,243600.00
R0009603,I000648-16,LN000648,2026-01-18,550000.00,118800.00
R0009604,I000803-11,LN000803,2026-01-18,1666666.66,240000.00
R0009605,I000991-04,LN000991,2026-01-18,1033333.33,111600.00
R0009606,I001007-07,LN001007,2026-01-18,488888.89,105600.00
R0009607,I001181-12,LN001181,2026-01-18,600000.00,86400.00
R0009608,I001253-15,LN001253,2026-01-18,244444.44,52800.00
R0009609,I001286-08,LN001286,2026-01-18,2283333.33,328800.00
R0009610,I001373-04,LN001373,2026-01-18,1958333.34,282000.00
R0009611,I001391-02,LN001391,2026-01-18,5900000.00,212400.00
R0009612,I001554-06,LN001554,2026-01-18,1688888.89,182400.00
R0009613,I001667-07,LN001667,2026-01-18,522222.22,56400.00
R0009614,I001786-08,LN001786,2026-01-18,2316666.67,333600.00
R0009615,I000271-06,LN000271,2026-01-19,144444.45,31200.00
R0009616,I000295-12,LN000295,2026-01-19,516666.66,74400.00
R0009617,I000306-11,LN000306,2026-01-19,433333.33,62400.00
R0009618,I000449-03,LN000449,2026-01-19,816666.67,117600.00
R0009619,I000462-07,LN000462,2026-01-19,2050000.00,295200.00
R0009620,I000508-04,LN000508,2026-01-19,883333.34,127200.00
R0009621,I000886-03,LN000886,2026-01-19,2733333.33,196800.00
R0009622,I001115-06,LN001115,2026-01-19,2766666.66,199200.00
R0009623,I001305-13,LN001305,2026-01-19,1088888.89,235200.00
R0009624,I001319-04,LN001319,2026-01-19,758333.34,109200.00
R0009625,I001418-04,LN001418,2026-01-19,533333.33,57600.00
R0009626,I001586-03,LN001586,2026-01-19,1516666.67,218400.00
R0009627,I001605-02,LN001605,2026-01-19,2266666.67,326400.00
R0009628,I001615-09,LN001615,2026-01-19,1255555.56,271200.00
R0009629,I001847-06,LN001847,2026-01-19,2000000.00,288000.00
R0009630,I001947-02,LN001947,2026-01-19,3716666.67,267600.00
R0009631,I000049-06,LN000049,2026-01-20,566666.66,81600.00
R0009632,I000260-08,LN000260,2026-01-20,2475000.00,356400.00
R0009633,I000324-06,LN000324,2026-01-20,1322222.22,285600.00
R0009634,I000676-01,LN000676,2026-01-20,333333.34,24000.00
R0009635,I000687-10,LN000687,2026-01-20,1750000.00,252000.00
R0009636,I000718-09,LN000718,2026-01-20,1533333.33,220800.00
R0009637,I000756-03,LN000756,2026-01-20,3300000.00,118800.00
R0009638,I000798-09,LN000798,2026-01-20,1741666.66,250800.00
R0009639,I000856-11,LN000856,2026-01-20,1061666.66,152880.00
R0009640,I000861-10,LN000861,2026-01-20,391666.66,56400.00
R0009641,I000982-10,LN000982,2026-01-20,988888.89,213600.00
R0009642,I001061-05,LN001061,2026-01-20,633333.33,91200.00
R0009643,I001201-11,LN001201,2026-01-20,325000.00,46800.00
R0009644,I001656-01,LN001656,2026-01-20,3044444.45,328800.00
R0009645,I001926-08,LN001926,2026-01-20,1617777.77,174720.00
R0009646,I000199-08,LN000199,2026-01-21,2241666.67,322800.00
R0009647,I000266-01,LN000266,2026-01-21,1825000.00,262800.00
R0009648,I000398-11,LN000398,2026-01-21,750000.00,162000.00
R0009649,I000666-05,LN000666,2026-01-21,822222.22,177600.00
R0009650,I000860-04,LN000860,2026-01-21,1466666.67,105600.00
R0009651,I001023-02,LN001023,2026-01-21,6131666.66,220740.00
R0009652,I001053-18,LN001053,2026-01-21,183333.33,39600.00
R0009653,I001116-01,LN001116,2026-01-21,1855555.56,200400.00
R0009654,I001184-12,LN001184,2026-01-21,608333.33,87600.00
R0009655,I001258-17,LN001258,2026-01-21,1038888.88,224400.00
R0009656,I001266-05,LN001266,2026-01-21,1675000.00,241200.00
R0009657,I001337-04,LN001337,2026-01-21,2688888.89,290400.00
R0009658,I001474-04,LN001474,2026-01-21,1041666.67,150000.00
R0009659,I001499-06,LN001499,2026-01-21,2700000.00,291600.00
R0009660,I001510-07,LN001510,2026-01-21,2341666.67,337200.00
R0009661,I001633-08,LN001633,2026-01-21,2300000.00,248400.00
R0009662,I001857-03,LN001857,2026-01-21,1333333.33,96000.00
R0009663,I001968-03,LN001968,2026-01-21,8900000.00,320400.00
R0009664,I000004-03,LN000004,2026-01-22,1200000.00,259200.00
R0009665,I000604-04,LN000604,2026-01-22,2450000.00,176400.00
R0009666,I000661-02,LN000661,2026-01-22,2133333.34,230400.00
R0009667,I000881-04,LN000881,2026-01-22,700000.00,100800.00
R0009668,I000955-09,LN000955,2026-01-22,1433333.33,309600.00
R0009669,I001104-01,LN001104,2026-01-22,483333.34,69600.00
R0009670,I001243-01,LN001243,2026-01-22,933333.34,134400.00
R0009671,I001270-05,LN001270,2026-01-22,3122222.22,337200.00
R0009672,I001327-09,LN001327,2026-01-22,608333.33,87600.00
R0009673,I001334-02,LN001334,2026-01-22,683333.34,49200.00
R0009674,I001424-01,LN001424,2026-01-22,2700000.00,194400.00
R0009675,I001426-05,LN001426,2026-01-22,494444.45,106800.00
R0009676,I001481-08,LN001481,2026-01-22,1525000.00,219600.00
R0009677,I001490-02,LN001490,2026-01-22,2322222.23,250800.00
R0009678,I001546-11,LN001546,2026-01-22,1525000.00,219600.00
R0009679,I001550-06,LN001550,2026-01-22,3433333.33,247200.00
R0009680,I001668-17,LN001668,2026-01-22,388888.88,84000.00
R0009681,I001736-12,LN001736,2026-01-22,1041666.66,150000.00
R0009682,I001821-12,LN001821,2026-01-22,2308333.33,332400.00
R0009683,I001911-09,LN001911,2026-01-22,733333.33,79200.00
R0009684,I001949-06,LN001949,2026-01-22,322222.22,69600.00
R0009685,I000150-07,LN000150,2026-01-23,291666.67,42000.00
R0009686,I000336-04,LN000336,2026-01-23,191666.67,27600.00
R0009687,I000502-10,LN000502,2026-01-23,391666.66,56400.00
R0009688,I000608-07,LN000608,2026-01-23,633333.33,136800.00
R0009689,I000684-03,LN000684,2026-01-23,2366666.67,340800.00
R0009690,I000685-05,LN000685,2026-01-23,1491666.67,214800.00
R0009691,I001066-02,LN001066,2026-01-23,944444.45,102000.00
R0009692,I001088-01,LN001088,2026-01-23,1800000.00,194400.00
R0009693,I001103-07,LN001103,2026-01-23,675555.55,72960.00
R0009694,I001215-02,LN001215,2026-01-23,2433333.33,87600.00
R0009695,I001650-06,LN001650,2026-01-23,1116666.66,80400.00
R0009696,I001688-03,LN001688,2026-01-23,2344444.45,253200.00
R0009697,I000070-03,LN000070,2026-01-24,1561111.11,337200.00
R0009698,I000084-17,LN000084,2026-01-24,147222.22,31800.00
R0009699,I000100-01,LN000100,2026-01-24,166666.67,24000.00
R0009700,I000145-06,LN000145,2026-01-24,2300000.00,248400.00
R0009701,I000480-03,LN000480,2026-01-24,516666.67,111600.00
R0009702,I000594-04,LN000594,2026-01-24,3550000.00,255600.00
R0009703,I000618-01,LN000618,2026-01-24,1422222.23,307200.00
R0009704,I000676-02,LN000676,2026-01-24,333333.34,24000.00
R0009705,I000724-07,LN000724,2026-01-24,1883333.33,271200.00
R0009706,I000797-11,LN000797,2026-01-24,905555.55,195600.00
R0009707,I000890-01,LN000890,2026-01-24,9600000.00,345600.00
R0009708,I000977-05,LN000977,2026-01-24,395416.66,56940.00
R0009709,I000993-01,LN000993,2026-01-24,4416666.67,318000.00
R0009710,I001017-03,LN001017,2026-01-24,4483333.33,322800.00
R0009711,I001058-04,LN001058,2026-01-24,533333.34,76800.00
R0009712,I001201-10,LN001201,2026-01-24,211250.00,30420.00
R0009713,I001212-04,LN001212,2026-01-24,2258333.34,325200.00
R0009714,I001218-03,LN001218,2026-01-24,516666.67,74400.00
R0009715,I001593-04,LN001593,2026-01-24,4183333.33,301200.00
R0009716,I001712-05,LN001712,2026-01-24,1633333.33,117600.00
R0009717,I001725-08,LN001725,2026-01-24,1944444.44,210000.00
R0009718,I001730-03,LN001730,2026-01-24,916666.67,66000.00
R0009719,I001784-11,LN001784,2026-01-24,2391666.66,344400.00
R0009720,I001947-01,LN001947,2026-01-24,3716666.67,267600.00
R0009721,I000231-01,LN000231,2026-01-25,233333.34,33600.00
R0009722,I000330-04,LN000330,2026-01-25,280000.00,40320.00
R0009723,I000345-04,LN000345,2026-01-25,608333.34,87600.00
R0009724,I000413-04,LN000413,2026-01-25,100000.00,14400.00
R0009725,I000414-09,LN000414,2026-01-25,1238888.89,267600.00
R0009726,I000681-05,LN000681,2026-01-25,4800000.00,345600.00
R0009727,I001020-18,LN001020,2026-01-25,1294444.44,279600.00
R0009728,I001191-09,LN001191,2026-01-25,1040000.00,112320.00
R0009729,I001219-06,LN001219,2026-01-25,1475000.00,212400.00
R0009730,I001328-15,LN001328,2026-01-25,550000.00,118800.00
R0009731,I001332-01,LN001332,2026-01-25,205555.56,44400.00
R0009732,I001613-10,LN001613,2026-01-25,1591666.66,229200.00
R0009733,I001632-01,LN001632,2026-01-25,2155555.56,232800.00
R0009734,I001651-09,LN001651,2026-01-25,241666.66,34800.00
R0009735,I000078-02,LN000078,2026-01-26,644444.45,139200.00
R0009736,I000104-06,LN000104,2026-01-26,816666.66,58800.00
R0009737,I000146-03,LN000146,2026-01-26,1416666.67,204000.00
R0009738,I000251-03,LN000251,2026-01-26,1300000.00,46800.00
R0009739,I000293-16,LN000293,2026-01-26,1100000.00,237600.00
R0009740,I000309-06,LN000309,2026-01-26,2308333.33,332400.00
R0009741,I000397-16,LN000397,2026-01-26,483333.33,104400.00
R0009742,I000401-12,LN000401,2026-01-26,750000.00,108000.00
R0009743,I000530-04,LN000530,2026-01-26,1866666.67,134400.00
R0009744,I000698-01,LN000698,2026-01-26,355555.56,38400.00
R0009745,I000794-10,LN000794,2026-01-26,75555.55,16320.00
R0009746,I001069-13,LN001069,2026-01-26,1405555.55,303600.00
R0009747,I001103-08,LN001103,2026-01-26,1688888.89,182400.00
R0009748,I001225-09,LN001225,2026-01-26,508333.33,73200.00
R0009749,I001297-01,LN001297,2026-01-26,2655555.56,286800.00
R0009750,I001366-02,LN001366,2026-01-26,625000.00,90000.00
R0009751,I001533-16,LN001533,2026-01-26,211111.11,45600.00
R0009752,I001548-06,LN001548,2026-01-26,2150000.00,309600.00
R0009753,I001597-08,LN001597,2026-01-26,533333.33,76800.00
R0009754,I001640-06,LN001640,2026-01-26,700000.00,50400.00
R0009755,I001728-04,LN001728,2026-01-26,261111.11,56400.00
R0009756,I001789-01,LN001789,2026-01-26,1145833.33,165000.00
R0009757,I000046-05,LN000046,2026-01-27,1833333.33,264000.00
R0009758,I000207-06,LN000207,2026-01-27,1041666.67,150000.00
R0009759,I000350-05,LN000350,2026-01-27,1600000.00,345600.00
R0009760,I000416-10,LN000416,2026-01-27,1000000.00,216000.00
R0009761,I000464-15,LN000464,2026-01-27,544444.44,117600.00
R0009762,I000675-09,LN000675,2026-01-27,1391666.66,200400.00
R0009763,I000867-06,LN000867,2026-01-27,1800000.00,259200.00
R0009764,I000887-07,LN000887,2026-01-27,516666.67,74400.00
R0009765,I000915-04,LN000915,2026-01-27,2050000.00,295200.00
R0009766,I001292-04,LN001292,2026-01-27,183333.33,26400.00
R0009767,I001335-13,LN001335,2026-01-27,1616666.66,349200.00
R0009768,I001407-01,LN001407,2026-01-27,4400000.00,316800.00
R0009769,I001409-10,LN001409,2026-01-27,650000.00,93600.00
R0009770,I001432-04,LN001432,2026-01-27,4250000.00,306000.00
R0009771,I001433-09,LN001433,2026-01-27,1216666.66,175200.00
R0009772,I001646-09,LN001646,2026-01-27,1883333.33,271200.00
R0009773,I001672-08,LN001672,2026-01-27,150000.00,21600.00
R0009774,I001744-11,LN001744,2026-01-27,2450000.00,352800.00
R0009775,I001762-11,LN001762,2026-01-27,700000.00,151200.00
R0009776,I001769-02,LN001769,2026-01-27,336111.11,72600.00
R0009777,I001823-04,LN001823,2026-01-27,1758333.34,253200.00
R0009778,I001927-02,LN001927,2026-01-27,8433333.33,303600.00
R0009779,I001946-03,LN001946,2026-01-27,2191666.67,315600.00
R0009780,I000036-01,LN000036,2026-01-28,4766666.67,343200.00
R0009781,I000164-16,LN000164,2026-01-28,822222.22,177600.00
R0009782,I000311-03,LN000311,2026-01-28,1800000.00,129600.00
R0009783,I000339-06,LN000339,2026-01-28,933333.33,100800.00
R0009784,I000413-05,LN000413,2026-01-28,125000.00,18000.00
R0009785,I000547-04,LN000547,2026-01-28,1983333.33,142800.00
R0009786,I000637-02,LN000637,2026-01-28,441666.66,31800.00
R0009787,I000638-02,LN000638,2026-01-28,4233333.34,304800.00
R0009788,I000726-02,LN000726,2026-01-28,933333.34,134400.00
R0009789,I001001-05,LN001001,2026-01-28,300000.00,21600.00
R0009790,I001183-08,LN001183,2026-01-28,1108333.33,159600.00
R0009791,I001358-12,LN001358,2026-01-28,1666666.66,240000.00
R0009792,I001642-11,LN001642,2026-01-28,450000.00,97200.00
R0009793,I001700-04,LN001700,2026-01-28,2983333.33,214800.00
R0009794,I001717-02,LN001717,2026-01-28,3300000.00,356400.00
R0009795,I001746-04,LN001746,2026-01-28,133333.33,19200.00
R0009796,I001766-06,LN001766,2026-01-28,2911111.11,314400.00
R0009797,I001777-05,LN001777,2026-01-28,1211111.11,261600.00
R0009798,I001801-01,LN001801,2026-01-28,733333.34,158400.00
R0009799,I001804-03,LN001804,2026-01-28,183333.34,26400.00
R0009800,I001973-02,LN001973,2026-01-28,1711111.11,184800.00
R0009801,I002000-09,LN002000,2026-01-28,333333.33,48000.00
R0009802,I000026-18,LN000026,2026-01-29,977777.77,211200.00
R0009803,I000125-04,LN000125,2026-01-29,1688888.89,182400.00
R0009804,I000182-11,LN000182,2026-01-29,625000.00,90000.00
R0009805,I000214-04,LN000214,2026-01-29,1100000.00,158400.00
R0009806,I000245-06,LN000245,2026-01-29,2225000.00,320400.00
R0009807,I000297-05,LN000297,2026-01-29,2183333.33,314400.00
R0009808,I000445-10,LN000445,2026-01-29,350000.00,50400.00
R0009809,I000506-10,LN000506,2026-01-29,1077777.78,232800.00
R0009810,I000843-05,LN000843,2026-01-29,1633333.33,117600.00
R0009811,I000954-03,LN000954,2026-01-29,178750.00,25740.00
R0009812,I001010-03,LN001010,2026-01-29,666666.67,96000.00
R0009813,I001152-05,LN001152,2026-01-29,2283333.33,164400.00
R0009814,I001155-03,LN001155,2026-01-29,3266666.67,235200.00
R0009815,I001260-02,LN001260,2026-01-29,395833.33,28500.00
R0009816,I001391-03,LN001391,2026-01-29,5900000.00,212400.00
R0009817,I001545-01,LN001545,2026-01-29,8400000.00,302400.00
R0009818,I001591-16,LN001591,2026-01-29,141666.66,30600.00
R0009819,I001665-08,LN001665,2026-01-29,2000000.00,216000.00
R0009820,I001940-16,LN001940,2026-01-29,1122222.22,242400.00
R0009821,I000003-04,LN000003,2026-01-30,933333.34,134400.00
R0009822,I000076-10,LN000076,2026-01-30,400000.00,57600.00
R0009823,I000093-01,LN000093,2026-01-30,2677777.78,289200.00
R0009824,I000173-07,LN000173,2026-01-30,683333.33,98400.00
R0009825,I000223-03,LN000223,2026-01-30,2100000.00,151200.00
R0009826,I000291-07,LN000291,2026-01-30,252083.33,36300.00
R0009827,I000368-03,LN000368,2026-01-30,9033333.33,325200.00
R0009828,I000500-03,LN000500,2026-01-30,4433333.33,319200.00
R0009829,I000783-05,LN000783,2026-01-30,458333.33,66000.00
R0009830,I000837-12,LN000837,2026-01-30,346666.66,49920.00
R0009831,I000841-08,LN000841,2026-01-30,788888.89,170400.00
R0009832,I001111-10,LN001111,2026-01-30,158333.33,22800.00
R0009833,I001330-01,LN001330,2026-01-30,188888.89,20400.00
R0009834,I001435-03,LN001435,2026-01-30,2100000.00,151200.00
R0009835,I001458-04,LN001458,2026-01-30,2191666.67,315600.00
R0009836,I001588-12,LN001588,2026-01-30,483333.33,69600.00
R0009837,I001614-06,LN001614,2026-01-30,4633333.33,333600.00
R0009838,I001699-02,LN001699,2026-01-30,775000.00,111600.00
R0009839,I001768-05,LN001768,2026-01-30,1116666.67,160800.00
R0009840,I001857-04,LN001857,2026-01-30,1333333.33,96000.00
R0009841,I001869-02,LN001869,2026-01-30,1950000.00,140400.00
R0009842,I001928-16,LN001928,2026-01-30,550000.00,118800.00
R0009843,I001967-04,LN001967,2026-01-30,173333.33,12480.00
R0009844,I000220-04,LN000220,2026-01-31,4650000.00,334800.00
R0009845,I000313-01,LN000313,2026-01-31,2375000.00,342000.00
R0009846,I000580-09,LN000580,2026-01-31,1677777.77,181200.00
R0009847,I001267-11,LN001267,2026-01-31,1066666.66,153600.00
R0009848,I001314-06,LN001314,2026-01-31,3533333.33,254400.00
R0009849,I001448-03,LN001448,2026-01-31,983333.34,141600.00
R0009850,I001684-06,LN001684,2026-01-31,4500000.00,324000.00
R0009851,I001760-09,LN001760,2026-01-31,1466666.66,158400.00
R0009852,I001814-01,LN001814,2026-01-31,3183333.34,229200.00
R0009853,I001828-07,LN001828,2026-01-31,1258333.33,181200.00
R0009854,I001850-02,LN001850,2026-01-31,1833333.34,198000.00
R0009855,I000133-02,LN000133,2026-02-01,2175000.00,313200.00
R0009856,I000151-07,LN000151,2026-02-01,1241666.67,178800.00
R0009857,I000167-03,LN000167,2026-02-01,2000000.00,288000.00
R0009858,I000177-17,LN000177,2026-02-01,342222.22,73920.00
R0009859,I000236-01,LN000236,2026-02-01,2083333.34,300000.00
R0009860,I000249-04,LN000249,2026-02-01,583333.33,42000.00
R0009861,I000261-02,LN000261,2026-02-01,4883333.34,351600.00
R0009862,I000793-04,LN000793,2026-02-01,1083333.33,78000.00
R0009863,I001367-03,LN001367,2026-02-01,3700000.00,266400.00
R0009864,I001368-04,LN001368,2026-02-01,2125000.00,306000.00
R0009865,I001512-04,LN001512,2026-02-01,1646666.66,118560.00
R0009866,I001719-09,LN001719,2026-02-01,600000.00,86400.00
R0009867,I001733-15,LN001733,2026-02-01,161111.11,34800.00
R0009868,I001816-08,LN001816,2026-02-01,1600000.00,230400.00
R0009869,I001825-04,LN001825,2026-02-01,966666.67,104400.00
R0009870,I001848-06,LN001848,2026-02-01,2150000.00,154800.00
R0009871,I000241-17,LN000241,2026-02-02,613333.32,132480.00
R0009872,I000247-08,LN000247,2026-02-02,2366666.67,340800.00
R0009873,I000295-11,LN000295,2026-02-02,516666.66,74400.00
R0009874,I000337-03,LN000337,2026-02-02,1133333.33,81600.00
R0009875,I000493-09,LN000493,2026-02-02,677777.77,73200.00
R0009876,I000568-10,LN000568,2026-02-02,1208333.33,174000.00
R0009877,I000743-03,LN000743,2026-02-02,1250000.00,180000.00
R0009878,I000930-11,LN000930,2026-02-02,825000.00,118800.00
R0009879,I000952-17,LN000952,2026-02-02,1072222.22,231600.00
R0009880,I001006-08,LN001006,2026-02-02,1444444.45,312000.00
R0009881,I001037-04,LN001037,2026-02-02,208333.34,30000.00
R0009882,I001527-08,LN001527,2026-02-02,2008333.33,289200.00
R0009883,I001732-06,LN001732,2026-02-02,2441666.67,351600.00
R0009884,I001985-05,LN001985,2026-02-02,1488888.89,160800.00
R0009885,I000015-04,LN000015,2026-02-03,375000.00,54000.00
R0009886,I000224-02,LN000224,2026-02-03,4033333.33,145200.00
R0009887,I000229-01,LN000229,2026-02-03,522222.23,56400.00
R0009888,I000336-05,LN000336,2026-02-03,191666.67,27600.00
R0009889,I000643-10,LN000643,2026-02-03,2100000.00,302400.00
R0009890,I000842-11,LN000842,2026-02-03,733333.33,105600.00
R0009891,I000955-11,LN000955,2026-02-03,1433333.33,309600.00
R0009892,I000977-06,LN000977,2026-02-03,608333.33,87600.00
R0009893,I001440-01,LN001440,2026-02-03,3283333.34,236400.00
R0009894,I001466-06,LN001466,2026-02-03,2722222.22,294000.00
R0009895,I001478-01,LN001478,2026-02-03,266666.66,19200.00
R0009896,I001481-11,LN001481,2026-02-03,1525000.00,219600.00
R0009897,I001568-12,LN001568,2026-02-03,1441666.66,207600.00
R0009898,I000177-18,LN000177,2026-02-04,855555.55,184800.00
R0009899,I000405-08,LN000405,2026-02-04,2391666.67,344400.00
R0009900,I000513-04,LN000513,2026-02-04,3950000.00,284400.00
R0009901,I000573-17,LN000573,2026-02-04,1583333.33,342000.00
R0009902,I000679-07,LN000679,2026-02-04,925000.00,133200.00
R0009903,I000721-18,LN000721,2026-02-04,500000.00,108000.00
R0009904,I000778-02,LN000778,2026-02-04,1466666.67,316800.00
R0009905,I000853-02,LN000853,2026-02-04,3026666.67,217920.00
R0009906,I000932-06,LN000932,2026-02-04,1483333.33,213600.00
R0009907,I001059-06,LN001059,2026-02-04,4800000.00,345600.00
R0009908,I001140-03,LN001140,2026-02-04,875000.00,126000.00
R0009909,I001174-11,LN001174,2026-02-04,2108333.33,303600.00
R0009910,I001214-09,LN001214,2026-02-04,416666.66,60000.00
R0009911,I001254-04,LN001254,2026-02-04,2722222.22,294000.00
R0009912,I001286-09,LN001286,2026-02-04,2283333.33,328800.00
R0009913,I001297-02,LN001297,2026-02-04,2655555.56,286800.00
R0009914,I001581-06,LN001581,2026-02-04,138888.89,30000.00
R0009915,I001738-12,LN001738,2026-02-04,2366666.66,340800.00
R0009916,I001829-08,LN001829,2026-02-04,2566666.66,277200.00
R0009917,I001872-07,LN001872,2026-02-04,761111.11,164400.00
R0009918,I000086-11,LN000086,2026-02-05,1416666.67,306000.00
R0009919,I000228-11,LN000228,2026-02-05,1172222.22,253200.00
R0009920,I000411-07,LN000411,2026-02-05,1277777.78,276000.00
R0009921,I000449-05,LN000449,2026-02-05,816666.67,117600.00
R0009922,I000611-02,LN000611,2026-02-05,350000.00,50400.00
R0009923,I000731-02,LN000731,2026-02-05,2091666.67,301200.00
R0009924,I000820-08,LN000820,2026-02-05,1188888.89,256800.00
R0009925,I000834-05,LN000834,2026-02-05,583333.33,84000.00
R0009926,I000868-06,LN000868,2026-02-05,3311111.11,357600.00
R0009927,I000994-07,LN000994,2026-02-05,444444.44,96000.00
R0009928,I001036-09,LN001036,2026-02-05,566666.66,81600.00
R0009929,I001275-01,LN001275,2026-02-05,3233333.34,232800.00
R0009930,I001336-02,LN001336,2026-02-05,3616666.67,260400.00
R0009931,I001410-06,LN001410,2026-02-05,1316666.67,284400.00
R0009932,I001505-07,LN001505,2026-02-05,291666.67,42000.00
R0009933,I001586-05,LN001586,2026-02-05,1516666.67,218400.00
R0009934,I001671-07,LN001671,2026-02-05,1316666.67,189600.00
R0009935,I001713-02,LN001713,2026-02-05,2566666.67,184800.00
R0009936,I001731-10,LN001731,2026-02-05,1053333.33,227520.00
R0009937,I001782-01,LN001782,2026-02-05,900000.00,64800.00
R0009938,I001863-03,LN001863,2026-02-05,1800000.00,259200.00
R0009939,I001943-03,LN001943,2026-02-05,1516666.67,218400.00
R0009940,I000038-02,LN000038,2026-02-06,433333.34,46800.00
R0009941,I000083-16,LN000083,2026-02-06,1561111.11,337200.00
R0009942,I000332-09,LN000332,2026-02-06,2108333.33,303600.00
R0009943,I000370-06,LN000370,2026-02-06,463888.88,50100.00
R0009944,I000432-11,LN000432,2026-02-06,2158333.33,310800.00
R0009945,I000595-01,LN000595,2026-02-06,488888.89,52800.00
R0009946,I000609-06,LN000609,2026-02-06,2075000.00,298800.00
R0009947,I000796-18,LN000796,2026-02-06,1466666.66,316800.00
R0009948,I000892-02,LN000892,2026-02-06,916666.67,132000.00
R0009949,I000998-02,LN000998,2026-02-06,3100000.00,223200.00
R0009950,I001177-12,LN001177,2026-02-06,333333.33,48000.00
R0009951,I001375-02,LN001375,2026-02-06,1900000.00,205200.00
R0009952,I001400-02,LN001400,2026-02-06,1166666.67,168000.00
R0009953,I001632-03,LN001632,2026-02-06,2155555.56,232800.00
R0009954,I001643-01,LN001643,2026-02-06,766666.67,27600.00
R0009955,I001777-06,LN001777,2026-02-06,1211111.11,261600.00
R0009956,I001804-04,LN001804,2026-02-06,183333.34,26400.00
R0009957,I000095-14,LN000095,2026-02-07,233333.33,50400.00
R0009958,I000265-01,LN000265,2026-02-07,875000.00,126000.00
R0009959,I000309-05,LN000309,2026-02-07,2308333.33,332400.00
R0009960,I000389-01,LN000389,2026-02-07,2988888.89,322800.00
R0009961,I000400-04,LN000400,2026-02-07,2433333.34,350400.00
R0009962,I000564-03,LN000564,2026-02-07,716666.67,103200.00
R0009963,I000593-02,LN000593,2026-02-07,4466666.67,321600.00
R0009964,I000741-01,LN000741,2026-02-07,1283333.34,184800.00
R0009965,I000752-16,LN000752,2026-02-07,1627777.77,351600.00
R0009966,I001308-12,LN001308,2026-02-07,2241666.66,322800.00
R0009967,I001400-03,LN001400,2026-02-07,2333333.34,336000.00
R0009968,I001694-08,LN001694,2026-02-07,1216666.67,175200.00
R0009969,I001929-15,LN001929,2026-02-07,738888.89,159600.00
R0009970,I001956-02,LN001956,2026-02-07,1033333.34,111600.00
R0009971,I000005-15,LN000005,2026-02-08,300000.00,64800.00
R0009972,I000099-03,LN000099,2026-02-08,983333.34,141600.00
R0009973,I000181-16,LN000181,2026-02-08,1561111.11,337200.00
R0009974,I000193-08,LN000193,2026-02-08,344444.44,37200.00
R0009975,I000439-09,LN000439,2026-02-08,261111.11,56400.00
R0009976,I000441-03,LN000441,2026-02-08,2216666.67,159600.00
R0009977,I000460-07,LN000460,2026-02-08,333333.33,48000.00
R0009978,I000670-09,LN000670,2026-02-08,287083.32,41340.00
R0009979,I001038-05,LN001038,2026-02-08,350000.00,25200.00
R0009980,I001101-05,LN001101,2026-02-08,4166666.66,300000.00
R0009981,I001139-07,LN001139,2026-02-08,1084444.44,117120.00
R0009982,I001189-02,LN001189,2026-02-08,775000.00,111600.00
R0009983,I001229-06,LN001229,2026-02-08,3866666.66,278400.00
R0009984,I001233-03,LN001233,2026-02-08,3466666.67,249600.00
R0009985,I001426-06,LN001426,2026-02-08,494444.45,106800.00
R0009986,I001441-04,LN001441,2026-02-08,408333.34,58800.00
R0009987,I001448-04,LN001448,2026-02-08,983333.34,141600.00
R0009988,I001681-02,LN001681,2026-02-08,1266666.67,91200.00
R0009989,I001749-01,LN001749,2026-02-08,1408333.34,202800.00
R0009990,I001881-05,LN001881,2026-02-08,1922222.22,207600.00
R0009991,I000007-05,LN000007,2026-02-09,2583333.33,186000.00
R0009992,I000119-08,LN000119,2026-02-09,2375000.00,342000.00
R0009993,I000123-02,LN000123,2026-02-09,3750000.00,270000.00
R0009994,I000140-07,LN000140,2026-02-09,1144444.44,123600.00
R0009995,I000164-18,LN000164,2026-02-09,822222.22,177600.00
R0009996,I000252-09,LN000252,2026-02-09,2291666.66,330000.00
R0009997,I000317-03,LN000317,2026-02-09,425000.00,61200.00
R0009998,I000488-05,LN000488,2026-02-09,2850000.00,205200.00
R0009999,I000569-09,LN000569,2026-02-09,2744444.44,296400.00
R0010000,I000828-06,LN000828,2026-02-09,1622222.22,175200.00
R0010001,I001266-07,LN001266,2026-02-09,1675000.00,241200.00
R0010002,I001340-03,LN001340,2026-02-09,60416.66,8700.00
R0010003,I001381-12,LN001381,2026-02-09,933333.33,201600.00
R0010004,I001620-08,LN001620,2026-02-09,1108333.33,159600.00
R0010005,I001667-08,LN001667,2026-02-09,522222.22,56400.00
R0010006,I001740-03,LN001740,2026-02-09,400000.00,57600.00
R0010007,I001875-04,LN001875,2026-02-09,1200000.00,172800.00
R0010008,I000225-01,LN000225,2026-02-10,2008333.34,289200.00
R0010009,I000290-01,LN000290,2026-02-10,1150000.00,165600.00
R0010010,I000360-03,LN000360,2026-02-10,733333.33,26400.00
R0010011,I000511-02,LN000511,2026-02-10,1291666.67,93000.00
R0010012,I000525-18,LN000525,2026-02-10,322222.22,69600.00
R0010013,I000640-07,LN000640,2026-02-10,677777.78,73200.00
R0010014,I000708-11,LN000708,2026-02-10,1358333.33,195600.00
R0010015,I000777-12,LN000777,2026-02-10,211111.11,45600.00
R0010016,I000823-06,LN000823,2026-02-10,1544444.45,333600.00
R0010017,I001245-01,LN001245,2026-02-10,2383333.34,343200.00
R0010018,I001268-09,LN001268,2026-02-10,2083333.33,300000.00
R0010019,I001340-04,LN001340,2026-02-10,241666.67,34800.00
R0010020,I001507-05,LN001507,2026-02-10,566666.67,81600.00
R0010021,I001595-03,LN001595,2026-02-10,858333.34,123600.00
R0010022,I001693-05,LN001693,2026-02-10,500000.00,72000.00
R0010023,I001947-03,LN001947,2026-02-10,3716666.67,267600.00
R0010024,I000061-03,LN000061,2026-02-11,4033333.33,145200.00
R0010025,I000072-12,LN000072,2026-02-11,845000.00,182520.00
R0010026,I000124-08,LN000124,2026-02-11,1122222.22,121200.00
R0010027,I000253-12,LN000253,2026-02-11,1577777.78,340800.00
R0010028,I000259-10,LN000259,2026-02-11,288888.89,62400.00
R0010029,I000312-07,LN000312,2026-02-11,291666.67,42000.00
R0010030,I000324-07,LN000324,2026-02-11,1322222.22,285600.00
R0010031,I000414-07,LN000414,2026-02-11,1238888.89,267600.00
R0010032,I000457-02,LN000457,2026-02-11,2391666.67,344400.00
R0010033,I000681-06,LN000681,2026-02-11,4800000.00,345600.00
R0010034,I000744-10,LN000744,2026-02-11,525000.00,75600.00
R0010035,I000791-02,LN000791,2026-02-11,1466666.67,211200.00
R0010036,I000854-09,LN000854,2026-02-11,1883333.33,271200.00
R0010037,I000997-09,LN000997,2026-02-11,2088888.88,225600.00
R0010038,I001106-04,LN001106,2026-02-11,433333.33,31200.00
R0010039,I001219-08,LN001219,2026-02-11,1475000.00,212400.00
R0010040,I001227-01,LN001227,2026-02-11,1933333.34,208800.00
R0010041,I001320-09,LN001320,2026-02-11,1405555.56,303600.00
R0010042,I001341-07,LN001341,2026-02-11,816666.67,117600.00
R0010043,I001353-04,LN001353,2026-02-11,302777.77,65400.00
R0010044,I001423-03,LN001423,2026-02-11,1758333.34,253200.00
R0010045,I001477-05,LN001477,2026-02-11,1450000.00,208800.00
R0010046,I001899-10,LN001899,2026-02-11,850000.00,122400.00
R0010047,I001944-09,LN001944,2026-02-11,633333.33,91200.00
R0010048,I000074-01,LN000074,2026-02-12,1533333.34,110400.00
R0010049,I000266-02,LN000266,2026-02-12,1825000.00,262800.00
R0010050,I000271-07,LN000271,2026-02-12,144444.45,31200.00
R0010051,I000637-03,LN000637,2026-02-12,1766666.67,127200.00
R0010052,I000724-05,LN000724,2026-02-12,1883333.33,271200.00
R0010053,I000972-04,LN000972,2026-02-12,1808333.34,260400.00
R0010054,I001051-08,LN001051,2026-02-12,1066666.67,230400.00
R0010055,I001119-12,LN001119,2026-02-12,1500000.00,216000.00
R0010056,I001136-12,LN001136,2026-02-12,666666.66,96000.00
R0010057,I001141-04,LN001141,2026-02-12,1583333.33,114000.00
R0010058,I001448-05,LN001448,2026-02-12,983333.33,141600.00
R0010059,I001466-07,LN001466,2026-02-12,2177777.77,235200.00
R0010060,I001471-10,LN001471,2026-02-12,475000.00,68400.00
R0010061,I001496-01,LN001496,2026-02-12,9800000.00,352800.00
R0010062,I001653-07,LN001653,2026-02-12,1291666.67,186000.00
R0010063,I001797-16,LN001797,2026-02-12,444444.44,96000.00
R0010064,I001876-04,LN001876,2026-02-12,4550000.00,327600.00
R0010065,I001900-01,LN001900,2026-02-12,841666.67,121200.00
R0010066,I000471-05,LN000471,2026-02-13,1150000.00,248400.00
R0010067,I000482-05,LN000482,2026-02-13,925000.00,133200.00
R0010068,I000619-02,LN000619,2026-02-13,1944444.45,210000.00
R0010069,I000626-06,LN000626,2026-02-13,1722222.22,186000.00
R0010070,I000800-16,LN000800,2026-02-13,511111.11,110400.00
R0010071,I000826-06,LN000826,2026-02-13,1116666.66,80400.00
R0010072,I001069-14,LN001069,2026-02-13,1405555.55,303600.00
R0010073,I001162-09,LN001162,2026-02-13,3033333.33,327600.00
R0010074,I001180-01,LN001180,2026-02-13,1133333.34,122400.00
R0010075,I001257-11,LN001257,2026-02-13,1316666.67,284400.00
R0010076,I001442-04,LN001442,2026-02-13,455555.56,49200.00
R0010077,I001625-06,LN001625,2026-02-13,788888.89,170400.00
R0010078,I001759-01,LN001759,2026-02-13,500000.00,108000.00
R0010079,I001939-01,LN001939,2026-02-13,1700000.00,244800.00
R0010080,I001962-07,LN001962,2026-02-13,517777.78,111840.00
R0010081,I001971-06,LN001971,2026-02-13,2766666.66,199200.00
R0010082,I000280-03,LN000280,2026-02-14,416666.67,90000.00
R0010083,I000666-06,LN000666,2026-02-14,822222.22,177600.00
R0010084,I000677-12,LN000677,2026-02-14,416666.67,90000.00
R0010085,I000850-02,LN000850,2026-02-14,505555.56,109200.00
R0010086,I001029-06,LN001029,2026-02-14,866666.67,124800.00
R0010087,I001262-05,LN001262,2026-02-14,400000.00,86400.00
R0010088,I001283-07,LN001283,2026-02-14,1177777.78,127200.00
R0010089,I001292-05,LN001292,2026-02-14,366666.67,52800.00
R0010090,I001474-02,LN001474,2026-02-14,1041666.67,150000.00
R0010091,I001540-18,LN001540,2026-02-14,727777.77,157200.00
R0010092,I001585-06,LN001585,2026-02-14,850000.00,61200.00
R0010093,I001642-13,LN001642,2026-02-14,450000.00,97200.00
R0010094,I001757-02,LN001757,2026-02-14,2133333.34,307200.00
R0010095,I001962-08,LN001962,2026-02-14,1294444.45,279600.00
R0010096,I000016-08,LN000016,2026-02-15,509166.66,109980.00
R0010097,I000138-05,LN000138,2026-02-15,2788888.89,301200.00
R0010098,I000157-01,LN000157,2026-02-15,500000.00,36000.00
R0010099,I000174-16,LN000174,2026-02-15,1500000.00,324000.00
R0010100,I000312-08,LN000312,2026-02-15,291666.67,42000.00
R0010101,I000436-11,LN000436,2026-02-15,1091666.66,157200.00
R0010102,I000793-03,LN000793,2026-02-15,1083333.33,78000.00
R0010103,I001082-10,LN001082,2026-02-15,316666.66,68400.00
R0010104,I001157-09,LN001157,2026-02-15,266666.66,28800.00
R0010105,I001356-02,LN001356,2026-02-15,2308333.34,332400.00
R0010106,I001413-12,LN001413,2026-02-15,1941666.66,279600.00
R0010107,I001425-10,LN001425,2026-02-15,1661111.11,358800.00
R0010108,I001436-03,LN001436,2026-02-15,4583333.33,330000.00
R0010109,I001524-08,LN001524,2026-02-15,1575000.00,226800.00
R0010110,I001762-13,LN001762,2026-02-15,700000.00,151200.00
R0010111,I001835-03,LN001835,2026-02-15,2141666.67,308400.00
R0010112,I000087-02,LN000087,2026-02-16,475000.00,68400.00
R0010113,I000343-09,LN000343,2026-02-16,1277777.77,138000.00
R0010114,I000648-17,LN000648,2026-02-16,220000.00,47520.00
R0010115,I000769-09,LN000769,2026-02-16,388888.89,84000.00
R0010116,I000803-12,LN000803,2026-02-16,1666666.66,240000.00
R0010117,I000804-04,LN000804,2026-02-16,4050000.00,291600.00
R0010118,I000953-03,LN000953,2026-02-16,4400000.00,316800.00
R0010119,I000954-04,LN000954,2026-02-16,275000.00,39600.00
R0010120,I000969-08,LN000969,2026-02-16,1841666.67,265200.00
R0010121,I001026-06,LN001026,2026-02-16,1483333.33,106800.00
R0010122,I001140-06,LN001140,2026-02-16,875000.00,126000.00
R0010123,I001182-01,LN001182,2026-02-16,2116666.67,152400.00
R0010124,I001260-03,LN001260,2026-02-16,1583333.33,114000.00
R0010125,I001652-06,LN001652,2026-02-16,2022222.22,218400.00
R0010126,I001858-09,LN001858,2026-02-16,725000.00,104400.00
R0010127,I001892-01,LN001892,2026-02-16,1416666.67,306000.00
R0010128,I001908-05,LN001908,2026-02-16,2266666.67,244800.00
R0010129,I001999-13,LN001999,2026-02-16,1600000.00,345600.00
R0010130,I000099-04,LN000099,2026-02-17,983333.34,141600.00
R0010131,I000108-04,LN000108,2026-02-17,1016666.67,146400.00
R0010132,I000166-02,LN000166,2026-02-17,4600000.00,331200.00
R0010133,I000338-01,LN000338,2026-02-17,2733333.34,196800.00
R0010134,I000348-06,LN000348,2026-02-17,900000.00,97200.00
R0010135,I000392-08,LN000392,2026-02-17,150000.00,32400.00
R0010136,I000406-05,LN000406,2026-02-17,300000.00,43200.00
R0010137,I000439-10,LN000439,2026-02-17,261111.11,56400.00
R0010138,I000698-02,LN000698,2026-02-17,355555.56,38400.00
R0010139,I000712-01,LN000712,2026-02-17,2233333.34,321600.00
R0010140,I000974-01,LN000974,2026-02-17,116666.66,25200.00
R0010141,I001225-10,LN001225,2026-02-17,508333.33,73200.00
R0010142,I001520-05,LN001520,2026-02-17,650000.00,140400.00
R0010143,I001615-10,LN001615,2026-02-17,1255555.56,271200.00
R0010144,I001949-07,LN001949,2026-02-17,322222.22,69600.00
R0010145,I000109-02,LN000109,2026-02-18,1025000.00,73800.00
R0010146,I000150-08,LN000150,2026-02-18,291666.67,42000.00
R0010147,I000345-05,LN000345,2026-02-18,608333.33,87600.00
R0010148,I000350-06,LN000350,2026-02-18,1280000.00,276480.00
R0010149,I000435-05,LN000435,2026-02-18,3500000.00,252000.00
R0010150,I000660-03,LN000660,2026-02-18,895833.33,129000.00
R0010151,I000668-08,LN000668,2026-02-18,3044444.44,328800.00
R0010152,I000778-01,LN000778,2026-02-18,1466666.67,316800.00
R0010153,I000915-05,LN000915,2026-02-18,820000.00,118080.00
R0010154,I000991-05,LN000991,2026-02-18,1033333.33,111600.00
R0010155,I001117-05,LN001117,2026-02-18,300000.00,21600.00
R0010156,I001454-09,LN001454,2026-02-18,473333.32,68160.00
R0010157,I001506-08,LN001506,2026-02-18,1172222.22,253200.00
R0010158,I001531-01,LN001531,2026-02-18,1650000.00,118800.00
R0010159,I000300-09,LN000300,2026-02-19,675000.00,72900.00
R0010160,I000618-02,LN000618,2026-02-19,1422222.23,307200.00
R0010161,I000871-01,LN000871,2026-02-19,891666.67,128400.00
R0010162,I000985-08,LN000985,2026-02-19,1211111.11,130800.00
R0010163,I001016-01,LN001016,2026-02-19,822222.23,88800.00
R0010164,I001085-02,LN001085,2026-02-19,316666.67,22800.00
R0010165,I001161-03,LN001161,2026-02-19,4066666.67,292800.00
R0010166,I001289-11,LN001289,2026-02-19,1337916.66,192660.00
R0010167,I001419-09,LN001419,2026-02-19,908333.33,130800.00
R0010168,I001623-07,LN001623,2026-02-19,766666.67,110400.00
R0010169,I001730-04,LN001730,2026-02-19,916666.67,66000.00
R0010170,I001828-06,LN001828,2026-02-19,1258333.33,181200.00
R0010171,I001986-06,LN001986,2026-02-19,600000.00,86400.00
R0010172,I000259-08,LN000259,2026-02-20,288888.89,62400.00
R0010173,I000334-05,LN000334,2026-02-20,1383333.34,298800.00
R0010174,I000735-05,LN000735,2026-02-20,4433333.33,319200.00
R0010175,I000798-10,LN000798,2026-02-20,1741666.66,250800.00
R0010176,I000990-01,LN000990,2026-02-20,250000.00,36000.00
R0010177,I001005-03,LN001005,2026-02-20,377777.78,40800.00
R0010178,I001327-10,LN001327,2026-02-20,608333.33,87600.00
R0010179,I001328-16,LN001328,2026-02-20,550000.00,118800.00
R0010180,I001368-06,LN001368,2026-02-20,2125000.00,306000.00
R0010181,I001373-05,LN001373,2026-02-20,1958333.33,282000.00
R0010182,I001656-02,LN001656,2026-02-20,3044444.45,328800.00
R0010183,I001926-09,LN001926,2026-02-20,2022222.22,218400.00
R0010184,I001927-03,LN001927,2026-02-20,8433333.33,303600.00
R0010185,I000084-18,LN000084,2026-02-21,294444.44,63600.00
R0010186,I000119-11,LN000119,2026-02-21,2375000.00,342000.00
R0010187,I000158-02,LN000158,2026-02-21,2533333.34,182400.00
R0010188,I000199-09,LN000199,2026-02-21,2241666.66,322800.00
R0010189,I000348-07,LN000348,2026-02-21,900000.00,97200.00
R0010190,I000371-10,LN000371,2026-02-21,2175000.00,313200.00
R0010191,I000385-02,LN000385,2026-02-21,4333333.34,312000.00
R0010192,I000530-05,LN000530,2026-02-21,1866666.66,134400.00
R0010193,I000571-01,LN000571,2026-02-21,7266666.67,261600.00
R0010194,I000684-04,LN000684,2026-02-21,2366666.67,340800.00
R0010195,I000739-14,LN000739,2026-02-21,1294444.44,279600.00
R0010196,I000860-05,LN000860,2026-02-21,1466666.66,105600.00
R0010197,I001007-08,LN001007,2026-02-21,195555.55,42240.00
R0010198,I001116-02,LN001116,2026-02-21,1855555.56,200400.00
R0010199,I001273-05,LN001273,2026-02-21,2688888.89,290400.00
R0010200,I001293-03,LN001293,2026-02-21,3066666.66,110400.00
R0010201,I001299-08,LN001299,2026-02-21,1183333.33,170400.00
R0010202,I001337-05,LN001337,2026-02-21,2688888.89,290400.00
R0010203,I001418-05,LN001418,2026-02-21,533333.33,57600.00
R0010204,I001510-08,LN001510,2026-02-21,2341666.67,337200.00
R0010205,I001691-01,LN001691,2026-02-21,675000.00,97200.00
R0010206,I001731-11,LN001731,2026-02-21,1316666.67,284400.00
R0010207,I001789-02,LN001789,2026-02-21,2291666.67,330000.00
R0010208,I002000-10,LN002000,2026-02-21,333333.33,48000.00
R0010209,I000043-03,LN000043,2026-02-22,766666.67,55200.00
R0010210,I000049-07,LN000049,2026-02-22,2266666.67,326400.00
R0010211,I000245-07,LN000245,2026-02-22,2225000.00,320400.00
R0010212,I000331-11,LN000331,2026-02-22,2408333.33,346800.00
R0010213,I000797-12,LN000797,2026-02-22,905555.55,195600.00
R0010214,I000914-01,LN000914,2026-02-22,364583.33,52500.00
R0010215,I000965-05,LN000965,2026-02-22,4150000.00,298800.00
R0010216,I000982-11,LN000982,2026-02-22,988888.89,213600.00
R0010217,I001267-12,LN001267,2026-02-22,1066666.66,153600.00
R0010218,I001374-18,LN001374,2026-02-22,888888.88,192000.00
R0010219,I001432-05,LN001432,2026-02-22,4250000.00,306000.00
R0010220,I001433-10,LN001433,2026-02-22,1216666.66,175200.00
R0010221,I001769-03,LN001769,2026-02-22,672222.23,145200.00
R0010222,I000220-05,LN000220,2026-02-23,4650000.00,334800.00
R0010223,I000339-07,LN000339,2026-02-23,933333.33,100800.00
R0010224,I000414-10,LN000414,2026-02-23,1238888.89,267600.00
R0010225,I000558-01,LN000558,2026-02-23,727777.78,157200.00
R0010226,I000685-06,LN000685,2026-02-23,1491666.67,214800.00
R0010227,I001098-16,LN001098,2026-02-23,577777.77,124800.00
R0010228,I001125-01,LN001125,2026-02-23,2025000.00,291600.00
R0010229,I001328-14,LN001328,2026-02-23,137500.00,29700.00
R0010230,I001613-11,LN001613,2026-02-23,1591666.66,229200.00
R0010231,I001717-03,LN001717,2026-02-23,3300000.00,356400.00
R0010232,I001746-06,LN001746,2026-02-23,166666.67,24000.00
R0010233,I001763-01,LN001763,2026-02-23,2750000.00,198000.00
R0010234,I001857-05,LN001857,2026-02-23,1333333.33,96000.00
R0010235,I001940-17,LN001940,2026-02-23,1122222.22,242400.00
R0010236,I000125-06,LN000125,2026-02-24,1688888.89,182400.00
R0010237,I000293-17,LN000293,2026-02-24,1100000.00,237600.00
R0010238,I000309-07,LN000309,2026-02-24,2308333.33,332400.00
R0010239,I000336-06,LN000336,2026-02-24,191666.67,27600.00
R0010240,I000728-17,LN000728,2026-02-24,516666.66,111600.00
R0010241,I000793-05,LN000793,2026-02-24,1083333.33,78000.00
R0010242,I000993-02,LN000993,2026-02-24,4416666.67,318000.00
R0010243,I001017-04,LN001017,2026-02-24,4483333.33,322800.00
R0010244,I001103-09,LN001103,2026-02-24,1688888.88,182400.00
R0010245,I001141-03,LN001141,2026-02-24,1583333.33,114000.00
R0010246,I001243-02,LN001243,2026-02-24,933333.34,134400.00
R0010247,I001424-02,LN001424,2026-02-24,2700000.00,194400.00
R0010248,I001490-03,LN001490,2026-02-24,2322222.22,250800.00
R0010249,I001589-17,LN001589,2026-02-24,1294444.44,279600.00
R0010250,I001593-05,LN001593,2026-02-24,4183333.33,301200.00
R0010251,I001725-09,LN001725,2026-02-24,1944444.44,210000.00
R0010252,I001849-10,LN001849,2026-02-24,541666.66,78000.00
R0010253,I001936-06,LN001936,2026-02-24,4000000.00,288000.00
R0010254,I000169-03,LN000169,2026-02-25,227777.78,49200.00
R0010255,I000291-08,LN000291,2026-02-25,1008333.33,145200.00
R0010256,I000405-09,LN000405,2026-02-25,2391666.66,344400.00
R0010257,I000502-11,LN000502,2026-02-25,391666.66,56400.00
R0010258,I000608-08,LN000608,2026-02-25,633333.33,136800.00
R0010259,I000658-05,LN000658,2026-02-25,566666.67,61200.00
R0010260,I000804-05,LN000804,2026-02-25,4050000.00,291600.00
R0010261,I000887-08,LN000887,2026-02-25,516666.67,74400.00
R0010262,I001224-10,LN001224,2026-02-25,622222.22,134400.00
R0010263,I001494-02,LN001494,2026-02-25,1483333.34,213600.00
R0010264,I001732-07,LN001732,2026-02-25,2441666.67,351600.00
R0010265,I001823-05,LN001823,2026-02-25,1758333.33,253200.00
R0010266,I001831-06,LN001831,2026-02-25,408333.33,58800.00
R0010267,I001891-06,LN001891,2026-02-25,666666.66,48000.00
R0010268,I000078-03,LN000078,2026-02-26,644444.45,139200.00
R0010269,I000337-04,LN000337,2026-02-26,1133333.33,81600.00
R0010270,I000338-02,LN000338,2026-02-26,2733333.34,196800.00
R0010271,I000413-06,LN000413,2026-02-26,125000.00,18000.00
R0010272,I000480-04,LN000480,2026-02-26,516666.67,111600.00
R0010273,I000516-11,LN000516,2026-02-26,1216666.66,175200.00
R0010274,I000582-02,LN000582,2026-02-26,950000.00,34200.00
R0010275,I000726-03,LN000726,2026-02-26,466666.67,67200.00
R0010276,I000731-03,LN000731,2026-02-26,2091666.67,301200.00
R0010277,I000734-06,LN000734,2026-02-26,3640000.00,262080.00
R0010278,I000886-04,LN000886,2026-02-26,2733333.33,196800.00
R0010279,I001001-06,LN001001,2026-02-26,300000.00,21600.00
R0010280,I001058-05,LN001058,2026-02-26,533333.33,76800.00
R0010281,I001218-04,LN001218,2026-02-26,516666.67,74400.00
R0010282,I001242-03,LN001242,2026-02-26,2375000.00,342000.00
R0010283,I001305-14,LN001305,2026-02-26,1088888.89,235200.00
R0010284,I001605-03,LN001605,2026-02-26,2266666.67,326400.00
R0010285,I001808-02,LN001808,2026-02-26,583333.34,84000.00
R0010286,I001820-02,LN001820,2026-02-26,2208333.34,318000.00
R0010287,I000038-03,LN000038,2026-02-27,433333.34,46800.00
R0010288,I000260-09,LN000260,2026-02-27,2475000.00,356400.00
R0010289,I000304-02,LN000304,2026-02-27,1491666.67,214800.00
R0010290,I000330-05,LN000330,2026-02-27,700000.00,100800.00
R0010291,I000464-16,LN000464,2026-02-27,544444.44,117600.00
R0010292,I000473-06,LN000473,2026-02-27,1638888.89,354000.00
R0010293,I000507-12,LN000507,2026-02-27,1691666.66,243600.00
R0010294,I000551-04,LN000551,2026-02-27,1783333.34,256800.00
R0010295,I000582-03,LN000582,2026-02-27,3800000.00,136800.00
R0010296,I000764-07,LN000764,2026-02-27,216666.67,31200.00
R0010297,I000826-05,LN000826,2026-02-27,1116666.66,80400.00
R0010298,I000861-11,LN000861,2026-02-27,391666.66,56400.00
R0010299,I001297-03,LN001297,2026-02-27,2655555.56,286800.00
R0010300,I001334-03,LN001334,2026-02-27,683333.33,49200.00
R0010301,I001410-07,LN001410,2026-02-27,1316666.67,284400.00
R0010302,I001506-09,LN001506,2026-02-27,1172222.22,253200.00
R0010303,I001651-10,LN001651,2026-02-27,241666.66,34800.00
R0010304,I001762-12,LN001762,2026-02-27,700000.00,151200.00
R0010305,I001782-02,LN001782,2026-02-27,900000.00,64800.00
R0010306,I000006-09,LN000006,2026-02-28,1083333.33,156000.00
R0010307,I000010-01,LN000010,2026-02-28,2477777.78,267600.00
R0010308,I000043-04,LN000043,2026-02-28,766666.67,55200.00
R0010309,I000095-15,LN000095,2026-02-28,233333.33,50400.00
R0010310,I000100-02,LN000100,2026-02-28,166666.67,24000.00
R0010311,I000121-01,LN000121,2026-02-28,683333.34,49200.00
R0010312,I000133-03,LN000133,2026-02-28,2175000.00,313200.00
R0010313,I000146-04,LN000146,2026-02-28,1416666.67,204000.00
R0010314,I000151-08,LN000151,2026-02-28,1241666.67,178800.00
R0010315,I000247-09,LN000247,2026-02-28,2366666.66,340800.00
R0010316,I000311-04,LN000311,2026-02-28,1800000.00,129600.00
R0010317,I000390-01,LN000390,2026-02-28,283333.34,20400.00
R0010318,I000441-04,LN000441,2026-02-28,2216666.67,159600.00
R0010319,I000445-11,LN000445,2026-02-28,350000.00,50400.00
R0010320,I000500-04,LN000500,2026-02-28,4433333.33,319200.00
R0010321,I000508-05,LN000508,2026-02-28,883333.33,127200.00
R0010322,I000609-07,LN000609,2026-02-28,2075000.00,298800.00
R0010323,I000762-09,LN000762,2026-02-28,1875000.00,270000.00
R0010324,I000783-06,LN000783,2026-02-28,458333.33,66000.00
R0010325,I000794-11,LN000794,2026-02-28,94444.44,20400.00
R0010326,I000805-04,LN000805,2026-02-28,2416666.67,174000.00
R0010327,I000841-09,LN000841,2026-02-28,788888.89,170400.00
R0010328,I000846-08,LN000846,2026-02-28,2744444.44,296400.00
R0010329,I000873-04,LN000873,2026-02-28,491666.67,70800.00
R0010330,I001111-11,LN001111,2026-02-28,158333.33,22800.00
R0010331,I001212-05,LN001212,2026-02-28,2258333.33,325200.00
R0010332,I001258-18,LN001258,2026-02-28,1038888.88,224400.00
R0010333,I001330-02,LN001330,2026-02-28,188888.89,20400.00
R0010334,I001478-02,LN001478,2026-02-28,1066666.67,76800.00
R0010335,I001533-17,LN001533,2026-02-28,211111.11,45600.00
R0010336,I001544-12,LN001544,2026-02-28,76388.88,16500.00
R0010337,I001545-02,LN001545,2026-02-28,8400000.00,302400.00
R0010338,I001597-09,LN001597,2026-02-28,533333.33,76800.00
R0010339,I001699-03,LN001699,2026-02-28,775000.00,111600.00
R0010340,I001723-01,LN001723,2026-02-28,2277777.78,246000.00
R0010341,I001733-16,LN001733,2026-02-28,161111.11,34800.00
R0010342,I001735-01,LN001735,2026-02-28,966666.67,69600.00
R0010343,I001768-06,LN001768,2026-02-28,1116666.67,160800.00
R0010344,I001814-02,LN001814,2026-02-28,3183333.34,229200.00
R0010345,I001967-05,LN001967,2026-02-28,266666.66,19200.00
R0010346,I000167-04,LN000167,2026-03-01,2000000.00,288000.00
R0010347,I000182-12,LN000182,2026-03-01,625000.00,90000.00
R0010348,I000207-07,LN000207,2026-03-01,1041666.67,150000.00
R0010349,I000229-02,LN000229,2026-03-01,522222.23,56400.00
R0010350,I000261-03,LN000261,2026-03-01,4883333.33,351600.00
R0010351,I000290-02,LN000290,2026-03-01,1150000.00,165600.00
R0010352,I000320-01,LN000320,2026-03-01,711111.12,76800.00
R0010353,I000324-05,LN000324,2026-03-01,1322222.22,285600.00
R0010354,I000604-05,LN000604,2026-03-01,2450000.00,176400.00
R0010355,I000687-11,LN000687,2026-03-01,1750000.00,252000.00
R0010356,I000718-10,LN000718,2026-03-01,1533333.33,220800.00
R0010357,I000823-07,LN000823,2026-03-01,1544444.45,333600.00
R0010358,I000834-06,LN000834,2026-03-01,583333.33,84000.00
R0010359,I001505-08,LN001505,2026-03-01,291666.67,42000.00
R0010360,I001744-12,LN001744,2026-03-01,2450000.00,352800.00
R0010361,I000003-05,LN000003,2026-03-02,933333.33,134400.00
R0010362,I000076-11,LN000076,2026-03-02,800000.00,115200.00
R0010363,I000093-02,LN000093,2026-03-02,2677777.78,289200.00
R0010364,I000137-03,LN000137,2026-03-02,3000000.00,216000.00
R0010365,I000259-11,LN000259,2026-03-02,288888.89,62400.00
R0010366,I000334-06,LN000334,2026-03-02,1383333.34,298800.00
R0010367,I000631-01,LN000631,2026-03-02,7033333.34,253200.00
R0010368,I000676-03,LN000676,2026-03-02,333333.33,24000.00
R0010369,I000677-10,LN000677,2026-03-02,416666.67,90000.00
R0010370,I000743-04,LN000743,2026-03-02,312500.00,45000.00
R0010371,I000994-08,LN000994,2026-03-02,888888.89,192000.00
R0010372,I001183-09,LN001183,2026-03-02,1108333.33,159600.00
R0010373,I001224-09,LN001224,2026-03-02,622222.22,134400.00
R0010374,I001273-06,LN001273,2026-03-02,2688888.89,290400.00
R0010375,I001435-04,LN001435,2026-03-02,2100000.00,151200.00
R0010376,I001511-03,LN001511,2026-03-02,3400000.00,244800.00
R0010377,I001623-08,LN001623,2026-03-02,766666.67,110400.00
R0010378,I001663-06,LN001663,2026-03-02,533333.33,76800.00
R0010379,I001688-04,LN001688,2026-03-02,2344444.45,253200.00
R0010380,I001700-05,LN001700,2026-03-02,2983333.33,214800.00
R0010381,I001801-02,LN001801,2026-03-02,733333.34,158400.00
R0010382,I001877-09,LN001877,2026-03-02,1227777.78,265200.00
R0010383,I001985-06,LN001985,2026-03-02,1488888.89,160800.00
R0010384,I000225-02,LN000225,2026-03-03,2008333.34,289200.00
R0010385,I000228-13,LN000228,2026-03-03,1172222.22,253200.00
R0010386,I000236-02,LN000236,2026-03-03,2083333.34,300000.00
R0010387,I000397-17,LN000397,2026-03-03,120833.33,26100.00
R0010388,I000411-08,LN000411,2026-03-03,1277777.78,276000.00
R0010389,I000519-07,LN000519,2026-03-03,853333.33,92160.00
R0010390,I001189-03,LN001189,2026-03-03,775000.00,111600.00
R0010391,I001270-06,LN001270,2026-03-03,3122222.22,337200.00
R0010392,I001408-05,LN001408,2026-03-03,1733333.33,187200.00
R0010393,I001668-18,LN001668,2026-03-03,388888.88,84000.00
R0010394,I001797-17,LN001797,2026-03-03,444444.44,96000.00
R0010395,I001816-09,LN001816,2026-03-03,1600000.00,230400.00
R0010396,I001863-05,LN001863,2026-03-03,1800000.00,259200.00
R0010397,I000124-09,LN000124,2026-03-04,1122222.22,121200.00
R0010398,I000132-05,LN000132,2026-03-04,2125000.00,306000.00
R0010399,I000497-06,LN000497,2026-03-04,1758333.33,253200.00
R0010400,I000513-05,LN000513,2026-03-04,1975000.00,142200.00
R0010401,I000573-18,LN000573,2026-03-04,1583333.33,342000.00
R0010402,I000828-07,LN000828,2026-03-04,1622222.22,175200.00
R0010403,I000932-07,LN000932,2026-03-04,1483333.33,213600.00
R0010404,I000952-18,LN000952,2026-03-04,1072222.22,231600.00
R0010405,I000974-02,LN000974,2026-03-04,466666.67,100800.00
R0010406,I001050-01,LN001050,2026-03-04,1550000.00,223200.00
R0010407,I001069-15,LN001069,2026-03-04,1405555.55,303600.00
R0010408,I001214-10,LN001214,2026-03-04,416666.66,60000.00
R0010409,I001235-01,LN001235,2026-03-04,1758333.34,253200.00
R0010410,I001253-17,LN001253,2026-03-04,244444.44,52800.00
R0010411,I001839-02,LN001839,2026-03-04,4883333.34,351600.00
R0010412,I000015-05,LN000015,2026-03-05,375000.00,54000.00
R0010413,I000224-03,LN000224,2026-03-05,4033333.33,145200.00
R0010414,I000265-02,LN000265,2026-03-05,875000.00,126000.00
R0010415,I000299-07,LN000299,2026-03-05,1386666.66,149760.00
R0010416,I000346-02,LN000346,2026-03-05,2933333.34,316800.00
R0010417,I000389-02,LN000389,2026-03-05,2988888.89,322800.00
R0010418,I000670-10,LN000670,2026-03-05,441666.66,63600.00
R0010419,I000831-07,LN000831,2026-03-05,3255555.55,351600.00
R0010420,I000984-05,LN000984,2026-03-05,316666.66,45600.00
R0010421,I001010-04,LN001010,2026-03-05,666666.67,96000.00
R0010422,I001012-14,LN001012,2026-03-05,872222.22,188400.00
R0010423,I001242-02,LN001242,2026-03-05,1900000.00,273600.00
R0010424,I001299-07,LN001299,2026-03-05,1183333.33,170400.00
R0010425,I001336-03,LN001336,2026-03-05,3616666.67,260400.00
R0010426,I001471-11,LN001471,2026-03-05,475000.00,68400.00
R0010427,I001494-03,LN001494,2026-03-05,1483333.34,213600.00
R0010428,I001514-04,LN001514,2026-03-05,1066666.67,76800.00
R0010429,I001586-06,LN001586,2026-03-05,1516666.67,218400.00
R0010430,I001653-08,LN001653,2026-03-05,1291666.67,186000.00
R0010431,I001713-03,LN001713,2026-03-05,2566666.67,184800.00
R0010432,I001824-04,LN001824,2026-03-05,3533333.33,254400.00
R0010433,I001928-17,LN001928,2026-03-05,220000.00,47520.00
R0010434,I000017-01,LN000017,2026-03-06,2375000.00,342000.00
R0010435,I000299-08,LN000299,2026-03-06,866666.66,93600.00
R0010436,I000332-10,LN000332,2026-03-06,2108333.33,303600.00
R0010437,I000460-08,LN000460,2026-03-06,333333.33,48000.00
R0010438,I000648-15,LN000648,2026-03-06,550000.00,118800.00
R0010439,I000998-03,LN000998,2026-03-06,3100000.00,223200.00
R0010440,I001197-03,LN001197,2026-03-06,3400000.00,244800.00
R0010441,I001201-12,LN001201,2026-03-06,325000.00,46800.00
R0010442,I001254-05,LN001254,2026-03-06,2722222.22,294000.00
R0010443,I001341-08,LN001341,2026-03-06,816666.67,117600.00
R0010444,I001364-03,LN001364,2026-03-06,4716666.67,339600.00
R0010445,I001423-04,LN001423,2026-03-06,1758333.34,253200.00
R0010446,I001472-09,LN001472,2026-03-06,328611.11,70980.00
R0010447,I001777-07,LN001777,2026-03-06,1211111.11,261600.00
R0010448,I001804-05,LN001804,2026-03-06,183333.33,26400.00
R0010449,I001829-09,LN001829,2026-03-06,2566666.66,277200.00
R0010450,I001943-02,LN001943,2026-03-06,379166.66,54600.00
R0010451,I000030-02,LN000030,2026-03-07,1311111.12,283200.00
R0010452,I000488-06,LN000488,2026-03-07,2850000.00,205200.00
R0010453,I000579-01,LN000579,2026-03-07,1266666.67,273600.00
R0010454,I000606-12,LN000606,2026-03-07,1953333.32,281280.00
R0010455,I000666-07,LN000666,2026-03-07,822222.22,177600.00
R0010456,I000752-17,LN000752,2026-03-07,1627777.77,351600.00
R0010457,I000895-01,LN000895,2026-03-07,2391666.67,344400.00
R0010458,I001061-06,LN001061,2026-03-07,253333.33,36480.00
R0010459,I001071-01,LN001071,2026-03-07,1366666.67,196800.00
R0010460,I001084-02,LN001084,2026-03-07,2233333.34,160800.00
R0010461,I001095-03,LN001095,2026-03-07,433333.34,62400.00
R0010462,I001400-04,LN001400,2026-03-07,2333333.34,336000.00
R0010463,I001501-08,LN001501,2026-03-07,994444.45,214800.00
R0010464,I001601-12,LN001601,2026-03-07,541666.66,78000.00
R0010465,I001620-09,LN001620,2026-03-07,1108333.33,159600.00
R0010466,I001654-01,LN001654,2026-03-07,4683333.34,337200.00
R0010467,I001694-09,LN001694,2026-03-07,1216666.66,175200.00
R0010468,I001728-05,LN001728,2026-03-07,261111.11,56400.00
R0010469,I001828-08,LN001828,2026-03-07,1258333.33,181200.00
R0010470,I001956-03,LN001956,2026-03-07,1033333.34,111600.00
R0010471,I000005-16,LN000005,2026-03-08,300000.00,64800.00
R0010472,I000181-17,LN000181,2026-03-08,1561111.11,337200.00
R0010473,I000193-09,LN000193,2026-03-08,344444.44,37200.00
R0010474,I000228-12,LN000228,2026-03-08,1172222.22,253200.00
R0010475,I000955-12,LN000955,2026-03-08,1433333.33,309600.00
R0010476,I001011-01,LN001011,2026-03-08,2700000.00,97200.00
R0010477,I001056-01,LN001056,2026-03-08,1766666.67,254400.00
R0010478,I001180-02,LN001180,2026-03-08,1133333.34,122400.00
R0010479,I001335-14,LN001335,2026-03-08,1616666.66,349200.00
R0010480,I001343-08,LN001343,2026-03-08,83333.33,18000.00
R0010481,I001409-11,LN001409,2026-03-08,650000.00,93600.00
R0010482,I001426-07,LN001426,2026-03-08,494444.45,106800.00
R0010483,I001441-05,LN001441,2026-03-08,408333.33,58800.00
R0010484,I001863-04,LN001863,2026-03-08,1800000.00,259200.00
R0010485,I001969-01,LN001969,2026-03-08,1950000.00,280800.00
R0010486,I000144-01,LN000144,2026-03-09,2844444.45,307200.00
R0010487,I000173-08,LN000173,2026-03-09,341666.66,49200.00
R0010488,I000214-05,LN000214,2026-03-09,1100000.00,158400.00
R0010489,I000253-13,LN000253,2026-03-09,1577777.78,340800.00
R0010490,I000299-09,LN000299,2026-03-09,866666.66,93600.00
R0010491,I000316-11,LN000316,2026-03-09,1975000.00,284400.00
R0010492,I000400-05,LN000400,2026-03-09,2433333.33,350400.00
R0010493,I000564-04,LN000564,2026-03-09,716666.67,103200.00
R0010494,I000637-05,LN000637,2026-03-09,1766666.66,127200.00
R0010495,I000817-12,LN000817,2026-03-09,858333.33,123600.00
R0010496,I000874-05,LN000874,2026-03-09,350000.00,50400.00
R0010497,I000914-02,LN000914,2026-03-09,1458333.34,210000.00
R0010498,I000965-06,LN000965,2026-03-09,4150000.00,298800.00
R0010499,I001152-06,LN001152,2026-03-09,2283333.33,164400.00
R0010500,I001155-04,LN001155,2026-03-09,3266666.67,235200.00
R0010501,I001161-04,LN001161,2026-03-09,4066666.67,292800.00
R0010502,I001266-08,LN001266,2026-03-09,1675000.00,241200.00
R0010503,I001296-01,LN001296,2026-03-09,575000.00,82800.00
R0010504,I001441-03,LN001441,2026-03-09,204166.67,29400.00
R0010505,I001458-05,LN001458,2026-03-09,2191666.67,315600.00
R0010506,I001544-11,LN001544,2026-03-09,305555.55,66000.00
R0010507,I001554-08,LN001554,2026-03-09,1688888.89,182400.00
R0010508,I001667-09,LN001667,2026-03-09,522222.22,56400.00
R0010509,I001740-04,LN001740,2026-03-09,400000.00,57600.00
R0010510,I001856-06,LN001856,2026-03-09,2955555.55,319200.00
R0010511,I001870-01,LN001870,2026-03-09,485416.66,69900.00
R0010512,I001944-10,LN001944,2026-03-09,633333.33,91200.00
R0010513,I001962-09,LN001962,2026-03-09,1294444.44,279600.00
R0010514,I001973-03,LN001973,2026-03-09,1711111.11,184800.00
R0010515,I000086-12,LN000086,2026-03-10,920833.33,198900.00
R0010516,I000252-08,LN000252,2026-03-10,572916.66,82500.00
R0010517,I000304-03,LN000304,2026-03-10,372916.66,53700.00
R0010518,I000519-08,LN000519,2026-03-10,2133333.33,230400.00
R0010519,I000687-09,LN000687,2026-03-10,1750000.00,252000.00
R0010520,I000868-07,LN000868,2026-03-10,2648888.88,286080.00
R0010521,I001067-01,LN001067,2026-03-10,3266666.67,235200.00
R0010522,I001082-11,LN001082,2026-03-10,633333.33,136800.00
R0010523,I001101-06,LN001101,2026-03-10,4166666.66,300000.00
R0010524,I001141-05,LN001141,2026-03-10,1029166.66,74100.00
R0010525,I001220-07,LN001220,2026-03-10,2308333.33,332400.00
R0010526,I001245-02,LN001245,2026-03-10,2383333.34,343200.00
R0010527,I001361-01,LN001361,2026-03-10,1255555.56,271200.00
R0010528,I001440-02,LN001440,2026-03-10,3283333.34,236400.00
R0010529,I001606-05,LN001606,2026-03-10,761111.11,164400.00
R0010530,I001825-05,LN001825,2026-03-10,966666.67,104400.00
R0010531,I000123-03,LN000123,2026-03-11,3750000.00,270000.00
R0010532,I000255-05,LN000255,2026-03-11,1650000.00,118800.00
R0010533,I000324-08,LN000324,2026-03-11,1322222.22,285600.00
R0010534,I000457-03,LN000457,2026-03-11,2391666.67,344400.00
R0010535,I000512-01,LN000512,2026-03-11,733333.34,26400.00
R0010536,I000568-11,LN000568,2026-03-11,1208333.33,174000.00
R0010537,I000658-06,LN000658,2026-03-11,566666.67,61200.00
R0010538,I000791-03,LN000791,2026-03-11,1466666.67,211200.00
R0010539,I001082-09,LN001082,2026-03-11,316666.66,68400.00
R0010540,I001106-05,LN001106,2026-03-11,433333.33,31200.00
R0010541,I001121-04,LN001121,2026-03-11,2900000.00,208800.00
R0010542,I001239-04,LN001239,2026-03-11,2233333.33,241200.00
R0010543,I001320-10,LN001320,2026-03-11,1405555.56,303600.00
R0010544,I001322-12,LN001322,2026-03-11,916666.66,132000.00
R0010545,I001349-16,LN001349,2026-03-11,977777.77,211200.00
R0010546,I001419-08,LN001419,2026-03-11,227083.33,32700.00
R0010547,I001442-05,LN001442,2026-03-11,455555.56,49200.00
R0010548,I001477-06,LN001477,2026-03-11,1450000.00,208800.00
R0010549,I001632-04,LN001632,2026-03-11,2155555.56,232800.00
R0010550,I001887-01,LN001887,2026-03-11,1975000.00,284400.00
R0010551,I001899-11,LN001899,2026-03-11,850000.00,122400.00
R0010552,I001939-02,LN001939,2026-03-11,1700000.00,244800.00
R0010553,I001999-14,LN001999,2026-03-11,1600000.00,345600.00
R0010554,I000074-02,LN000074,2026-03-12,1533333.34,110400.00
R0010555,I000255-06,LN000255,2026-03-12,412500.00,29700.00
R0010556,I000571-02,LN000571,2026-03-12,7266666.67,261600.00
R0010557,I000577-03,LN000577,2026-03-12,3011111.11,325200.00
R0010558,I000660-04,LN000660,2026-03-12,1791666.67,258000.00
R0010559,I000807-01,LN000807,2026-03-12,9600000.00,345600.00
R0010560,I000903-01,LN000903,2026-03-12,1683333.34,242400.00
R0010561,I000946-01,LN000946,2026-03-12,975000.00,140400.00
R0010562,I001051-09,LN001051,2026-03-12,1066666.67,230400.00
R0010563,I001106-03,LN001106,2026-03-12,108333.33,7800.00
R0010564,I001190-01,LN001190,2026-03-12,933333.34,100800.00
R0010565,I001275-02,LN001275,2026-03-12,3233333.34,232800.00
R0010566,I001466-08,LN001466,2026-03-12,2722222.22,294000.00
R0010567,I001481-12,LN001481,2026-03-12,1525000.00,219600.00
R0010568,I001496-02,LN001496,2026-03-12,9800000.00,352800.00
R0010569,I001691-02,LN001691,2026-03-12,675000.00,97200.00
R0010570,I001808-01,LN001808,2026-03-12,583333.34,84000.00
R0010571,I001839-03,LN001839,2026-03-12,4883333.33,351600.00
R0010572,I001900-02,LN001900,2026-03-12,841666.67,121200.00
R0010573,I000318-03,LN000318,2026-03-13,1283333.34,277200.00
R0010574,I000363-09,LN000363,2026-03-13,2833333.33,306000.00
R0010575,I000471-06,LN000471,2026-03-13,1150000.00,248400.00
R0010576,I000556-18,LN000556,2026-03-13,1322222.22,285600.00
R0010577,I000619-03,LN000619,2026-03-13,1944444.45,210000.00
R0010578,I000626-07,LN000626,2026-03-13,1722222.22,186000.00
R0010579,I000683-01,LN000683,2026-03-13,6433333.34,231600.00
R0010580,I000899-05,LN000899,2026-03-13,1166666.67,168000.00
R0010581,I001071-02,LN001071,2026-03-13,1366666.67,196800.00
R0010582,I001219-09,LN001219,2026-03-13,1475000.00,212400.00
R0010583,I001227-02,LN001227,2026-03-13,1933333.34,208800.00
R0010584,I001368-07,LN001368,2026-03-13,2125000.00,306000.00
R0010585,I001371-03,LN001371,2026-03-13,188888.89,40800.00
R0010586,I001388-07,LN001388,2026-03-13,116666.67,25200.00
R0010587,I001436-04,LN001436,2026-03-13,4583333.33,330000.00
R0010588,I001514-05,LN001514,2026-03-13,1066666.66,76800.00
R0010589,I001548-07,LN001548,2026-03-13,860000.00,123840.00
R0010590,I001625-07,LN001625,2026-03-13,788888.89,170400.00
R0010591,I001646-11,LN001646,2026-03-13,1883333.33,271200.00
R0010592,I001766-07,LN001766,2026-03-13,2911111.11,314400.00
R0010593,I000109-01,LN000109,2026-03-14,3280000.00,236160.00
R0010594,I000140-08,LN000140,2026-03-14,572222.22,61800.00
R0010595,I000252-10,LN000252,2026-03-14,916666.66,132000.00
R0010596,I000297-06,LN000297,2026-03-14,2183333.33,314400.00
R0010597,I000385-03,LN000385,2026-03-14,4333333.33,312000.00
R0010598,I000655-01,LN000655,2026-03-14,950000.00,205200.00
R0010599,I000820-10,LN000820,2026-03-14,1188888.89,256800.00
R0010600,I000846-07,LN000846,2026-03-14,2744444.44,296400.00
R0010601,I000850-03,LN000850,2026-03-14,505555.56,109200.00
R0010602,I000899-06,LN000899,2026-03-14,1166666.67,168000.00
R0010603,I000953-04,LN000953,2026-03-14,1760000.00,126720.00
R0010604,I000954-05,LN000954,2026-03-14,275000.00,39600.00
R0010605,I001203-01,LN001203,2026-03-14,4350000.00,313200.00
R0010606,I001262-06,LN001262,2026-03-14,400000.00,86400.00
R0010607,I001319-06,LN001319,2026-03-14,758333.33,109200.00
R0010608,I001539-08,LN001539,2026-03-14,377777.78,81600.00
R0010609,I001631-06,LN001631,2026-03-14,1258333.33,181200.00
R0010610,I001757-03,LN001757,2026-03-14,2133333.34,307200.00
R0010611,I001943-04,LN001943,2026-03-14,1516666.67,218400.00
R0010612,I000013-10,LN000013,2026-03-15,2491666.66,358800.00
R0010613,I000030-03,LN000030,2026-03-15,1311111.11,283200.00
R0010614,I000109-03,LN000109,2026-03-15,4100000.00,295200.00
R0010615,I000174-17,LN000174,2026-03-15,1500000.00,324000.00
R0010616,I000196-09,LN000196,2026-03-15,1000000.00,216000.00
R0010617,I000426-07,LN000426,2026-03-15,1225000.00,176400.00
R0010618,I000482-06,LN000482,2026-03-15,925000.00,133200.00
R0010619,I000646-16,LN000646,2026-03-15,1505555.55,325200.00
R0010620,I000873-03,LN000873,2026-03-15,491666.67,70800.00
R0010621,I000890-02,LN000890,2026-03-15,2400000.00,86400.00
R0010622,I001425-11,LN001425,2026-03-15,1661111.11,358800.00
R0010623,I001499-07,LN001499,2026-03-15,2700000.00,291600.00
R0010624,I001501-09,LN001501,2026-03-15,994444.44,214800.00
R0010625,I001538-01,LN001538,2026-03-15,2500000.00,360000.00
R0010626,I001633-09,LN001633,2026-03-15,2300000.00,248400.00
R0010627,I001835-04,LN001835,2026-03-15,2141666.67,308400.00
R0010628,I001856-07,LN001856,2026-03-15,2955555.55,319200.00
R0010629,I000070-04,LN000070,2026-03-16,1561111.11,337200.00
R0010630,I000223-05,LN000223,2026-03-16,2100000.00,151200.00
R0010631,I000432-12,LN000432,2026-03-16,1402916.66,202020.00
R0010632,I000705-01,LN000705,2026-03-16,2241666.66,80700.00
R0010633,I000735-06,LN000735,2026-03-16,1108333.33,79800.00
R0010634,I000969-09,LN000969,2026-03-16,1841666.66,265200.00
R0010635,I000984-04,LN000984,2026-03-16,1266666.67,182400.00
R0010636,I001140-07,LN001140,2026-03-16,875000.00,126000.00
R0010637,I001182-02,LN001182,2026-03-16,2116666.67,152400.00
R0010638,I001283-08,LN001283,2026-03-16,1177777.77,127200.00
R0010639,I001375-03,LN001375,2026-03-16,950000.00,102600.00
R0010640,I001631-05,LN001631,2026-03-16,817916.66,117780.00
R0010641,I001706-01,LN001706,2026-03-16,233333.34,25200.00
R0010642,I001858-10,LN001858,2026-03-16,725000.00,104400.00
R0010643,I001915-05,LN001915,2026-03-16,791666.67,114000.00
R0010644,I000063-02,LN000063,2026-03-17,1261111.12,272400.00
R0010645,I000099-05,LN000099,2026-03-17,983333.33,141600.00
R0010646,I000108-05,LN000108,2026-03-17,1016666.67,146400.00
R0010647,I000138-06,LN000138,2026-03-17,2788888.89,301200.00
R0010648,I000145-08,LN000145,2026-03-17,2300000.00,248400.00
R0010649,I000406-06,LN000406,2026-03-17,300000.00,43200.00
R0010650,I000509-01,LN000509,2026-03-17,2366666.67,170400.00
R0010651,I000712-02,LN000712,2026-03-17,2233333.34,321600.00
R0010652,I000777-13,LN000777,2026-03-17,211111.11,45600.00
R0010653,I001066-03,LN001066,2026-03-17,944444.45,102000.00
R0010654,I001176-01,LN001176,2026-03-17,1655555.56,178800.00
R0010655,I001225-11,LN001225,2026-03-17,508333.33,73200.00
R0010656,I001233-04,LN001233,2026-03-17,3466666.67,249600.00
R0010657,I001520-06,LN001520,2026-03-17,650000.00,140400.00
R0010658,I001565-01,LN001565,2026-03-17,4883333.34,351600.00
R0010659,I001605-04,LN001605,2026-03-17,2266666.67,326400.00
R0010660,I001693-06,LN001693,2026-03-17,500000.00,72000.00
R0010661,I001946-07,LN001946,2026-03-17,2191666.67,315600.00
R0010662,I001983-01,LN001983,2026-03-17,1188888.89,128400.00
R0010663,I000075-06,LN000075,2026-03-18,4766666.66,343200.00
R0010664,I000113-01,LN000113,2026-03-18,1466666.67,211200.00
R0010665,I000195-02,LN000195,2026-03-18,905555.56,195600.00
R0010666,I000435-06,LN000435,2026-03-18,3500000.00,252000.00
R0010667,I000462-08,LN000462,2026-03-18,2050000.00,295200.00
R0010668,I000798-11,LN000798,2026-03-18,1741666.66,250800.00
R0010669,I000915-06,LN000915,2026-03-18,1332500.00,191880.00
R0010670,I001005-04,LN001005,2026-03-18,377777.78,40800.00
R0010671,I001117-06,LN001117,2026-03-18,300000.00,21600.00
R0010672,I001205-01,LN001205,2026-03-18,233333.34,50400.00
R0010673,I001286-10,LN001286,2026-03-18,2283333.33,328800.00
R0010674,I001373-06,LN001373,2026-03-18,1566666.66,225600.00
R0010675,I001531-02,LN001531,2026-03-18,1650000.00,118800.00
R0010676,I001847-07,LN001847,2026-03-18,2000000.00,288000.00
R0010677,I001986-05,LN001986,2026-03-18,480000.00,69120.00
R0010678,I000158-03,LN000158,2026-03-19,2533333.33,182400.00
R0010679,I000166-03,LN000166,2026-03-19,4600000.00,331200.00
R0010680,I000231-02,LN000231,2026-03-19,233333.34,33600.00
R0010681,I000249-06,LN000249,2026-03-19,583333.33,42000.00
R0010682,I000306-12,LN000306,2026-03-19,173333.33,24960.00
R0010683,I000311-05,LN000311,2026-03-19,1800000.00,129600.00
R0010684,I000337-05,LN000337,2026-03-19,1133333.33,81600.00
R0010685,I000617-08,LN000617,2026-03-19,1658333.33,238800.00
R0010686,I001268-10,LN001268,2026-03-19,2083333.33,300000.00
R0010687,I001308-11,LN001308,2026-03-19,2241666.66,322800.00
R0010688,I001388-08,LN001388,2026-03-19,116666.67,25200.00
R0010689,I001430-16,LN001430,2026-03-19,488888.89,105600.00
R0010690,I001507-06,LN001507,2026-03-19,566666.67,81600.00
R0010691,I001766-08,LN001766,2026-03-19,2911111.11,314400.00
R0010692,I001773-01,LN001773,2026-03-19,450000.00,32400.00
R0010693,I001876-05,LN001876,2026-03-19,4550000.00,327600.00
R0010694,I001947-04,LN001947,2026-03-19,3716666.67,267600.00
R0010695,I000049-08,LN000049,2026-03-20,2266666.67,326400.00
R0010696,I000312-09,LN000312,2026-03-20,291666.66,42000.00
R0010697,I000485-01,LN000485,2026-03-20,491666.67,70800.00
R0010698,I000718-11,LN000718,2026-03-20,1533333.33,220800.00
R0010699,I000804-06,LN000804,2026-03-20,4050000.00,291600.00
R0010700,I000892-03,LN000892,2026-03-20,916666.67,132000.00
R0010701,I000990-02,LN000990,2026-03-20,250000.00,36000.00
R0010702,I001061-07,LN001061,2026-03-20,633333.33,91200.00
R0010703,I001327-11,LN001327,2026-03-20,608333.33,87600.00
R0010704,I001353-05,LN001353,2026-03-20,1211111.11,261600.00
R0010705,I001656-03,LN001656,2026-03-20,3044444.45,328800.00
R0010706,I001699-01,LN001699,2026-03-20,775000.00,111600.00
R0010707,I001824-03,LN001824,2026-03-20,3533333.33,254400.00
R0010708,I001827-18,LN001827,2026-03-20,1405555.55,303600.00
R0010709,I000030-04,LN000030,2026-03-21,1311111.11,283200.00
R0010710,I000119-12,LN000119,2026-03-21,2375000.00,342000.00
R0010711,I000199-10,LN000199,2026-03-21,2241666.66,322800.00
R0010712,I000318-04,LN000318,2026-03-21,1283333.34,277200.00
R0010713,I000396-01,LN000396,2026-03-21,2108333.34,303600.00
R0010714,I000413-07,LN000413,2026-03-21,125000.00,18000.00
R0010715,I000473-05,LN000473,2026-03-21,1638888.89,354000.00
R0010716,I000739-15,LN000739,2026-03-21,1294444.44,279600.00
R0010717,I000830-09,LN000830,2026-03-21,1500000.00,216000.00
R0010718,I000843-06,LN000843,2026-03-21,1633333.33,117600.00
R0010719,I000860-06,LN000860,2026-03-21,1466666.66,105600.00
R0010720,I000995-01,LN000995,2026-03-21,1066666.67,76800.00
R0010721,I001501-10,LN001501,2026-03-21,994444.44,214800.00
R0010722,I001510-09,LN001510,2026-03-21,2341666.66,337200.00
R0010723,I001652-07,LN001652,2026-03-21,1617777.77,174720.00
R0010724,I001672-09,LN001672,2026-03-21,150000.00,21600.00
R0010725,I001688-05,LN001688,2026-03-21,2344444.44,253200.00
R0010726,I001789-03,LN001789,2026-03-21,2291666.67,330000.00
R0010727,I001808-03,LN001808,2026-03-21,583333.34,84000.00
R0010728,I001833-03,LN001833,2026-03-21,2533333.33,182400.00
R0010729,I002000-11,LN002000,2026-03-21,333333.33,48000.00
R0010730,I000228-14,LN000228,2026-03-22,1172222.22,253200.00
R0010731,I000317-04,LN000317,2026-03-22,425000.00,61200.00
R0010732,I000346-01,LN000346,2026-03-22,2933333.34,316800.00
R0010733,I000370-08,LN000370,2026-03-22,1855555.55,200400.00
R0010734,I000519-06,LN000519,2026-03-22,2133333.33,230400.00
R0010735,I000687-12,LN000687,2026-03-22,1750000.00,252000.00
R0010736,I000980-01,LN000980,2026-03-22,5413333.33,194880.00
R0010737,I001084-01,LN001084,2026-03-22,2233333.34,160800.00
R0010738,I001270-07,LN001270,2026-03-22,3122222.22,337200.00
R0010739,I001408-06,LN001408,2026-03-22,1733333.33,187200.00
R0010740,I001424-03,LN001424,2026-03-22,2700000.00,194400.00
R0010741,I001433-11,LN001433,2026-03-22,1216666.66,175200.00
R0010742,I001472-10,LN001472,2026-03-22,505555.56,109200.00
R0010743,I001489-01,LN001489,2026-03-22,400000.00,28800.00
R0010744,I001490-04,LN001490,2026-03-22,2322222.22,250800.00
R0010745,I001527-09,LN001527,2026-03-22,2008333.33,289200.00
R0010746,I001589-18,LN001589,2026-03-22,1294444.44,279600.00
R0010747,I001593-06,LN001593,2026-03-22,4183333.33,301200.00
R0010748,I001850-04,LN001850,2026-03-22,1833333.33,198000.00
R0010749,I001863-06,LN001863,2026-03-22,1800000.00,259200.00
R0010750,I000013-11,LN000013,2026-03-23,2491666.66,358800.00
R0010751,I000063-03,LN000063,2026-03-23,1261111.11,272400.00
R0010752,I000161-01,LN000161,2026-03-23,166666.67,24000.00
R0010753,I000339-08,LN000339,2026-03-23,933333.33,100800.00
R0010754,I000414-11,LN000414,2026-03-23,1238888.89,267600.00
R0010755,I000448-01,LN000448,2026-03-23,400000.00,28800.00
R0010756,I000717-01,LN000717,2026-03-23,1825000.00,262800.00
R0010757,I000906-01,LN000906,2026-03-23,1366666.67,147600.00
R0010758,I001029-07,LN001029,2026-03-23,866666.67,124800.00
R0010759,I001066-04,LN001066,2026-03-23,944444.45,102000.00
R0010760,I001088-03,LN001088,2026-03-23,450000.00,48600.00
R0010761,I001306-01,LN001306,2026-03-23,127777.78,27600.00
R0010762,I001613-12,LN001613,2026-03-23,1591666.66,229200.00
R0010763,I001763-02,LN001763,2026-03-23,2750000.00,198000.00
R0010764,I001786-10,LN001786,2026-03-23,2316666.66,333600.00
R0010765,I000078-04,LN000078,2026-03-24,644444.45,139200.00
R0010766,I000293-18,LN000293,2026-03-24,440000.00,95040.00
R0010767,I000334-07,LN000334,2026-03-24,1383333.33,298800.00
R0010768,I000620-03,LN000620,2026-03-24,3216666.67,231600.00
R0010769,I000679-08,LN000679,2026-03-24,925000.00,133200.00
R0010770,I000755-02,LN000755,2026-03-24,638888.89,138000.00
R0010771,I000797-13,LN000797,2026-03-24,905555.55,195600.00
R0010772,I000881-06,LN000881,2026-03-24,700000.00,100800.00
R0010773,I001052-02,LN001052,2026-03-24,9866666.67,355200.00
R0010774,I001218-05,LN001218,2026-03-24,516666.67,74400.00
R0010775,I001243-03,LN001243,2026-03-24,933333.34,134400.00
R0010776,I001305-15,LN001305,2026-03-24,1088888.89,235200.00
R0010777,I001478-03,LN001478,2026-03-24,1066666.67,76800.00
R0010778,I001489-02,LN001489,2026-03-24,400000.00,28800.00
R0010779,I001890-07,LN001890,2026-03-24,433333.33,62400.00
R0010780,I000041-01,LN000041,2026-03-25,1975000.00,284400.00
R0010781,I000150-09,LN000150,2026-03-25,291666.66,42000.00
R0010782,I000260-10,LN000260,2026-03-25,1237500.00,178200.00
R0010783,I000500-05,LN000500,2026-03-25,4433333.33,319200.00
R0010784,I000608-09,LN000608,2026-03-25,633333.33,136800.00
R0010785,I000685-07,LN000685,2026-03-25,1491666.67,214800.00
R0010786,I000721-17,LN000721,2026-03-25,500000.00,108000.00
R0010787,I000977-08,LN000977,2026-03-25,608333.33,87600.00
R0010788,I001036-10,LN001036,2026-03-25,566666.66,81600.00
R0010789,I001220-06,LN001220,2026-03-25,2308333.33,332400.00
R0010790,I001304-01,LN001304,2026-03-25,1625000.00,234000.00
R0010791,I001332-03,LN001332,2026-03-25,205555.56,44400.00
R0010792,I001836-01,LN001836,2026-03-25,1058333.34,152400.00
R0010793,I000217-02,LN000217,2026-03-26,4383333.34,315600.00
R0010794,I000309-08,LN000309,2026-03-26,2308333.33,332400.00
R0010795,I000348-08,LN000348,2026-03-26,900000.00,97200.00
R0010796,I000480-05,LN000480,2026-03-26,516666.67,111600.00
R0010797,I000547-06,LN000547,2026-03-26,1983333.33,142800.00
R0010798,I000618-03,LN000618,2026-03-26,1422222.23,307200.00
R0010799,I000698-03,LN000698,2026-03-26,355555.56,38400.00
R0010800,I000724-09,LN000724,2026-03-26,1883333.33,271200.00
R0010801,I000726-04,LN000726,2026-03-26,933333.34,134400.00
R0010802,I000794-12,LN000794,2026-03-26,94444.44,20400.00
R0010803,I000851-17,LN000851,2026-03-26,1222222.22,264000.00
R0010804,I001174-12,LN001174,2026-03-26,2108333.33,303600.00
R0010805,I001518-01,LN001518,2026-03-26,2200000.00,158400.00
R0010806,I001658-18,LN001658,2026-03-26,1072222.22,231600.00
R0010807,I001730-05,LN001730,2026-03-26,916666.66,66000.00
R0010808,I001847-08,LN001847,2026-03-26,2000000.00,288000.00
R0010809,I001872-09,LN001872,2026-03-26,761111.11,164400.00
R0010810,I000046-07,LN000046,2026-03-27,1833333.33,264000.00
R0010811,I000231-03,LN000231,2026-03-27,233333.34,33600.00
R0010812,I000245-08,LN000245,2026-03-27,2225000.00,320400.00
R0010813,I000249-05,LN000249,2026-03-27,583333.33,42000.00
R0010814,I000350-07,LN000350,2026-03-27,1600000.00,345600.00
R0010815,I000464-17,LN000464,2026-03-27,544444.44,117600.00
R0010816,I000610-01,LN000610,2026-03-27,1316666.67,189600.00
R0010817,I000867-08,LN000867,2026-03-27,1800000.00,259200.00
R0010818,I001292-06,LN001292,2026-03-27,146666.66,21120.00
R0010819,I001410-08,LN001410,2026-03-27,1316666.67,284400.00
R0010820,I001454-10,LN001454,2026-03-27,591666.66,85200.00
R0010821,I001505-09,LN001505,2026-03-27,291666.66,42000.00
R0010822,I001506-10,LN001506,2026-03-27,1172222.22,253200.00
R0010823,I001609-01,LN001609,2026-03-27,2500000.00,360000.00
R0010824,I001651-11,LN001651,2026-03-27,241666.66,34800.00
R0010825,I001820-01,LN001820,2026-03-27,552083.33,79500.00
R0010826,I000003-06,LN000003,2026-03-28,933333.33,134400.00
R0010827,I000010-02,LN000010,2026-03-28,2477777.78,267600.00
R0010828,I000146-05,LN000146,2026-03-28,1416666.67,204000.00
R0010829,I000338-03,LN000338,2026-03-28,2733333.33,196800.00
R0010830,I000609-08,LN000609,2026-03-28,2075000.00,298800.00
R0010831,I000638-04,LN000638,2026-03-28,4233333.33,304800.00
R0010832,I000767-01,LN000767,2026-03-28,2183333.34,157200.00
R0010833,I000974-03,LN000974,2026-03-28,466666.67,100800.00
R0010834,I001235-02,LN001235,2026-03-28,1758333.34,253200.00
R0010835,I001458-06,LN001458,2026-03-28,2191666.67,315600.00
R0010836,I001597-10,LN001597,2026-03-28,533333.33,76800.00
R0010837,I001654-02,LN001654,2026-03-28,4683333.34,337200.00
R0010838,I001700-06,LN001700,2026-03-28,2983333.33,214800.00
R0010839,I001717-04,LN001717,2026-03-28,3300000.00,356400.00
R0010840,I001735-02,LN001735,2026-03-28,966666.67,69600.00
R0010841,I001801-03,LN001801,2026-03-28,733333.34,158400.00
R0010842,I001820-03,LN001820,2026-03-28,2208333.34,318000.00
R0010843,I000220-06,LN000220,2026-03-29,4650000.00,334800.00
R0010844,I000298-01,LN000298,2026-03-29,4600000.00,331200.00
R0010845,I000445-12,LN000445,2026-03-29,350000.00,50400.00
R0010846,I000506-12,LN000506,2026-03-29,1077777.78,232800.00
R0010847,I000564-05,LN000564,2026-03-29,716666.67,103200.00
R0010848,I000637-06,LN000637,2026-03-29,706666.66,50880.00
R0010849,I000676-04,LN000676,2026-03-29,333333.33,24000.00
R0010850,I000686-01,LN000686,2026-03-29,2133333.34,230400.00
R0010851,I000741-02,LN000741,2026-03-29,1283333.34,184800.00
R0010852,I000834-07,LN000834,2026-03-29,583333.33,84000.00
R0010853,I000890-03,LN000890,2026-03-29,9600000.00,345600.00
R0010854,I000982-12,LN000982,2026-03-29,988888.89,213600.00
R0010855,I001197-05,LN001197,2026-03-29,3400000.00,244800.00
R0010856,I001260-04,LN001260,2026-03-29,791666.66,57000.00
R0010857,I001281-01,LN001281,2026-03-29,1050000.00,151200.00
R0010858,I001334-04,LN001334,2026-03-29,683333.33,49200.00
R0010859,I001689-02,LN001689,2026-03-29,2137777.77,230880.00
R0010860,I001746-07,LN001746,2026-03-29,166666.67,24000.00
R0010861,I001940-18,LN001940,2026-03-29,1122222.22,242400.00
R0010862,I000076-12,LN000076,2026-03-30,800000.00,115200.00
R0010863,I000093-03,LN000093,2026-03-30,2677777.78,289200.00
R0010864,I000121-02,LN000121,2026-03-30,683333.34,49200.00
R0010865,I000133-04,LN000133,2026-03-30,2175000.00,313200.00
R0010866,I000196-08,LN000196,2026-03-30,1000000.00,216000.00
R0010867,I000371-12,LN000371,2026-03-30,2175000.00,313200.00
R0010868,I000551-05,LN000551,2026-03-30,1426666.66,205440.00
R0010869,I000637-04,LN000637,2026-03-30,1413333.33,101760.00
R0010870,I000646-15,LN000646,2026-03-30,1505555.55,325200.00
R0010871,I000684-05,LN000684,2026-03-30,2366666.67,340800.00
R0010872,I000800-18,LN000800,2026-03-30,255555.55,55200.00
R0010873,I000851-18,LN000851,2026-03-30,1222222.22,264000.00
R0010874,I000885-09,LN000885,2026-03-30,1777777.77,192000.00
R0010875,I000984-06,LN000984,2026-03-30,1266666.67,182400.00
R0010876,I000994-09,LN000994,2026-03-30,888888.89,192000.00
R0010877,I001111-12,LN001111,2026-03-30,158333.33,22800.00
R0010878,I001254-06,LN001254,2026-03-30,2722222.22,294000.00
R0010879,I001273-07,LN001273,2026-03-30,2688888.89,290400.00
R0010880,I001330-03,LN001330,2026-03-30,188888.89,20400.00
R0010881,I001337-06,LN001337,2026-03-30,2688888.89,290400.00
R0010882,I001623-09,LN001623,2026-03-30,766666.66,110400.00
R0010883,I001689-03,LN001689,2026-03-30,2137777.77,230880.00
R0010884,I001699-04,LN001699,2026-03-30,775000.00,111600.00
R0010885,I001733-17,LN001733,2026-03-30,161111.11,34800.00
R0010886,I001740-02,LN001740,2026-03-30,400000.00,57600.00
R0010887,I001749-02,LN001749,2026-03-30,1408333.34,202800.00
R0010888,I001857-06,LN001857,2026-03-30,1333333.33,96000.00
R0010889,I001869-03,LN001869,2026-03-30,1267500.00,91260.00
R0010890,I001869-04,LN001869,2026-03-30,1950000.00,140400.00
R0010891,I001928-18,LN001928,2026-03-30,550000.00,118800.00
R0010892,I001967-06,LN001967,2026-03-30,266666.66,19200.00
R0010893,I000070-05,LN000070,2026-03-31,1561111.11,337200.00
R0010894,I000247-10,LN000247,2026-03-31,946666.66,136320.00
R0010895,I000317-05,LN000317,2026-03-31,425000.00,61200.00
R0010896,I000594-06,LN000594,2026-03-31,3550000.00,255600.00
R0010897,I000631-02,LN000631,2026-03-31,7033333.33,253200.00
R0010898,I000648-18,LN000648,2026-03-31,137500.00,29700.00
R0010899,I000805-05,LN000805,2026-03-31,2416666.66,174000.00
R0010900,I000831-08,LN000831,2026-03-31,3255555.55,351600.00
R0010901,I000873-05,LN000873,2026-03-31,491666.67,70800.00
R0010902,I001012-15,LN001012,2026-03-31,872222.22,188400.00
R0010903,I001427-02,LN001427,2026-03-31,2400000.00,172800.00
R0010904,I001545-03,LN001545,2026-03-31,8400000.00,302400.00
R0010905,I001548-08,LN001548,2026-03-31,1720000.00,247680.00
R0010906,I001663-07,LN001663,2026-03-31,533333.33,76800.00
R0010907,I001839-01,LN001839,2026-03-31,4883333.34,351600.00
R0010908,I001949-08,LN001949,2026-03-31,322222.22,69600.00
R0010909,I000006-10,LN000006,2026-04-01,1083333.33,156000.00
R0010910,I000008-06,LN000008,2026-04-01,230000.00,33120.00
R0010911,I000145-07,LN000145,2026-04-01,2300000.00,248400.00
R0010912,I000229-03,LN000229,2026-04-01,522222.22,56400.00
R0010913,I000236-03,LN000236,2026-04-01,2083333.34,300000.00
R0010914,I000261-04,LN000261,2026-04-01,4883333.33,351600.00
R0010915,I000289-01,LN000289,2026-04-01,3786666.67,136320.00
R0010916,I000320-02,LN000320,2026-04-01,711111.11,76800.00
R0010917,I000336-07,LN000336,2026-04-01,191666.67,27600.00
R0010918,I000345-06,LN000345,2026-04-01,608333.33,87600.00
R0010919,I000441-05,LN000441,2026-04-01,2216666.66,159600.00
R0010920,I000620-02,LN000620,2026-04-01,3216666.67,231600.00
R0010921,I000626-05,LN000626,2026-04-01,1722222.22,186000.00
R0010922,I000708-12,LN000708,2026-04-01,1358333.33,195600.00
R0010923,I000728-18,LN000728,2026-04-01,516666.66,111600.00
R0010924,I000793-06,LN000793,2026-04-01,1083333.33,78000.00
R0010925,I000823-08,LN000823,2026-04-01,1544444.45,333600.00
R0010926,I001006-09,LN001006,2026-04-01,938888.88,202800.00
R0010927,I001056-02,LN001056,2026-04-01,1766666.67,254400.00
R0010928,I001606-06,LN001606,2026-04-01,761111.11,164400.00
R0010929,I001777-08,LN001777,2026-04-01,1211111.11,261600.00
R0010930,I001816-10,LN001816,2026-04-01,1600000.00,230400.00
R0010931,I001825-06,LN001825,2026-04-01,966666.67,104400.00
R0010932,I001890-06,LN001890,2026-04-01,433333.33,62400.00
R0010933,I000016-10,LN000016,2026-04-02,783333.33,169200.00
R0010934,I000043-05,LN000043,2026-04-02,766666.66,55200.00
R0010935,I000259-12,LN000259,2026-04-02,288888.89,62400.00
R0010936,I000405-10,LN000405,2026-04-02,2391666.66,344400.00
R0010937,I000457-04,LN000457,2026-04-02,2391666.67,344400.00
R0010938,I000462-09,LN000462,2026-04-02,2050000.00,295200.00
R0010939,I000516-12,LN000516,2026-04-02,1216666.66,175200.00
R0010940,I000595-02,LN000595,2026-04-02,488888.89,52800.00
R0010941,I000781-01,LN000781,2026-04-02,1158333.34,166800.00
R0010942,I000842-12,LN000842,2026-04-02,586666.66,84480.00
R0010943,I000854-10,LN000854,2026-04-02,1883333.33,271200.00
R0010944,I000993-03,LN000993,2026-04-02,4416666.67,318000.00
R0010945,I001006-10,LN001006,2026-04-02,1444444.44,312000.00
R0010946,I001016-02,LN001016,2026-04-02,822222.23,88800.00
R0010947,I001098-17,LN001098,2026-04-02,462222.21,99840.00
R0010948,I001435-05,LN001435,2026-04-02,1365000.00,98280.00
R0010949,I001515-01,LN001515,2026-04-02,4033333.34,290400.00
R0010950,I001527-10,LN001527,2026-04-02,2008333.33,289200.00
R0010951,I001723-02,LN001723,2026-04-02,2277777.78,246000.00
R0010952,I001875-06,LN001875,2026-04-02,1200000.00,172800.00
R0010953,I001973-04,LN001973,2026-04-02,1112222.22,120120.00
R0010954,I000167-05,LN000167,2026-04-03,2000000.00,288000.00
R0010955,I000290-03,LN000290,2026-04-03,1150000.00,165600.00
R0010956,I000366-01,LN000366,2026-04-03,2383333.34,171600.00
R0010957,I000416-12,LN000416,2026-04-03,1000000.00,216000.00
R0010958,I000660-05,LN000660,2026-04-03,1791666.67,258000.00
R0010959,I000853-03,LN000853,2026-04-03,945833.33,68100.00
R0010960,I000970-01,LN000970,2026-04-03,4833333.34,174000.00
R0010961,I001036-11,LN001036,2026-04-03,566666.66,81600.00
R0010962,I001038-06,LN001038,2026-04-03,350000.00,25200.00
R0010963,I001189-04,LN001189,2026-04-03,775000.00,111600.00
R0010964,I001242-04,LN001242,2026-04-03,2375000.00,342000.00
R0010965,I001275-03,LN001275,2026-04-03,3233333.33,232800.00
R0010966,I001364-04,LN001364,2026-04-03,4716666.67,339600.00
R0010967,I001418-06,LN001418,2026-04-03,213333.33,23040.00
R0010968,I001430-15,LN001430,2026-04-03,488888.89,105600.00
R0010969,I001494-04,LN001494,2026-04-03,1483333.34,213600.00
R0010970,I001517-03,LN001517,2026-04-03,1077777.78,232800.00
R0010971,I001541-01,LN001541,2026-04-03,2450000.00,352800.00
R0010972,I001572-01,LN001572,2026-04-03,125000.00,18000.00
R0010973,I001719-11,LN001719,2026-04-03,600000.00,86400.00
R0010974,I001823-06,LN001823,2026-04-03,1758333.33,253200.00
R0010975,I001877-08,LN001877,2026-04-03,982222.22,212160.00
R0010976,I000083-18,LN000083,2026-04-04,1561111.11,337200.00
R0010977,I000253-14,LN000253,2026-04-04,1577777.78,340800.00
R0010978,I000392-10,LN000392,2026-04-04,150000.00,32400.00
R0010979,I000397-18,LN000397,2026-04-04,483333.33,104400.00
R0010980,I000511-03,LN000511,2026-04-04,1679166.66,120900.00
R0010981,I000513-06,LN000513,2026-04-04,3950000.00,284400.00
R0010982,I000568-12,LN000568,2026-04-04,1208333.33,174000.00
R0010983,I000679-09,LN000679,2026-04-04,925000.00,133200.00
R0010984,I000764-08,LN000764,2026-04-04,216666.67,31200.00
R0010985,I001037-06,LN001037,2026-04-04,208333.33,30000.00
R0010986,I001050-02,LN001050,2026-04-04,1550000.00,223200.00
R0010987,I001297-04,LN001297,2026-04-04,2655555.56,286800.00
R0010988,I001474-06,LN001474,2026-04-04,1041666.67,150000.00
R0010989,I001511-04,LN001511,2026-04-04,3400000.00,244800.00
R0010990,I001529-01,LN001529,2026-04-04,1466666.67,211200.00
R0010991,I001646-10,LN001646,2026-04-04,1883333.33,271200.00
R0010992,I001728-06,LN001728,2026-04-04,261111.11,56400.00
R0010993,I001759-02,LN001759,2026-04-04,500000.00,108000.00
R0010994,I001985-07,LN001985,2026-04-04,1488888.89,160800.00
R0010995,I000086-13,LN000086,2026-04-05,566666.66,122400.00
R0010996,I000118-01,LN000118,2026-04-05,2511111.12,271200.00
R0010997,I000216-01,LN000216,2026-04-05,1341666.67,193200.00
R0010998,I000265-03,LN000265,2026-04-05,875000.00,126000.00
R0010999,I000346-03,LN000346,2026-04-05,2933333.34,316800.00
R0011000,I000579-02,LN000579,2026-04-05,506666.66,109440.00
R0011001,I000611-04,LN000611,2026-04-05,350000.00,50400.00
R0011002,I000640-09,LN000640,2026-04-05,677777.77,73200.00
R0011003,I000670-11,LN000670,2026-04-05,441666.66,63600.00
R0011004,I000851-16,LN000851,2026-04-05,305555.55,66000.00
R0011005,I000868-08,LN000868,2026-04-05,3311111.11,357600.00
R0011006,I001010-05,LN001010,2026-04-05,666666.67,96000.00
R0011007,I001013-01,LN001013,2026-04-05,2633333.34,189600.00
R0011008,I001222-01,LN001222,2026-04-05,833333.34,60000.00
R0011009,I001319-05,LN001319,2026-04-05,758333.33,109200.00
R0011010,I001333-01,LN001333,2026-04-05,877777.78,189600.00
R0011011,I001335-15,LN001335,2026-04-05,1616666.66,349200.00
R0011012,I001336-04,LN001336,2026-04-05,3616666.67,260400.00
R0011013,I001407-03,LN001407,2026-04-05,4400000.00,316800.00
R0011014,I001471-12,LN001471,2026-04-05,475000.00,68400.00
R0011015,I001472-12,LN001472,2026-04-05,505555.55,109200.00
R0011016,I001642-14,LN001642,2026-04-05,450000.00,97200.00
R0011017,I001671-09,LN001671,2026-04-05,1316666.66,189600.00
R0011018,I001716-01,LN001716,2026-04-05,558333.34,80400.00
R0011019,I001797-18,LN001797,2026-04-05,444444.44,96000.00
R0011020,I001824-05,LN001824,2026-04-05,3533333.33,254400.00
R0011021,I001828-09,LN001828,2026-04-05,1258333.33,181200.00
R0011022,I001943-05,LN001943,2026-04-05,1516666.67,218400.00
R0011023,I001947-05,LN001947,2026-04-05,3716666.66,267600.00
R0011024,I001963-07,LN001963,2026-04-05,1288888.89,139200.00
R0011025,I000081-01,LN000081,2026-04-06,3288888.89,355200.00
R0011026,I000094-02,LN000094,2026-04-06,1011111.12,218400.00
R0011027,I000169-02,LN000169,2026-04-06,227777.78,49200.00
R0011028,I000173-09,LN000173,2026-04-06,683333.33,98400.00
R0011029,I000460-09,LN000460,2026-04-06,333333.33,48000.00
R0011030,I000846-09,LN000846,2026-04-06,2744444.44,296400.00
R0011031,I000874-06,LN000874,2026-04-06,350000.00,50400.00
R0011032,I000892-04,LN000892,2026-04-06,916666.67,132000.00
R0011033,I001076-12,LN001076,2026-04-06,2333333.33,336000.00
R0011034,I001095-02,LN001095,2026-04-06,216666.67,31200.00
R0011035,I001161-05,LN001161,2026-04-06,4066666.66,292800.00
R0011036,I001219-10,LN001219,2026-04-06,1475000.00,212400.00
R0011037,I001239-05,LN001239,2026-04-06,2233333.33,241200.00
R0011038,I001367-05,LN001367,2026-04-06,3700000.00,266400.00
R0011039,I001497-01,LN001497,2026-04-06,1633333.34,235200.00
R0011040,I001581-08,LN001581,2026-04-06,138888.89,30000.00
R0011041,I000048-01,LN000048,2026-04-07,450000.00,32400.00
R0011042,I000214-06,LN000214,2026-04-07,1100000.00,158400.00
R0011043,I000223-04,LN000223,2026-04-07,2100000.00,151200.00
R0011044,I000390-02,LN000390,2026-04-07,283333.34,20400.00
R0011045,I000400-06,LN000400,2026-04-07,2433333.33,350400.00
R0011046,I000422-01,LN000422,2026-04-07,4916666.67,354000.00
R0011047,I000449-07,LN000449,2026-04-07,816666.67,117600.00
R0011048,I000741-03,LN000741,2026-04-07,1283333.34,184800.00
R0011049,I000829-02,LN000829,2026-04-07,3866666.67,139200.00
R0011050,I000850-04,LN000850,2026-04-07,505555.56,109200.00
R0011051,I000914-03,LN000914,2026-04-07,1458333.34,210000.00
R0011052,I001007-09,LN001007,2026-04-07,488888.89,105600.00
R0011053,I001155-05,LN001155,2026-04-07,3266666.66,235200.00
R0011054,I001400-05,LN001400,2026-04-07,2333333.33,336000.00
R0011055,I001713-04,LN001713,2026-04-07,2566666.67,184800.00
R0011056,I000151-09,LN000151,2026-04-08,1241666.66,178800.00
R0011057,I000181-18,LN000181,2026-04-08,1561111.11,337200.00
R0011058,I000439-11,LN000439,2026-04-08,261111.11,56400.00
R0011059,I000594-05,LN000594,2026-04-08,3550000.00,255600.00
R0011060,I000755-01,LN000755,2026-04-08,638888.89,138000.00
R0011061,I000777-14,LN000777,2026-04-08,211111.11,45600.00
R0011062,I000841-10,LN000841,2026-04-08,788888.89,170400.00
R0011063,I000946-02,LN000946,2026-04-08,243750.00,35100.00
R0011064,I000963-01,LN000963,2026-04-08,550000.00,39600.00
R0011065,I001011-02,LN001011,2026-04-08,2700000.00,97200.00
R0011066,I001117-04,LN001117,2026-04-08,300000.00,21600.00
R0011067,I001220-08,LN001220,2026-04-08,2308333.33,332400.00
R0011068,I001245-03,LN001245,2026-04-08,2383333.34,343200.00
R0011069,I001252-08,LN001252,2026-04-08,2133333.33,307200.00
R0011070,I001331-01,LN001331,2026-04-08,4816666.67,346800.00
R0011071,I001681-04,LN001681,2026-04-08,1266666.67,91200.00
R0011072,I001762-15,LN001762,2026-04-08,700000.00,151200.00
R0011073,I001969-02,LN001969,2026-04-08,1950000.00,280800.00
R0011074,I000090-01,LN000090,2026-04-09,2141666.67,308400.00
R0011075,I000313-03,LN000313,2026-04-09,2375000.00,342000.00
R0011076,I000497-07,LN000497,2026-04-09,1758333.33,253200.00
R0011077,I000828-08,LN000828,2026-04-09,1622222.22,175200.00
R0011078,I000978-01,LN000978,2026-04-09,3683333.34,265200.00
R0011079,I000991-06,LN000991,2026-04-09,1033333.33,111600.00
R0011080,I001286-11,LN001286,2026-04-09,2283333.33,328800.00
R0011081,I001620-10,LN001620,2026-04-09,1108333.33,159600.00
R0011082,I001636-01,LN001636,2026-04-09,633333.34,45600.00
R0011083,I001740-05,LN001740,2026-04-09,400000.00,57600.00
R0011084,I001786-09,LN001786,2026-04-09,2316666.66,333600.00
R0011085,I001915-06,LN001915,2026-04-09,791666.67,114000.00
R0011086,I001956-04,LN001956,2026-04-09,1033333.33,111600.00
R0011087,I000005-17,LN000005,2026-04-10,300000.00,64800.00
R0011088,I000145-09,LN000145,2026-04-10,2300000.00,248400.00
R0011089,I000271-09,LN000271,2026-04-10,144444.44,31200.00
R0011090,I000407-01,LN000407,2026-04-10,1308333.34,188400.00
R0011091,I000511-04,LN000511,2026-04-10,645833.33,46500.00
R0011092,I000519-09,LN000519,2026-04-10,2133333.33,230400.00
R0011093,I000780-01,LN000780,2026-04-10,1875000.00,270000.00
R0011094,I000972-06,LN000972,2026-04-10,1446666.66,208320.00
R0011095,I001018-01,LN001018,2026-04-10,141666.67,20400.00
R0011096,I001141-06,LN001141,2026-04-10,1583333.33,114000.00
R0011097,I001190-02,LN001190,2026-04-10,933333.34,100800.00
R0011098,I001233-05,LN001233,2026-04-10,3466666.66,249600.00
R0011099,I001340-06,LN001340,2026-04-10,241666.67,34800.00
R0011100,I001361-02,LN001361,2026-04-10,1255555.56,271200.00
R0011101,I001440-03,LN001440,2026-04-10,3283333.33,236400.00
R0011102,I001595-05,LN001595,2026-04-10,858333.33,123600.00
R0011103,I001749-03,LN001749,2026-04-10,1408333.34,202800.00
R0011104,I000119-10,LN000119,2026-04-11,2375000.00,342000.00
R0011105,I000123-04,LN000123,2026-04-11,3750000.00,270000.00
R0011106,I000316-12,LN000316,2026-04-11,1975000.00,284400.00
R0011107,I000332-11,LN000332,2026-04-11,2108333.33,303600.00
R0011108,I000661-04,LN000661,2026-04-11,853333.33,92160.00
R0011109,I000683-02,LN000683,2026-04-11,6433333.33,231600.00
R0011110,I000743-05,LN000743,2026-04-11,1250000.00,180000.00
R0011111,I000744-12,LN000744,2026-04-11,525000.00,75600.00
R0011112,I000771-01,LN000771,2026-04-11,1133333.34,163200.00
R0011113,I000854-11,LN000854,2026-04-11,1883333.33,271200.00
R0011114,I000867-07,LN000867,2026-04-11,1800000.00,259200.00
R0011115,I001106-06,LN001106,2026-04-11,433333.33,31200.00
R0011116,I001232-02,LN001232,2026-04-11,2440000.00,175680.00
R0011117,I001320-11,LN001320,2026-04-11,1405555.55,303600.00
R0011118,I001332-02,LN001332,2026-04-11,205555.56,44400.00
R0011119,I001353-06,LN001353,2026-04-11,1211111.11,261600.00
R0011120,I001442-06,LN001442,2026-04-11,455555.55,49200.00
R0011121,I001732-08,LN001732,2026-04-11,2441666.67,351600.00
R0011122,I001887-02,LN001887,2026-04-11,1975000.00,284400.00
R0011123,I001944-11,LN001944,2026-04-11,633333.33,91200.00
R0011124,I000015-06,LN000015,2026-04-12,375000.00,54000.00
R0011125,I000266-04,LN000266,2026-04-12,1825000.00,262800.00
R0011126,I000342-01,LN000342,2026-04-12,3366666.67,242400.00
R0011127,I000392-09,LN000392,2026-04-12,150000.00,32400.00
R0011128,I000398-13,LN000398,2026-04-12,750000.00,162000.00
R0011129,I000558-02,LN000558,2026-04-12,727777.78,157200.00
R0011130,I000571-03,LN000571,2026-04-12,7266666.66,261600.00
R0011131,I000903-02,LN000903,2026-04-12,1683333.34,242400.00
R0011132,I001085-04,LN001085,2026-04-12,316666.67,22800.00
R0011133,I001252-07,LN001252,2026-04-12,1066666.66,153600.00
R0011134,I001266-09,LN001266,2026-04-12,1088750.00,156780.00
R0011135,I001366-03,LN001366,2026-04-12,625000.00,90000.00
R0011136,I001430-17,LN001430,2026-04-12,488888.88,105600.00
R0011137,I001474-05,LN001474,2026-04-12,1041666.67,150000.00
R0011138,I001496-03,LN001496,2026-04-12,9800000.00,352800.00
R0011139,I001872-08,LN001872,2026-04-12,761111.11,164400.00
R0011140,I001900-03,LN001900,2026-04-12,841666.67,121200.00
R0011141,I000017-02,LN000017,2026-04-13,2375000.00,342000.00
R0011142,I000038-04,LN000038,2026-04-13,433333.33,46800.00
R0011143,I000109-04,LN000109,2026-04-13,4100000.00,295200.00
R0011144,I000324-09,LN000324,2026-04-13,1322222.22,285600.00
R0011145,I000555-01,LN000555,2026-04-13,2750000.00,198000.00
R0011146,I000593-04,LN000593,2026-04-13,2903333.33,209040.00
R0011147,I000619-04,LN000619,2026-04-13,1944444.45,210000.00
R0011148,I000626-08,LN000626,2026-04-13,1722222.22,186000.00
R0011149,I000853-04,LN000853,2026-04-13,3783333.33,272400.00
R0011150,I001069-16,LN001069,2026-04-13,1405555.55,303600.00
R0011151,I001257-13,LN001257,2026-04-13,1316666.66,284400.00
R0011152,I001447-02,LN001447,2026-04-13,4500000.00,324000.00
R0011153,I001514-06,LN001514,2026-04-13,1066666.66,76800.00
R0011154,I001665-09,LN001665,2026-04-13,2000000.00,216000.00
R0011155,I001775-01,LN001775,2026-04-13,1577777.78,170400.00
R0011156,I001835-05,LN001835,2026-04-13,2141666.67,308400.00
R0011157,I001838-01,LN001838,2026-04-13,625000.00,90000.00
R0011158,I001939-03,LN001939,2026-04-13,1700000.00,244800.00
R0011159,I000087-04,LN000087,2026-04-14,475000.00,68400.00
R0011160,I000593-03,LN000593,2026-04-14,4466666.67,321600.00
R0011161,I000762-12,LN000762,2026-04-14,1875000.00,270000.00
R0011162,I000769-11,LN000769,2026-04-14,388888.89,84000.00
R0011163,I000839-11,LN000839,2026-04-14,1622222.22,350400.00
R0011164,I000871-02,LN000871,2026-04-14,891666.67,128400.00
R0011165,I000953-05,LN000953,2026-04-14,4400000.00,316800.00
R0011166,I000954-06,LN000954,2026-04-14,275000.00,39600.00
R0011167,I001029-08,LN001029,2026-04-14,866666.67,124800.00
R0011168,I001252-06,LN001252,2026-04-14,533333.33,76800.00
R0011169,I001260-05,LN001260,2026-04-14,1583333.33,114000.00
R0011170,I001292-07,LN001292,2026-04-14,366666.67,52800.00
R0011171,I001390-01,LN001390,2026-04-14,233333.34,25200.00
R0011172,I001539-09,LN001539,2026-04-14,377777.78,81600.00
R0011173,I001547-02,LN001547,2026-04-14,2233333.34,160800.00
R0011174,I001631-07,LN001631,2026-04-14,1258333.33,181200.00
R0011175,I001892-03,LN001892,2026-04-14,1416666.67,306000.00
R0011176,I001959-01,LN001959,2026-04-14,708333.34,102000.00
R0011177,I001962-10,LN001962,2026-04-14,1294444.44,279600.00
R0011178,I001994-01,LN001994,2026-04-14,4866666.67,175200.00
R0011179,I000125-08,LN000125,2026-04-15,1688888.89,182400.00
R0011180,I000138-07,LN000138,2026-04-15,2788888.89,301200.00
R0011181,I000196-10,LN000196,2026-04-15,1000000.00,216000.00
R0011182,I000546-01,LN000546,2026-04-15,583333.34,84000.00
R0011183,I000620-04,LN000620,2026-04-15,3216666.67,231600.00
R0011184,I000646-17,LN000646,2026-04-15,1505555.55,325200.00
R0011185,I000820-09,LN000820,2026-04-15,475555.55,102720.00
R0011186,I000886-05,LN000886,2026-04-15,2733333.33,196800.00
R0011187,I000998-04,LN000998,2026-04-15,3100000.00,223200.00
R0011188,I001017-05,LN001017,2026-04-15,4483333.33,322800.00
R0011189,I001058-06,LN001058,2026-04-15,533333.33,76800.00
R0011190,I001180-03,LN001180,2026-04-15,1133333.34,122400.00
R0011191,I001425-12,LN001425,2026-04-15,1661111.11,358800.00
R0011192,I001426-08,LN001426,2026-04-15,494444.45,106800.00
R0011193,I001436-05,LN001436,2026-04-15,4583333.33,330000.00
R0011194,I001507-07,LN001507,2026-04-15,141666.66,20400.00
R0011195,I001538-02,LN001538,2026-04-15,2500000.00,360000.00
R0011196,I001539-07,LN001539,2026-04-15,151111.11,32640.00
R0011197,I001565-02,LN001565,2026-04-15,4883333.34,351600.00
R0011198,I001804-06,LN001804,2026-04-15,183333.33,26400.00
R0011199,I001849-12,LN001849,2026-04-15,541666.66,78000.00
R0011200,I001856-08,LN001856,2026-04-15,2955555.55,319200.00
R0011201,I000161-02,LN000161,2026-04-16,166666.67,24000.00
R0011202,I000169-05,LN000169,2026-04-16,227777.78,49200.00
R0011203,I000291-09,LN000291,2026-04-16,1008333.33,145200.00
R0011204,I000512-02,LN000512,2026-04-16,733333.33,26400.00
R0011205,I000655-02,LN000655,2026-04-16,950000.00,205200.00
R0011206,I000658-07,LN000658,2026-04-16,566666.66,61200.00
R0011207,I000705-02,LN000705,2026-04-16,8966666.67,322800.00
R0011208,I000895-02,LN000895,2026-04-16,2391666.67,344400.00
R0011209,I001037-05,LN001037,2026-04-16,208333.33,30000.00
R0011210,I001140-08,LN001140,2026-04-16,875000.00,126000.00
R0011211,I001262-07,LN001262,2026-04-16,400000.00,86400.00
R0011212,I001381-14,LN001381,2026-04-16,933333.33,201600.00
R0011213,I001615-11,LN001615,2026-04-16,1004444.44,216960.00
R0011214,I001831-08,LN001831,2026-04-16,408333.33,58800.00
R0011215,I000008-07,LN000008,2026-04-17,575000.00,82800.00
R0011216,I000099-06,LN000099,2026-04-17,983333.33,141600.00
R0011217,I000108-06,LN000108,2026-04-17,1016666.67,146400.00
R0011218,I000165-01,LN000165,2026-04-17,3550000.00,255600.00
R0011219,I000166-04,LN000166,2026-04-17,4600000.00,331200.00
R0011220,I000509-02,LN000509,2026-04-17,2366666.67,170400.00
R0011221,I000712-03,LN000712,2026-04-17,2233333.34,321600.00
R0011222,I001225-12,LN001225,2026-04-17,508333.33,73200.00
R0011223,I001270-08,LN001270,2026-04-17,3122222.22,337200.00
R0011224,I001490-05,LN001490,2026-04-17,2322222.22,250800.00
R0011225,I001533-18,LN001533,2026-04-17,211111.11,45600.00
R0011226,I001691-03,LN001691,2026-04-17,337500.00,48600.00
R0011227,I001863-07,LN001863,2026-04-17,1800000.00,259200.00
R0011228,I001876-06,LN001876,2026-04-17,4550000.00,327600.00
R0011229,I001877-10,LN001877,2026-04-17,982222.22,212160.00
R0011230,I001890-08,LN001890,2026-04-17,433333.33,62400.00
R0011231,I001986-08,LN001986,2026-04-17,600000.00,86400.00
R0011232,I000195-03,LN000195,2026-04-18,905555.56,195600.00
R0011233,I000350-08,LN000350,2026-04-18,400000.00,86400.00
R0011234,I000610-02,LN000610,2026-04-18,1316666.67,189600.00
R0011235,I000717-02,LN000717,2026-04-18,1825000.00,262800.00
R0011236,I000778-03,LN000778,2026-04-18,1466666.67,316800.00
R0011237,I000915-07,LN000915,2026-04-18,2050000.00,295200.00
R0011238,I000991-07,LN000991,2026-04-18,1033333.33,111600.00
R0011239,I001007-10,LN001007,2026-04-18,488888.89,105600.00
R0011240,I001116-03,LN001116,2026-04-18,742222.22,80160.00
R0011241,I001368-08,LN001368,2026-04-18,2125000.00,306000.00
R0011242,I001373-07,LN001373,2026-04-18,1958333.33,282000.00
R0011243,I001409-12,LN001409,2026-04-18,650000.00,93600.00
R0011244,I001432-06,LN001432,2026-04-18,4250000.00,306000.00
R0011245,I001672-10,LN001672,2026-04-18,150000.00,21600.00
R0011246,I000158-04,LN000158,2026-04-19,2533333.33,182400.00
R0011247,I000311-06,LN000311,2026-04-19,1800000.00,129600.00
R0011248,I000508-07,LN000508,2026-04-19,883333.33,127200.00
R0011249,I000899-07,LN000899,2026-04-19,1166666.67,168000.00
R0011250,I000981-11,LN000981,2026-04-19,537500.00,77400.00
R0011251,I001176-02,LN001176,2026-04-19,1655555.56,178800.00
R0011252,I001192-02,LN001192,2026-04-19,533333.34,38400.00
R0011253,I001299-10,LN001299,2026-04-19,1183333.33,170400.00
R0011254,I001418-07,LN001418,2026-04-19,213333.33,23040.00
R0011255,I001419-11,LN001419,2026-04-19,908333.33,130800.00
R0011256,I001500-01,LN001500,2026-04-19,4666666.67,336000.00
R0011257,I001520-07,LN001520,2026-04-19,650000.00,140400.00
R0011258,I001773-02,LN001773,2026-04-19,450000.00,32400.00
R0011259,I001832-01,LN001832,2026-04-19,3733333.33,134400.00
R0011260,I001839-04,LN001839,2026-04-19,4883333.33,351600.00
R0011261,I001913-01,LN001913,2026-04-19,466666.67,67200.00
R0011262,I002000-12,LN002000,2026-04-19,333333.33,48000.00
R0011263,I000049-09,LN000049,2026-04-20,2266666.66,326400.00
R0011264,I000091-12,LN000091,2026-04-20,416666.66,60000.00
R0011265,I000094-01,LN000094,2026-04-20,1011111.12,218400.00
R0011266,I000095-16,LN000095,2026-04-20,233333.33,50400.00
R0011267,I000305-02,LN000305,2026-04-20,1533333.34,220800.00
R0011268,I000389-03,LN000389,2026-04-20,2391111.11,258240.00
R0011269,I000617-07,LN000617,2026-04-20,663333.33,95520.00
R0011270,I000718-12,LN000718,2026-04-20,1533333.33,220800.00
R0011271,I000791-04,LN000791,2026-04-20,1466666.67,211200.00
R0011272,I000867-09,LN000867,2026-04-20,1800000.00,259200.00
R0011273,I001197-06,LN001197,2026-04-20,3400000.00,244800.00
R0011274,I001212-06,LN001212,2026-04-20,2258333.33,325200.00
R0011275,I001327-12,LN001327,2026-04-20,608333.33,87600.00
R0011276,I001454-11,LN001454,2026-04-20,591666.66,85200.00
R0011277,I001468-01,LN001468,2026-04-20,2466666.67,355200.00
R0011278,I001531-03,LN001531,2026-04-20,1650000.00,118800.00
R0011279,I001646-12,LN001646,2026-04-20,1883333.33,271200.00
R0011280,I000013-12,LN000013,2026-04-21,2491666.66,358800.00
R0011281,I000024-01,LN000024,2026-04-21,1641666.67,236400.00
R0011282,I000210-02,LN000210,2026-04-21,4033333.34,290400.00
R0011283,I000223-06,LN000223,2026-04-21,2100000.00,151200.00
R0011284,I000348-09,LN000348,2026-04-21,900000.00,97200.00
R0011285,I000396-02,LN000396,2026-04-21,2108333.34,303600.00
R0011286,I000684-06,LN000684,2026-04-21,2366666.67,340800.00
R0011287,I001319-07,LN001319,2026-04-21,758333.33,109200.00
R0011288,I001388-09,LN001388,2026-04-21,116666.67,25200.00
R0011289,I001474-07,LN001474,2026-04-21,1041666.67,150000.00
R0011290,I001510-10,LN001510,2026-04-21,2341666.66,337200.00
R0011291,I001652-08,LN001652,2026-04-21,2022222.22,218400.00
R0011292,I001731-13,LN001731,2026-04-21,1316666.66,284400.00
R0011293,I001789-04,LN001789,2026-04-21,2291666.67,330000.00
R0011294,I001808-04,LN001808,2026-04-21,583333.34,84000.00
R0011295,I001820-04,LN001820,2026-04-21,2208333.34,318000.00
R0011296,I000004-06,LN000004,2026-04-22,1200000.00,259200.00
R0011297,I000072-16,LN000072,2026-04-22,1300000.00,280800.00
R0011298,I000144-02,LN000144,2026-04-22,2844444.45,307200.00
R0011299,I000312-10,LN000312,2026-04-22,291666.66,42000.00
R0011300,I000471-07,LN000471,2026-04-22,1150000.00,248400.00
R0011301,I000482-07,LN000482,2026-04-22,925000.00,133200.00
R0011302,I000698-04,LN000698,2026-04-22,142222.22,15360.00
R0011303,I000755-03,LN000755,2026-04-22,638888.89,138000.00
R0011304,I000982-13,LN000982,2026-04-22,988888.89,213600.00
R0011305,I001061-08,LN001061,2026-04-22,633333.33,91200.00
R0011306,I001091-01,LN001091,2026-04-22,1941666.67,279600.00
R0011307,I001110-01,LN001110,2026-04-22,3850000.00,277200.00
R0011308,I001243-04,LN001243,2026-04-22,933333.34,134400.00
R0011309,I001407-04,LN001407,2026-04-22,4400000.00,316800.00
R0011310,I001424-04,LN001424,2026-04-22,2700000.00,194400.00
R0011311,I001656-04,LN001656,2026-04-22,3044444.45,328800.00
R0011312,I001769-05,LN001769,2026-04-22,672222.22,145200.00
R0011313,I001850-05,LN001850,2026-04-22,1833333.33,198000.00
R0011314,I001949-09,LN001949,2026-04-22,322222.22,69600.00
R0011315,I000030-05,LN000030,2026-04-23,1311111.11,283200.00
R0011316,I000063-04,LN000063,2026-04-23,1261111.11,272400.00
R0011317,I000132-04,LN000132,2026-04-23,2125000.00,306000.00
R0011318,I000370-07,LN000370,2026-04-23,927777.77,100200.00
R0011319,I000643-12,LN000643,2026-04-23,2100000.00,302400.00
R0011320,I000739-16,LN000739,2026-04-23,1294444.44,279600.00
R0011321,I000906-02,LN000906,2026-04-23,1366666.67,147600.00
R0011322,I000994-10,LN000994,2026-04-23,888888.89,192000.00
R0011323,I001054-01,LN001054,2026-04-23,2233333.34,321600.00
R0011324,I001088-04,LN001088,2026-04-23,1800000.00,194400.00
R0011325,I001098-18,LN001098,2026-04-23,577777.77,124800.00
R0011326,I001283-09,LN001283,2026-04-23,1177777.77,127200.00
R0011327,I001458-07,LN001458,2026-04-23,2191666.67,315600.00
R0011328,I001499-09,LN001499,2026-04-23,2700000.00,291600.00
R0011329,I001688-06,LN001688,2026-04-23,2344444.44,253200.00
R0011330,I001786-11,LN001786,2026-04-23,2316666.66,333600.00
R0011331,I000028-03,LN000028,2026-04-24,658333.34,94800.00
R0011332,I000054-01,LN000054,2026-04-24,1116666.67,80400.00
R0011333,I000078-05,LN000078,2026-04-24,644444.45,139200.00
R0011334,I000095-17,LN000095,2026-04-24,233333.33,50400.00
R0011335,I000228-15,LN000228,2026-04-24,1172222.22,253200.00
R0011336,I000235-01,LN000235,2026-04-24,991666.67,142800.00
R0011337,I000370-09,LN000370,2026-04-24,1855555.55,200400.00
R0011338,I000387-01,LN000387,2026-04-24,2375000.00,342000.00
R0011339,I000564-06,LN000564,2026-04-24,716666.67,103200.00
R0011340,I000593-05,LN000593,2026-04-24,4466666.66,321600.00
R0011341,I000797-14,LN000797,2026-04-24,905555.55,195600.00
R0011342,I000985-09,LN000985,2026-04-24,1211111.11,130800.00
R0011343,I001052-03,LN001052,2026-04-24,9866666.66,355200.00
R0011344,I001058-07,LN001058,2026-04-24,533333.33,76800.00
R0011345,I001088-02,LN001088,2026-04-24,1170000.00,126360.00
R0011346,I001183-10,LN001183,2026-04-24,1108333.33,159600.00
R0011347,I001218-06,LN001218,2026-04-24,516666.67,74400.00
R0011348,I001305-16,LN001305,2026-04-24,1088888.89,235200.00
R0011349,I001340-05,LN001340,2026-04-24,241666.67,34800.00
R0011350,I001408-07,LN001408,2026-04-24,1733333.33,187200.00
R0011351,I001549-01,LN001549,2026-04-24,4683333.34,337200.00
R0011352,I001847-09,LN001847,2026-04-24,2000000.00,288000.00
R0011353,I000041-02,LN000041,2026-04-25,1975000.00,284400.00
R0011354,I000218-01,LN000218,2026-04-25,150000.00,32400.00
R0011355,I000231-04,LN000231,2026-04-25,233333.34,33600.00
R0011356,I000247-11,LN000247,2026-04-25,2366666.66,340800.00
R0011357,I000414-12,LN000414,2026-04-25,1238888.89,267600.00
R0011358,I000485-02,LN000485,2026-04-25,491666.67,70800.00
R0011359,I000685-08,LN000685,2026-04-25,1491666.67,214800.00
R0011360,I001025-01,LN001025,2026-04-25,1150000.00,165600.00
R0011361,I001066-05,LN001066,2026-04-25,944444.44,102000.00
R0011362,I001257-12,LN001257,2026-04-25,1316666.67,284400.00
R0011363,I001273-08,LN001273,2026-04-25,2688888.89,290400.00
R0011364,I001523-01,LN001523,2026-04-25,2291666.67,330000.00
R0011365,I001527-11,LN001527,2026-04-25,2008333.33,289200.00
R0011366,I001544-14,LN001544,2026-04-25,305555.55,66000.00
R0011367,I001653-09,LN001653,2026-04-25,1291666.66,186000.00
R0011368,I001999-15,LN001999,2026-04-25,1600000.00,345600.00
R0011369,I000146-06,LN000146,2026-04-26,354166.66,51000.00
R0011370,I000207-09,LN000207,2026-04-26,1041666.66,150000.00
R0011371,I000236-04,LN000236,2026-04-26,2083333.34,300000.00
R0011372,I000338-04,LN000338,2026-04-26,2733333.33,196800.00
R0011373,I000406-07,LN000406,2026-04-26,300000.00,43200.00
R0011374,I000439-12,LN000439,2026-04-26,261111.11,56400.00
R0011375,I000462-10,LN000462,2026-04-26,2050000.00,295200.00
R0011376,I000656-01,LN000656,2026-04-26,2325000.00,334800.00
R0011377,I000724-10,LN000724,2026-04-26,1883333.33,271200.00
R0011378,I000778-04,LN000778,2026-04-26,1466666.67,316800.00
R0011379,I001012-13,LN001012,2026-04-26,872222.22,188400.00
R0011380,I001016-03,LN001016,2026-04-26,822222.22,88800.00
R0011381,I001214-11,LN001214,2026-04-26,416666.66,60000.00
R0011382,I001518-02,LN001518,2026-04-26,2200000.00,158400.00
R0011383,I001730-06,LN001730,2026-04-26,916666.66,66000.00
R0011384,I001735-03,LN001735,2026-04-26,966666.67,69600.00
R0011385,I001833-04,LN001833,2026-04-26,2026666.66,145920.00
R0011386,I000245-09,LN000245,2026-04-27,2225000.00,320400.00
R0011387,I000289-02,LN000289,2026-04-27,4733333.33,170400.00
R0011388,I000291-10,LN000291,2026-04-27,1008333.33,145200.00
R0011389,I000385-04,LN000385,2026-04-27,2166666.66,156000.00
R0011390,I000443-01,LN000443,2026-04-27,461111.12,99600.00
R0011391,I000661-05,LN000661,2026-04-27,2133333.33,230400.00
R0011392,I000752-18,LN000752,2026-04-27,1627777.77,351600.00
R0011393,I000834-08,LN000834,2026-04-27,583333.33,84000.00
R0011394,I000871-03,LN000871,2026-04-27,579583.33,83460.00
R0011395,I001095-04,LN001095,2026-04-27,433333.34,62400.00
R0011396,I001222-02,LN001222,2026-04-27,833333.34,60000.00
R0011397,I001323-01,LN001323,2026-04-27,458333.34,66000.00
R0011398,I001335-16,LN001335,2026-04-27,1616666.66,349200.00
R0011399,I001338-01,LN001338,2026-04-27,1250000.00,270000.00
R0011400,I001410-09,LN001410,2026-04-27,1316666.67,284400.00
R0011401,I001447-01,LN001447,2026-04-27,4500000.00,324000.00
R0011402,I001586-07,LN001586,2026-04-27,1516666.67,218400.00
R0011403,I001762-14,LN001762,2026-04-27,700000.00,151200.00
R0011404,I001782-04,LN001782,2026-04-27,900000.00,64800.00
R0011405,I001833-05,LN001833,2026-04-27,2533333.33,182400.00
R0011406,I001877-11,LN001877,2026-04-27,1227777.78,265200.00
R0011407,I000010-03,LN000010,2026-04-28,2477777.78,267600.00
R0011408,I000046-06,LN000046,2026-04-28,916666.66,132000.00
R0011409,I000100-03,LN000100,2026-04-28,108333.33,15600.00
R0011410,I000121-03,LN000121,2026-04-28,683333.33,49200.00
R0011411,I000378-01,LN000378,2026-04-28,8866666.67,319200.00
R0011412,I000392-11,LN000392,2026-04-28,150000.00,32400.00
R0011413,I000491-01,LN000491,2026-04-28,716666.67,51600.00
R0011414,I000660-06,LN000660,2026-04-28,1791666.67,258000.00
R0011415,I000670-12,LN000670,2026-04-28,441666.66,63600.00
R0011416,I001125-03,LN001125,2026-04-28,2025000.00,291600.00
R0011417,I001242-05,LN001242,2026-04-28,2375000.00,342000.00
R0011418,I001275-04,LN001275,2026-04-28,3233333.33,232800.00
R0011419,I001306-02,LN001306,2026-04-28,127777.78,27600.00
R0011420,I001381-13,LN001381,2026-04-28,933333.33,201600.00
R0011421,I001547-01,LN001547,2026-04-28,2233333.34,160800.00
R0011422,I001623-10,LN001623,2026-04-28,766666.66,110400.00
R0011423,I001654-03,LN001654,2026-04-28,4683333.33,337200.00
R0011424,I001671-10,LN001671,2026-04-28,1316666.66,189600.00
R0011425,I001709-01,LN001709,2026-04-28,1083333.34,78000.00
R0011426,I001717-05,LN001717,2026-04-28,3300000.00,356400.00
R0011427,I001728-07,LN001728,2026-04-28,261111.11,56400.00
R0011428,I001766-09,LN001766,2026-04-28,2911111.11,314400.00
R0011429,I001924-02,LN001924,2026-04-28,1175000.00,169200.00
R0011430,I000016-09,LN000016,2026-04-29,195833.33,42300.00
R0011431,I000046-08,LN000046,2026-04-29,1833333.33,264000.00
R0011432,I000125-07,LN000125,2026-04-29,1688888.89,182400.00
R0011433,I000217-03,LN000217,2026-04-29,2849166.66,205140.00
R0011434,I000267-01,LN000267,2026-04-29,1658333.34,238800.00
R0011435,I000390-03,LN000390,2026-04-29,283333.33,20400.00
R0011436,I000464-18,LN000464,2026-04-29,544444.44,117600.00
R0011437,I000480-06,LN000480,2026-04-29,413333.33,89280.00
R0011438,I000820-11,LN000820,2026-04-29,297222.22,64200.00
R0011439,I000878-01,LN000878,2026-04-29,1050000.00,75600.00
R0011440,I000939-01,LN000939,2026-04-29,1225000.00,88200.00
R0011441,I001155-06,LN001155,2026-04-29,3266666.66,235200.00
R0011442,I001212-07,LN001212,2026-04-29,2258333.33,325200.00
R0011443,I001254-07,LN001254,2026-04-29,2722222.22,294000.00
R0011444,I001427-03,LN001427,2026-04-29,2400000.00,172800.00
R0011445,I001433-12,LN001433,2026-04-29,1216666.66,175200.00
R0011446,I001445-01,LN001445,2026-04-29,1416666.67,51000.00
R0011447,I001506-11,LN001506,2026-04-29,1172222.22,253200.00
R0011448,I001513-01,LN001513,2026-04-29,2411111.12,260400.00
R0011449,I001581-09,LN001581,2026-04-29,138888.89,30000.00
R0011450,I001663-08,LN001663,2026-04-29,533333.33,76800.00
R0011451,I001672-11,LN001672,2026-04-29,150000.00,21600.00
R0011452,I001849-11,LN001849,2026-04-29,541666.66,78000.00
R0011453,I001858-11,LN001858,2026-04-29,725000.00,104400.00
R0011454,I000003-07,LN000003,2026-04-30,933333.33,134400.00
R0011455,I000006-11,LN000006,2026-04-30,1083333.33,156000.00
R0011456,I000093-04,LN000093,2026-04-30,2677777.78,289200.00
R0011457,I000137-05,LN000137,2026-04-30,3000000.00,216000.00
R0011458,I000389-04,LN000389,2026-04-30,2988888.89,322800.00
R0011459,I000398-14,LN000398,2026-04-30,750000.00,162000.00
R0011460,I000500-06,LN000500,2026-04-30,4433333.33,319200.00
R0011461,I000510-01,LN000510,2026-04-30,500000.00,72000.00
R0011462,I000558-03,LN000558,2026-04-30,727777.78,157200.00
R0011463,I000643-11,LN000643,2026-04-30,1365000.00,196560.00
R0011464,I000783-08,LN000783,2026-04-30,458333.33,66000.00
R0011465,I000805-06,LN000805,2026-04-30,2416666.66,174000.00
R0011466,I000841-11,LN000841,2026-04-30,788888.89,170400.00
R0011467,I000849-01,LN000849,2026-04-30,1005555.56,217200.00
R0011468,I000984-07,LN000984,2026-04-30,1266666.67,182400.00
R0011469,I001139-09,LN001139,2026-04-30,1355555.55,146400.00
R0011470,I001343-09,LN001343,2026-04-30,83333.33,18000.00
R0011471,I001467-01,LN001467,2026-04-30,4516666.67,325200.00
R0011472,I001699-05,LN001699,2026-04-30,775000.00,111600.00
R0011473,I001908-06,LN001908,2026-04-30,2266666.67,244800.00
R0011474,I000070-06,LN000070,2026-05-01,1561111.11,337200.00
R0011475,I000100-04,LN000100,2026-05-01,166666.67,24000.00
R0011476,I000140-09,LN000140,2026-05-01,1144444.44,123600.00
R0011477,I000167-06,LN000167,2026-05-01,2000000.00,288000.00
R0011478,I000229-04,LN000229,2026-05-01,522222.22,56400.00
R0011479,I000261-05,LN000261,2026-05-01,4883333.33,351600.00
R0011480,I000319-01,LN000319,2026-05-01,1366666.67,98400.00
R0011481,I000320-03,LN000320,2026-05-01,711111.11,76800.00
R0011482,I000334-08,LN000334,2026-05-01,1383333.33,298800.00
R0011483,I000483-01,LN000483,2026-05-01,646666.66,93120.00
R0011484,I000780-02,LN000780,2026-05-01,1875000.00,270000.00
R0011485,I000881-07,LN000881,2026-05-01,700000.00,100800.00
R0011486,I000998-05,LN000998,2026-05-01,3100000.00,223200.00
R0011487,I001478-04,LN001478,2026-05-01,1066666.67,76800.00
R0011488,I001517-04,LN001517,2026-05-01,1077777.78,232800.00
R0011489,I001825-07,LN001825,2026-05-01,966666.66,104400.00
R0011490,I000043-06,LN000043,2026-05-02,766666.66,55200.00
R0011491,I000405-11,LN000405,2026-05-02,2391666.66,344400.00
R0011492,I000441-06,LN000441,2026-05-02,2216666.66,159600.00
R0011493,I000679-10,LN000679,2026-05-02,925000.00,133200.00
R0011494,I000743-06,LN000743,2026-05-02,1250000.00,180000.00
R0011495,I000781-02,LN000781,2026-05-02,1158333.34,166800.00
R0011496,I000829-03,LN000829,2026-05-02,3866666.66,139200.00
R0011497,I000905-01,LN000905,2026-05-02,1350000.00,97200.00
R0011498,I000974-04,LN000974,2026-05-02,466666.67,100800.00
R0011499,I000978-02,LN000978,2026-05-02,3683333.34,265200.00
R0011500,I001217-01,LN001217,2026-05-02,855555.56,92400.00
R0011501,I001349-18,LN001349,2026-05-02,635555.55,137280.00
R0011502,I001515-02,LN001515,2026-05-02,2016666.67,145200.00
R0011503,I000309-09,LN000309,2026-05-03,2308333.33,332400.00
R0011504,I000336-08,LN000336,2026-05-03,191666.67,27600.00
R0011505,I000337-06,LN000337,2026-05-03,1133333.33,81600.00
R0011506,I000411-10,LN000411,2026-05-03,1277777.78,276000.00
R0011507,I000440-03,LN000440,2026-05-03,308333.34,44400.00
R0011508,I000508-06,LN000508,2026-05-03,883333.33,127200.00
R0011509,I000886-06,LN000886,2026-05-03,2733333.33,196800.00
R0011510,I000946-03,LN000946,2026-05-03,975000.00,140400.00
R0011511,I001166-01,LN001166,2026-05-03,141666.67,20400.00
R0011512,I001245-04,LN001245,2026-05-03,2383333.34,343200.00
R0011513,I001331-02,LN001331,2026-05-03,4816666.67,346800.00
R0011514,I001341-09,LN001341,2026-05-03,816666.66,117600.00
R0011515,I001440-04,LN001440,2026-05-03,3283333.33,236400.00
R0011516,I001477-07,LN001477,2026-05-03,1450000.00,208800.00
R0011517,I001494-05,LN001494,2026-05-03,964166.66,138840.00
R0011518,I001716-02,LN001716,2026-05-03,558333.34,80400.00
R0011519,I001816-11,LN001816,2026-05-03,1600000.00,230400.00
R0011520,I000017-03,LN000017,2026-05-04,2375000.00,342000.00
R0011521,I000074-03,LN000074,2026-05-04,1533333.33,110400.00
R0011522,I000305-01,LN000305,2026-05-04,1533333.34,220800.00
R0011523,I000416-13,LN000416,2026-05-04,1000000.00,216000.00
R0011524,I000426-06,LN000426,2026-05-04,1225000.00,176400.00
R0011525,I000604-06,LN000604,2026-05-04,2450000.00,176400.00
R0011526,I000897-01,LN000897,2026-05-04,2833333.34,204000.00
R0011527,I001235-03,LN001235,2026-05-04,1758333.34,253200.00
R0011528,I001297-05,LN001297,2026-05-04,2655555.56,286800.00
R0011529,I001304-02,LN001304,2026-05-04,1625000.00,234000.00
R0011530,I001371-05,LN001371,2026-05-04,188888.89,40800.00
R0011531,I001472-11,LN001472,2026-05-04,202222.22,43680.00
R0011532,I001497-02,LN001497,2026-05-04,1633333.34,235200.00
R0011533,I001511-05,LN001511,2026-05-04,3400000.00,244800.00
R0011534,I001732-09,LN001732,2026-05-04,2441666.66,351600.00
R0011535,I001740-06,LN001740,2026-05-04,400000.00,57600.00
R0011536,I001985-08,LN001985,2026-05-04,1488888.89,160800.00
R0011537,I000015-07,LN000015,2026-05-05,375000.00,54000.00
R0011538,I000216-02,LN000216,2026-05-05,1341666.67,193200.00
R0011539,I000346-04,LN000346,2026-05-05,2933333.33,316800.00
R0011540,I000449-08,LN000449,2026-05-05,816666.67,117600.00
R0011541,I000731-05,LN000731,2026-05-05,2091666.67,301200.00
R0011542,I001012-16,LN001012,2026-05-05,872222.22,188400.00
R0011543,I001095-05,LN001095,2026-05-05,433333.33,62400.00
R0011544,I001113-01,LN001113,2026-05-05,991666.67,142800.00
R0011545,I001323-02,LN001323,2026-05-05,458333.34,66000.00
R0011546,I001333-02,LN001333,2026-05-05,877777.78,189600.00
R0011547,I001336-05,LN001336,2026-05-05,3616666.66,260400.00
R0011548,I001361-03,LN001361,2026-05-05,1255555.56,271200.00
R0011549,I001480-01,LN001480,2026-05-05,2316666.67,333600.00
R0011550,I001768-08,LN001768,2026-05-05,558333.33,80400.00
R0011551,I001824-06,LN001824,2026-05-05,3533333.33,254400.00
R0011552,I001963-08,LN001963,2026-05-05,1288888.89,139200.00
R0011553,I000081-02,LN000081,2026-05-06,1644444.44,177600.00
R0011554,I000094-03,LN000094,2026-05-06,1011111.11,218400.00
R0011555,I000494-01,LN000494,2026-05-06,3233333.34,232800.00
R0011556,I000853-05,LN000853,2026-05-06,3783333.33,272400.00
R0011557,I001056-03,LN001056,2026-05-06,1766666.67,254400.00
R0011558,I001214-12,LN001214,2026-05-06,416666.66,60000.00
R0011559,I001232-03,LN001232,2026-05-06,3050000.00,219600.00
R0011560,I001334-05,LN001334,2026-05-06,683333.33,49200.00
R0011561,I001367-06,LN001367,2026-05-06,1480000.00,106560.00
R0011562,I001505-10,LN001505,2026-05-06,291666.66,42000.00
R0011563,I001804-07,LN001804,2026-05-06,183333.33,26400.00
R0011564,I001881-08,LN001881,2026-05-06,961111.11,103800.00
R0011565,I000048-02,LN000048,2026-05-07,450000.00,32400.00
R0011566,I000254-01,LN000254,2026-05-07,1141666.67,164400.00
R0011567,I000422-02,LN000422,2026-05-07,4916666.67,354000.00
R0011568,I000511-05,LN000511,2026-05-07,2583333.33,186000.00
R0011569,I000831-09,LN000831,2026-05-07,3255555.55,351600.00
R0011570,I000914-04,LN000914,2026-05-07,1458333.34,210000.00
R0011571,I001084-04,LN001084,2026-05-07,2233333.33,160800.00
R0011572,I001264-01,LN001264,2026-05-07,2111111.12,228000.00
R0011573,I001266-10,LN001266,2026-05-07,1675000.00,241200.00
R0011574,I001356-04,LN001356,2026-05-07,2308333.34,332400.00
R0011575,I001472-13,LN001472,2026-05-07,505555.55,109200.00
R0011576,I001620-11,LN001620,2026-05-07,1108333.33,159600.00
R0011577,I001858-12,LN001858,2026-05-07,725000.00,104400.00
R0011578,I001923-01,LN001923,2026-05-07,591666.67,85200.00
R0011579,I001973-05,LN001973,2026-05-07,1711111.11,184800.00
R0011580,I000008-05,LN000008,2026-05-08,575000.00,82800.00
R0011581,I000157-04,LN000157,2026-05-08,500000.00,36000.00
R0011582,I000200-02,LN000200,2026-05-08,2750000.00,198000.00
R0011583,I000460-10,LN000460,2026-05-08,333333.33,48000.00
R0011584,I000631-03,LN000631,2026-05-08,7033333.33,253200.00
R0011585,I000955-14,LN000955,2026-05-08,1433333.33,309600.00
R0011586,I000963-02,LN000963,2026-05-08,550000.00,39600.00
R0011587,I001011-03,LN001011,2026-05-08,2700000.00,97200.00
R0011588,I001067-03,LN001067,2026-05-08,3266666.67,235200.00
R0011589,I001180-04,LN001180,2026-05-08,1133333.33,122400.00
R0011590,I001233-06,LN001233,2026-05-08,3466666.66,249600.00
R0011591,I001441-07,LN001441,2026-05-08,408333.33,58800.00
R0011592,I001693-08,LN001693,2026-05-08,500000.00,72000.00
R0011593,I001746-08,LN001746,2026-05-08,166666.67,24000.00
R0011594,I001749-04,LN001749,2026-05-08,1408333.34,202800.00
R0011595,I001775-02,LN001775,2026-05-08,1577777.78,170400.00
R0011596,I000016-11,LN000016,2026-05-09,783333.33,169200.00
R0011597,I000123-05,LN000123,2026-05-09,3750000.00,270000.00
R0011598,I000151-10,LN000151,2026-05-09,1241666.66,178800.00
R0011599,I000253-15,LN000253,2026-05-09,1577777.77,340800.00
R0011600,I000313-04,LN000313,2026-05-09,2375000.00,342000.00
R0011601,I000562-01,LN000562,2026-05-09,4666666.67,336000.00
R0011602,I000772-02,LN000772,2026-05-09,1650000.00,237600.00
R0011603,I000895-03,LN000895,2026-05-09,2391666.67,344400.00
R0011604,I000980-02,LN000980,2026-05-09,6766666.67,243600.00
R0011605,I001043-01,LN001043,2026-05-09,125000.00,18000.00
R0011606,I001328-17,LN001328,2026-05-09,550000.00,118800.00
R0011607,I001330-04,LN001330,2026-05-09,188888.89,20400.00
R0011608,I001390-02,LN001390,2026-05-09,233333.34,25200.00
R0011609,I001539-10,LN001539,2026-05-09,377777.78,81600.00
R0011610,I001615-12,LN001615,2026-05-09,1255555.55,271200.00
R0011611,I001723-03,LN001723,2026-05-09,2277777.78,246000.00
R0011612,I001869-05,LN001869,2026-05-09,1950000.00,140400.00
R0011613,I001875-07,LN001875,2026-05-09,1200000.00,172800.00
R0011614,I001915-07,LN001915,2026-05-09,791666.67,114000.00
R0011615,I001944-12,LN001944,2026-05-09,633333.33,91200.00
R0011616,I001956-05,LN001956,2026-05-09,1033333.33,111600.00
R0011617,I000225-04,LN000225,2026-05-10,2008333.34,289200.00
R0011618,I000290-04,LN000290,2026-05-10,1150000.00,165600.00
R0011619,I000407-02,LN000407,2026-05-10,1308333.34,188400.00
R0011620,I000546-02,LN000546,2026-05-10,583333.34,84000.00
R0011621,I000777-15,LN000777,2026-05-10,211111.11,45600.00
R0011622,I001013-02,LN001013,2026-05-10,2633333.34,189600.00
R0011623,I001190-03,LN001190,2026-05-10,933333.34,100800.00
R0011624,I001268-11,LN001268,2026-05-10,520833.33,75000.00
R0011625,I001366-04,LN001366,2026-05-10,625000.00,90000.00
R0011626,I001419-12,LN001419,2026-05-10,908333.33,130800.00
R0011627,I001604-01,LN001604,2026-05-10,2150000.00,309600.00
R0011628,I001946-09,LN001946,2026-05-10,2191666.66,315600.00
R0011629,I001958-01,LN001958,2026-05-10,875000.00,126000.00
R0011630,I001969-03,LN001969,2026-05-10,1950000.00,280800.00
R0011631,I000139-01,LN000139,2026-05-11,1275000.00,183600.00
R0011632,I000184-01,LN000184,2026-05-11,2183333.34,314400.00
R0011633,I000324-10,LN000324,2026-05-11,1322222.22,285600.00
R0011634,I000332-12,LN000332,2026-05-11,2108333.33,303600.00
R0011635,I000457-05,LN000457,2026-05-11,2391666.67,344400.00
R0011636,I000497-08,LN000497,2026-05-11,1758333.33,253200.00
R0011637,I000545-01,LN000545,2026-05-11,3833333.34,276000.00
R0011638,I000555-02,LN000555,2026-05-11,2750000.00,198000.00
R0011639,I000595-03,LN000595,2026-05-11,317777.77,34320.00
R0011640,I000595-04,LN000595,2026-05-11,488888.89,52800.00
R0011641,I000617-09,LN000617,2026-05-11,1658333.33,238800.00
R0011642,I000683-03,LN000683,2026-05-11,6433333.33,231600.00
R0011643,I000767-02,LN000767,2026-05-11,2183333.34,157200.00
R0011644,I000771-02,LN000771,2026-05-11,1133333.34,163200.00
R0011645,I000828-09,LN000828,2026-05-11,1622222.22,175200.00
R0011646,I000854-12,LN000854,2026-05-11,470833.33,67800.00
R0011647,I000892-05,LN000892,2026-05-11,916666.67,132000.00
R0011648,I000995-02,LN000995,2026-05-11,1066666.67,76800.00
R0011649,I001121-06,LN001121,2026-05-11,2900000.00,208800.00
R0011650,I001219-11,LN001219,2026-05-11,1475000.00,212400.00
R0011651,I001224-13,LN001224,2026-05-11,622222.22,134400.00
R0011652,I001239-06,LN001239,2026-05-11,2233333.33,241200.00
R0011653,I001353-07,LN001353,2026-05-11,1211111.11,261600.00
R0011654,I001363-01,LN001363,2026-05-11,716666.67,103200.00
R0011655,I001442-07,LN001442,2026-05-11,455555.55,49200.00
R0011656,I001529-02,LN001529,2026-05-11,1466666.67,211200.00
R0011657,I001621-02,LN001621,2026-05-11,533333.34,38400.00
R0011658,I001632-06,LN001632,2026-05-11,2155555.55,232800.00
R0011659,I001887-03,LN001887,2026-05-11,1975000.00,284400.00
R0011660,I000074-04,LN000074,2026-05-12,1533333.33,110400.00
R0011661,I000266-05,LN000266,2026-05-12,1825000.00,262800.00
R0011662,I000271-10,LN000271,2026-05-12,144444.44,31200.00
R0011663,I000298-02,LN000298,2026-05-12,4600000.00,331200.00
R0011664,I000366-02,LN000366,2026-05-12,2383333.34,171600.00
R0011665,I000686-02,LN000686,2026-05-12,2133333.34,230400.00
R0011666,I000916-01,LN000916,2026-05-12,383333.34,27600.00
R0011667,I001082-13,LN001082,2026-05-12,633333.33,136800.00
R0011668,I001085-05,LN001085,2026-05-12,316666.66,22800.00
R0011669,I001292-08,LN001292,2026-05-12,366666.67,52800.00
R0011670,I001340-07,LN001340,2026-05-12,241666.67,34800.00
R0011671,I001364-06,LN001364,2026-05-12,4716666.66,339600.00
R0011672,I001595-06,LN001595,2026-05-12,858333.33,123600.00
R0011673,I001694-11,LN001694,2026-05-12,973333.32,140160.00
R0011674,I001893-01,LN001893,2026-05-12,6033333.34,217200.00
R0011675,I001983-03,LN001983,2026-05-12,1188888.89,128400.00
R0011676,I000005-18,LN000005,2026-05-13,120000.00,25920.00
R0011677,I000072-17,LN000072,2026-05-13,1300000.00,280800.00
R0011678,I000109-05,LN000109,2026-05-13,4100000.00,295200.00
R0011679,I000195-04,LN000195,2026-05-13,905555.56,195600.00
R0011680,I000196-11,LN000196,2026-05-13,1000000.00,216000.00
R0011681,I000448-02,LN000448,2026-05-13,400000.00,28800.00
R0011682,I000915-08,LN000915,2026-05-13,2050000.00,295200.00
R0011683,I001050-03,LN001050,2026-05-13,1550000.00,223200.00
R0011684,I001069-17,LN001069,2026-05-13,1405555.55,303600.00
R0011685,I001227-04,LN001227,2026-05-13,1933333.33,208800.00
R0011686,I001240-01,LN001240,2026-05-13,4683333.34,337200.00
R0011687,I001252-09,LN001252,2026-05-13,2133333.33,307200.00
R0011688,I001320-12,LN001320,2026-05-13,1405555.55,303600.00
R0011689,I001426-09,LN001426,2026-05-13,494444.44,106800.00
R0011690,I001546-12,LN001546,2026-05-13,1525000.00,219600.00
R0011691,I001681-05,LN001681,2026-05-13,823333.32,59280.00
R0011692,I000086-14,LN000086,2026-05-14,1416666.66,306000.00
R0011693,I000087-05,LN000087,2026-05-14,475000.00,68400.00
R0011694,I000118-02,LN000118,2026-05-14,2511111.11,271200.00
R0011695,I000214-07,LN000214,2026-05-14,715000.00,102960.00
R0011696,I000627-02,LN000627,2026-05-14,600000.00,43200.00
R0011697,I000769-12,LN000769,2026-05-14,388888.89,84000.00
R0011698,I000820-12,LN000820,2026-05-14,1188888.89,256800.00
R0011699,I000944-01,LN000944,2026-05-14,5466666.67,196800.00
R0011700,I000953-06,LN000953,2026-05-14,4400000.00,316800.00
R0011701,I000969-10,LN000969,2026-05-14,460416.66,66300.00
R0011702,I001029-09,LN001029,2026-05-14,866666.66,124800.00
R0011703,I001286-12,LN001286,2026-05-14,1141666.66,164400.00
R0011704,I001381-15,LN001381,2026-05-14,933333.33,201600.00
R0011705,I001388-10,LN001388,2026-05-14,116666.67,25200.00
R0011706,I001446-01,LN001446,2026-05-14,2777777.78,300000.00
R0011707,I001586-08,LN001586,2026-05-14,1516666.67,218400.00
R0011708,I001631-08,LN001631,2026-05-14,1258333.33,181200.00
R0011709,I001636-02,LN001636,2026-05-14,633333.34,45600.00
R0011710,I001642-15,LN001642,2026-05-14,292500.00,63180.00
R0011711,I001642-16,LN001642,2026-05-14,450000.00,97200.00
R0011712,I001757-05,LN001757,2026-05-14,2133333.33,307200.00
R0011713,I001828-10,LN001828,2026-05-14,1258333.33,181200.00
R0011714,I001943-06,LN001943,2026-05-14,1516666.67,218400.00
R0011715,I001959-02,LN001959,2026-05-14,708333.34,102000.00
R0011716,I000509-03,LN000509,2026-05-15,2366666.67,170400.00
R0011717,I000620-05,LN000620,2026-05-15,3216666.66,231600.00
R0011718,I000712-04,LN000712,2026-05-15,2233333.34,321600.00
R0011719,I000990-04,LN000990,2026-05-15,250000.00,36000.00
R0011720,I000999-01,LN000999,2026-05-15,1000000.00,216000.00
R0011721,I001591-17,LN001591,2026-05-15,566666.66,122400.00
R0011722,I001759-04,LN001759,2026-05-15,500000.00,108000.00
R0011723,I001777-09,LN001777,2026-05-15,1211111.11,261600.00
R0011724,I001832-03,LN001832,2026-05-15,4666666.66,168000.00
R0011725,I000024-02,LN000024,2026-05-16,1641666.67,236400.00
R0011726,I000207-08,LN000207,2026-05-16,1041666.67,150000.00
R0011727,I000400-07,LN000400,2026-05-16,2433333.33,350400.00
R0011728,I000655-03,LN000655,2026-05-16,950000.00,205200.00
R0011729,I000741-04,LN000741,2026-05-16,1283333.34,184800.00
R0011730,I000811-01,LN000811,2026-05-16,550000.00,79200.00
R0011731,I000830-11,LN000830,2026-05-16,1500000.00,216000.00
R0011732,I000906-03,LN000906,2026-05-16,1366666.67,147600.00
R0011733,I000954-07,LN000954,2026-05-16,275000.00,39600.00
R0011734,I000977-07,LN000977,2026-05-16,608333.33,87600.00
R0011735,I001007-11,LN001007,2026-05-16,488888.89,105600.00
R0011736,I001085-03,LN001085,2026-05-16,253333.33,18240.00
R0011737,I001182-04,LN001182,2026-05-16,2116666.67,152400.00
R0011738,I001448-06,LN001448,2026-05-16,491666.66,70800.00
R0011739,I001547-03,LN001547,2026-05-16,2233333.33,160800.00
R0011740,I001908-08,LN001908,2026-05-16,2266666.66,244800.00
R0011741,I000099-07,LN000099,2026-05-17,983333.33,141600.00
R0011742,I000108-07,LN000108,2026-05-17,1016666.67,146400.00
R0011743,I000138-08,LN000138,2026-05-17,2788888.89,301200.00
R0011744,I000166-05,LN000166,2026-05-17,4600000.00,331200.00
R0011745,I000330-07,LN000330,2026-05-17,700000.00,100800.00
R0011746,I000439-13,LN000439,2026-05-17,261111.11,56400.00
R0011747,I000698-05,LN000698,2026-05-17,355555.56,38400.00
R0011748,I000977-09,LN000977,2026-05-17,608333.33,87600.00
R0011749,I001051-11,LN001051,2026-05-17,1066666.67,230400.00
R0011750,I001176-03,LN001176,2026-05-17,1655555.56,178800.00
R0011751,I001328-18,LN001328,2026-05-17,550000.00,118800.00
R0011752,I001448-08,LN001448,2026-05-17,491666.66,70800.00
R0011753,I001517-06,LN001517,2026-05-17,1077777.78,232800.00
R0011754,I001541-02,LN001541,2026-05-17,2450000.00,352800.00
R0011755,I001605-05,LN001605,2026-05-17,1813333.33,261120.00
R0011756,I001605-06,LN001605,2026-05-17,2266666.67,326400.00
R0011757,I001615-13,LN001615,2026-05-17,1255555.55,271200.00
R0011758,I001769-06,LN001769,2026-05-17,672222.22,145200.00
R0011759,I001823-07,LN001823,2026-05-17,1758333.33,253200.00
R0011760,I001890-09,LN001890,2026-05-17,433333.33,62400.00
R0011761,I000063-05,LN000063,2026-05-18,1261111.11,272400.00
R0011762,I000113-03,LN000113,2026-05-18,1466666.67,211200.00
R0011763,I000135-01,LN000135,2026-05-18,1075000.00,154800.00
R0011764,I000252-12,LN000252,2026-05-18,2291666.66,330000.00
R0011765,I000350-09,LN000350,2026-05-18,1600000.00,345600.00
R0011766,I000411-09,LN000411,2026-05-18,1277777.78,276000.00
R0011767,I000608-11,LN000608,2026-05-18,633333.33,136800.00
R0011768,I000610-03,LN000610,2026-05-18,1316666.67,189600.00
R0011769,I000717-03,LN000717,2026-05-18,1825000.00,262800.00
R0011770,I000726-05,LN000726,2026-05-18,933333.33,134400.00
R0011771,I000794-13,LN000794,2026-05-18,94444.44,20400.00
R0011772,I001140-09,LN001140,2026-05-18,875000.00,126000.00
R0011773,I001205-03,LN001205,2026-05-18,233333.34,50400.00
R0011774,I001366-05,LN001366,2026-05-18,625000.00,90000.00
R0011775,I001368-09,LN001368,2026-05-18,2125000.00,306000.00
R0011776,I001531-04,LN001531,2026-05-18,1650000.00,118800.00
R0011777,I001548-09,LN001548,2026-05-18,2150000.00,309600.00
R0011778,I001604-02,LN001604,2026-05-18,2150000.00,309600.00
R0011779,I000158-05,LN000158,2026-05-19,2533333.33,182400.00
R0011780,I000173-10,LN000173,2026-05-19,170833.33,24600.00
R0011781,I000406-08,LN000406,2026-05-19,300000.00,43200.00
R0011782,I000473-07,LN000473,2026-05-19,1638888.89,354000.00
R0011783,I000767-03,LN000767,2026-05-19,2183333.33,157200.00
R0011784,I000899-08,LN000899,2026-05-19,1166666.67,168000.00
R0011785,I000932-08,LN000932,2026-05-19,1483333.33,213600.00
R0011786,I000995-03,LN000995,2026-05-19,426666.66,30720.00
R0011787,I001116-05,LN001116,2026-05-19,1855555.56,200400.00
R0011788,I001299-11,LN001299,2026-05-19,295833.33,42600.00
R0011789,I001319-08,LN001319,2026-05-19,758333.33,109200.00
R0011790,I001520-08,LN001520,2026-05-19,650000.00,140400.00
R0011791,I001609-02,LN001609,2026-05-19,2500000.00,360000.00
R0011792,I001741-01,LN001741,2026-05-19,1975000.00,284400.00
R0011793,I001900-04,LN001900,2026-05-19,841666.67,121200.00
R0011794,I001986-09,LN001986,2026-05-19,600000.00,86400.00
R0011795,I000297-09,LN000297,2026-05-20,1746666.66,251520.00
R0011796,I000305-03,LN000305,2026-05-20,1533333.34,220800.00
R0011797,I000579-03,LN000579,2026-05-20,1013333.33,218880.00
R0011798,I000609-09,LN000609,2026-05-20,2075000.00,298800.00
R0011799,I000626-09,LN000626,2026-05-20,1722222.22,186000.00
R0011800,I000627-01,LN000627,2026-05-20,600000.00,43200.00
R0011801,I000634-01,LN000634,2026-05-20,1116666.67,160800.00
R0011802,I000686-03,LN000686,2026-05-20,2133333.34,230400.00
R0011803,I000871-04,LN000871,2026-05-20,891666.67,128400.00
R0011804,I000982-14,LN000982,2026-05-20,988888.89,213600.00
R0011805,I000991-08,LN000991,2026-05-20,1033333.33,111600.00
R0011806,I001061-09,LN001061,2026-05-20,633333.33,91200.00
R0011807,I001161-06,LN001161,2026-05-20,4066666.66,292800.00
R0011808,I001454-12,LN001454,2026-05-20,591666.66,85200.00
R0011809,I001468-02,LN001468,2026-05-20,2466666.67,355200.00
R0011810,I001656-05,LN001656,2026-05-20,3044444.44,328800.00
R0011811,I001689-05,LN001689,2026-05-20,3288888.89,355200.00
R0011812,I001719-10,LN001719,2026-05-20,600000.00,86400.00
R0011813,I001939-04,LN001939,2026-05-20,1700000.00,244800.00
R0011814,I000052-01,LN000052,2026-05-21,933333.34,100800.00
R0011815,I000385-05,LN000385,2026-05-21,4333333.33,312000.00
R0011816,I000398-15,LN000398,2026-05-21,750000.00,162000.00
R0011817,I000656-02,LN000656,2026-05-21,2325000.00,334800.00
R0011818,I000676-05,LN000676,2026-05-21,333333.33,24000.00
R0011819,I000684-07,LN000684,2026-05-21,2366666.67,340800.00
R0011820,I000739-17,LN000739,2026-05-21,1294444.44,279600.00
R0011821,I001418-08,LN001418,2026-05-21,533333.33,57600.00
R0011822,I001548-10,LN001548,2026-05-21,2150000.00,309600.00
R0011823,I001688-07,LN001688,2026-05-21,2344444.44,253200.00
R0011824,I001706-03,LN001706,2026-05-21,233333.34,25200.00
R0011825,I001789-05,LN001789,2026-05-21,2291666.67,330000.00
R0011826,I001913-02,LN001913,2026-05-21,466666.67,67200.00
R0011827,I000028-04,LN000028,2026-05-22,658333.34,94800.00
R0011828,I000133-05,LN000133,2026-05-22,2175000.00,313200.00
R0011829,I000289-03,LN000289,2026-05-22,4733333.33,170400.00
R0011830,I000482-08,LN000482,2026-05-22,925000.00,133200.00
R0011831,I000646-18,LN000646,2026-05-22,1505555.55,325200.00
R0011832,I000755-04,LN000755,2026-05-22,638888.89,138000.00
R0011833,I001104-05,LN001104,2026-05-22,483333.33,69600.00
R0011834,I001243-05,LN001243,2026-05-22,933333.33,134400.00
R0011835,I001408-08,LN001408,2026-05-22,1733333.33,187200.00
R0011836,I001410-10,LN001410,2026-05-22,1316666.67,284400.00
R0011837,I001683-01,LN001683,2026-05-22,1511111.12,163200.00
R0011838,I001733-18,LN001733,2026-05-22,161111.11,34800.00
R0011839,I001762-16,LN001762,2026-05-22,700000.00,151200.00
R0011840,I001814-04,LN001814,2026-05-22,3183333.33,229200.00
R0011841,I001863-08,LN001863,2026-05-22,1800000.00,259200.00
R0011842,I001870-04,LN001870,2026-05-22,1941666.67,279600.00
R0011843,I000150-11,LN000150,2026-05-23,291666.66,42000.00
R0011844,I000380-02,LN000380,2026-05-23,2244444.45,242400.00
R0011845,I000414-13,LN000414,2026-05-23,1238888.89,267600.00
R0011846,I000483-02,LN000483,2026-05-23,1616666.67,232800.00
R0011847,I000491-02,LN000491,2026-05-23,716666.67,51600.00
R0011848,I000558-04,LN000558,2026-05-23,727777.78,157200.00
R0011849,I000685-09,LN000685,2026-05-23,1491666.66,214800.00
R0011850,I000823-09,LN000823,2026-05-23,1544444.44,333600.00
R0011851,I000983-01,LN000983,2026-05-23,2366666.67,340800.00
R0011852,I000994-11,LN000994,2026-05-23,888888.89,192000.00
R0011853,I001025-02,LN001025,2026-05-23,287500.00,41400.00
R0011854,I001501-12,LN001501,2026-05-23,994444.44,214800.00
R0011855,I001510-11,LN001510,2026-05-23,2341666.66,337200.00
R0011856,I001731-14,LN001731,2026-05-23,1316666.66,284400.00
R0011857,I001786-12,LN001786,2026-05-23,2316666.66,333600.00
R0011858,I001796-02,LN001796,2026-05-23,2316666.67,166800.00
R0011859,I001822-01,LN001822,2026-05-23,841666.67,121200.00
R0011860,I001892-04,LN001892,2026-05-23,1416666.67,306000.00
R0011861,I000070-07,LN000070,2026-05-24,1561111.11,337200.00
R0011862,I000078-06,LN000078,2026-05-24,644444.45,139200.00
R0011863,I000125-09,LN000125,2026-05-24,1688888.88,182400.00
R0011864,I000217-04,LN000217,2026-05-24,4383333.33,315600.00
R0011865,I000228-16,LN000228,2026-05-24,1172222.22,253200.00
R0011866,I000235-02,LN000235,2026-05-24,991666.67,142800.00
R0011867,I000252-11,LN000252,2026-05-24,2291666.66,330000.00
R0011868,I000387-02,LN000387,2026-05-24,2375000.00,342000.00
R0011869,I000390-04,LN000390,2026-05-24,283333.33,20400.00
R0011870,I000449-06,LN000449,2026-05-24,816666.67,117600.00
R0011871,I000462-11,LN000462,2026-05-24,2050000.00,295200.00
R0011872,I000480-07,LN000480,2026-05-24,516666.67,111600.00
R0011873,I001058-08,LN001058,2026-05-24,533333.33,76800.00
R0011874,I001091-02,LN001091,2026-05-24,1941666.67,279600.00
R0011875,I001218-07,LN001218,2026-05-24,516666.67,74400.00
R0011876,I001270-09,LN001270,2026-05-24,3122222.22,337200.00
R0011877,I001424-05,LN001424,2026-05-24,2700000.00,194400.00
R0011878,I001490-06,LN001490,2026-05-24,2322222.22,250800.00
R0011879,I001518-03,LN001518,2026-05-24,2200000.00,158400.00
R0011880,I001538-03,LN001538,2026-05-24,2500000.00,360000.00
R0011881,I001847-10,LN001847,2026-05-24,2000000.00,288000.00
R0011882,I001942-01,LN001942,2026-05-24,2050000.00,295200.00
R0011883,I001949-10,LN001949,2026-05-24,322222.22,69600.00
R0011884,I000218-02,LN000218,2026-05-25,60000.00,12960.00
R0011885,I000231-05,LN000231,2026-05-25,233333.33,33600.00
R0011886,I000260-11,LN000260,2026-05-25,1980000.00,285120.00
R0011887,I000260-12,LN000260,2026-05-25,2475000.00,356400.00
R0011888,I000291-11,LN000291,2026-05-25,1008333.33,145200.00
R0011889,I000416-14,LN000416,2026-05-25,1000000.00,216000.00
R0011890,I000485-03,LN000485,2026-05-25,491666.67,70800.00
R0011891,I000512-03,LN000512,2026-05-25,733333.33,26400.00
R0011892,I000551-07,LN000551,2026-05-25,1783333.33,256800.00
R0011893,I000552-01,LN000552,2026-05-25,205833.33,29640.00
R0011894,I000897-02,LN000897,2026-05-25,2833333.34,204000.00
R0011895,I000970-02,LN000970,2026-05-25,4833333.33,174000.00
R0011896,I001228-01,LN001228,2026-05-25,3044444.45,328800.00
R0011897,I001304-03,LN001304,2026-05-25,1625000.00,234000.00
R0011898,I001487-01,LN001487,2026-05-25,1275000.00,183600.00
R0011899,I001572-02,LN001572,2026-05-25,125000.00,18000.00
R0011900,I001653-10,LN001653,2026-05-25,1291666.66,186000.00
R0011901,I001763-04,LN001763,2026-05-25,2750000.00,198000.00
R0011902,I001823-08,LN001823,2026-05-25,1758333.33,253200.00
R0011903,I001836-03,LN001836,2026-05-25,1058333.34,152400.00
R0011904,I000338-05,LN000338,2026-05-26,2733333.33,196800.00
R0011905,I000562-02,LN000562,2026-05-26,4666666.67,336000.00
R0011906,I000778-05,LN000778,2026-05-26,1466666.67,316800.00
R0011907,I000794-14,LN000794,2026-05-26,94444.44,20400.00
R0011908,I000829-01,LN000829,2026-05-26,3866666.67,139200.00
R0011909,I000932-09,LN000932,2026-05-26,1483333.33,213600.00
R0011910,I000993-05,LN000993,2026-05-26,4416666.66,318000.00
R0011911,I001016-04,LN001016,2026-05-26,822222.22,88800.00
R0011912,I001043-02,LN001043,2026-05-26,125000.00,18000.00
R0011913,I001156-01,LN001156,2026-05-26,450000.00,64800.00
R0011914,I001366-06,LN001366,2026-05-26,625000.00,90000.00
R0011915,I001625-08,LN001625,2026-05-26,788888.89,170400.00
R0011916,I001632-05,LN001632,2026-05-26,2155555.56,232800.00
R0011917,I001654-04,LN001654,2026-05-26,4683333.33,337200.00
R0011918,I001714-01,LN001714,2026-05-26,555555.56,120000.00
R0011919,I001728-08,LN001728,2026-05-26,261111.11,56400.00
R0011920,I001782-03,LN001782,2026-05-26,225000.00,16200.00
R0011921,I001872-11,LN001872,2026-05-26,761111.11,164400.00
R0011922,I001875-05,LN001875,2026-05-26,1200000.00,172800.00
R0011923,I000046-09,LN000046,2026-05-27,1833333.33,264000.00
R0011924,I000245-10,LN000245,2026-05-27,2225000.00,320400.00
R0011925,I000336-09,LN000336,2026-05-27,191666.66,27600.00
R0011926,I000611-05,LN000611,2026-05-27,350000.00,50400.00
R0011927,I000652-01,LN000652,2026-05-27,3533333.34,254400.00
R0011928,I000867-10,LN000867,2026-05-27,1800000.00,259200.00
R0011929,I000868-09,LN000868,2026-05-27,3311111.11,357600.00
R0011930,I000878-02,LN000878,2026-05-27,1050000.00,75600.00
R0011931,I001005-06,LN001005,2026-05-27,377777.78,40800.00
R0011932,I001338-02,LN001338,2026-05-27,1250000.00,270000.00
R0011933,I001373-08,LN001373,2026-05-27,1958333.33,282000.00
R0011934,I001466-09,LN001466,2026-05-27,2722222.22,294000.00
R0011935,I001505-11,LN001505,2026-05-27,291666.66,42000.00
R0011936,I001506-12,LN001506,2026-05-27,1172222.22,253200.00
R0011937,I001523-02,LN001523,2026-05-27,2291666.67,330000.00
R0011938,I000003-08,LN000003,2026-05-28,933333.33,134400.00
R0011939,I000010-04,LN000010,2026-05-28,2477777.78,267600.00
R0011940,I000146-07,LN000146,2026-05-28,1416666.67,204000.00
R0011941,I000378-02,LN000378,2026-05-28,8866666.67,319200.00
R0011942,I000508-08,LN000508,2026-05-28,883333.33,127200.00
R0011943,I000609-10,LN000609,2026-05-28,2075000.00,298800.00
R0011944,I000743-07,LN000743,2026-05-28,1250000.00,180000.00
R0011945,I000783-09,LN000783,2026-05-28,458333.33,66000.00
R0011946,I000814-02,LN000814,2026-05-28,1166666.67,168000.00
R0011947,I001002-01,LN001002,2026-05-28,225000.00,32400.00
R0011948,I001125-04,LN001125,2026-05-28,2025000.00,291600.00
R0011949,I001183-12,LN001183,2026-05-28,1108333.33,159600.00
R0011950,I001264-02,LN001264,2026-05-28,2111111.11,228000.00
R0011951,I001300-01,LN001300,2026-05-28,1011111.12,109200.00
R0011952,I001467-02,LN001467,2026-05-28,4516666.67,325200.00
R0011953,I001500-02,LN001500,2026-05-28,4666666.67,336000.00
R0011954,I001511-06,LN001511,2026-05-28,3400000.00,244800.00
R0011955,I001597-12,LN001597,2026-05-28,533333.33,76800.00
R0011956,I001689-06,LN001689,2026-05-28,3288888.89,355200.00
R0011957,I001709-02,LN001709,2026-05-28,1083333.34,78000.00
R0011958,I001773-03,LN001773,2026-05-28,450000.00,32400.00
R0011959,I001808-05,LN001808,2026-05-28,583333.33,84000.00
R0011960,I001924-03,LN001924,2026-05-28,1175000.00,169200.00
R0011961,I000049-10,LN000049,2026-05-29,2266666.66,326400.00
R0011962,I000214-08,LN000214,2026-05-29,1100000.00,158400.00
R0011963,I000267-02,LN000267,2026-05-29,1658333.34,238800.00
R0011964,I000271-08,LN000271,2026-05-29,144444.45,31200.00
R0011965,I000367-01,LN000367,2026-05-29,3083333.34,222000.00
R0011966,I000618-05,LN000618,2026-05-29,355555.55,76800.00
R0011967,I000939-02,LN000939,2026-05-29,2450000.00,176400.00
R0011968,I001222-03,LN001222,2026-05-29,833333.33,60000.00
R0011969,I001480-02,LN001480,2026-05-29,2316666.67,333600.00
R0011970,I001489-04,LN001489,2026-05-29,400000.00,28800.00
R0011971,I001609-03,LN001609,2026-05-29,2500000.00,360000.00
R0011972,I001663-09,LN001663,2026-05-29,533333.33,76800.00
R0011973,I001747-01,LN001747,2026-05-29,933333.34,67200.00
R0011974,I001782-05,LN001782,2026-05-29,900000.00,64800.00
R0011975,I001796-01,LN001796,2026-05-29,2316666.67,166800.00
R0011976,I000030-06,LN000030,2026-05-30,1311111.11,283200.00
R0011977,I000039-01,LN000039,2026-05-30,666666.67,96000.00
R0011978,I000133-06,LN000133,2026-05-30,2175000.00,313200.00
R0011979,I000137-06,LN000137,2026-05-30,3000000.00,216000.00
R0011980,I000448-03,LN000448,2026-05-30,400000.00,28800.00
R0011981,I000744-11,LN000744,2026-05-30,525000.00,75600.00
R0011982,I000787-01,LN000787,2026-05-30,2458333.34,354000.00
R0011983,I000849-02,LN000849,2026-05-30,1005555.56,217200.00
R0011984,I000874-08,LN000874,2026-05-30,280000.00,40320.00
R0011985,I001018-02,LN001018,2026-05-30,141666.67,20400.00
R0011986,I001189-05,LN001189,2026-05-30,775000.00,111600.00
R0011987,I001330-05,LN001330,2026-05-30,188888.89,20400.00
R0011988,I001458-08,LN001458,2026-05-30,2191666.67,315600.00
R0011989,I001652-09,LN001652,2026-05-30,2022222.22,218400.00
R0011990,I001699-06,LN001699,2026-05-30,775000.00,111600.00
R0011991,I001768-09,LN001768,2026-05-30,1116666.66,160800.00
R0011992,I001801-05,LN001801,2026-05-30,733333.34,158400.00
R0011993,I000016-12,LN000016,2026-05-31,783333.33,169200.00
R0011994,I000113-02,LN000113,2026-05-31,1466666.67,211200.00
R0011995,I000304-06,LN000304,2026-05-31,1491666.67,214800.00
R0011996,I000410-01,LN000410,2026-05-31,511111.12,110400.00
R0011997,I000510-02,LN000510,2026-05-31,500000.00,72000.00
R0011998,I000564-07,LN000564,2026-05-31,716666.67,103200.00
R0011999,I000579-04,LN000579,2026-05-31,1266666.67,273600.00
R0012000,I000593-06,LN000593,2026-05-31,4466666.66,321600.00
R0012001,I000881-08,LN000881,2026-05-31,700000.00,100800.00
R0012002,I001110-02,LN001110,2026-05-31,3850000.00,277200.00
R0012003,I001427-04,LN001427,2026-05-31,2400000.00,172800.00
R0012004,I001478-05,LN001478,2026-05-31,1066666.66,76800.00
R0012005,I001850-06,LN001850,2026-05-31,1833333.33,198000.00
R0012006,I000200-03,LN000200,2026-06-01,2750000.00,198000.00
R0012007,I000229-05,LN000229,2026-06-01,522222.22,56400.00
R0012008,I000236-05,LN000236,2026-06-01,2083333.33,300000.00
R0012009,I000261-06,LN000261,2026-06-01,4883333.33,351600.00
R0012010,I000278-01,LN000278,2026-06-01,1716666.67,247200.00
R0012011,I000319-02,LN000319,2026-06-01,1366666.67,98400.00
R0012012,I000484-01,LN000484,2026-06-01,2066666.67,297600.00
R0012013,I000780-03,LN000780,2026-06-01,1875000.00,270000.00
R0012014,I000823-10,LN000823,2026-06-01,1544444.44,333600.00
R0012015,I000922-01,LN000922,2026-06-01,1658333.34,238800.00
R0012016,I000984-08,LN000984,2026-06-01,1266666.67,182400.00
R0012017,I001066-06,LN001066,2026-06-01,944444.44,102000.00
R0012018,I001088-05,LN001088,2026-06-01,1800000.00,194400.00
R0012019,I001273-09,LN001273,2026-06-01,2688888.88,290400.00
R0012020,I001440-05,LN001440,2026-06-01,3283333.33,236400.00
R0012021,I001507-08,LN001507,2026-06-01,566666.67,81600.00
R0012022,I001517-05,LN001517,2026-06-01,1077777.78,232800.00
R0012023,I001833-06,LN001833,2026-06-01,2026666.66,145920.00
R0012024,I001839-05,LN001839,2026-06-01,4883333.33,351600.00
R0012025,I001869-06,LN001869,2026-06-01,1950000.00,140400.00
R0012026,I001881-09,LN001881,2026-06-01,1922222.22,207600.00
R0012027,I000132-08,LN000132,2026-06-02,2125000.00,306000.00
R0012028,I000247-12,LN000247,2026-06-02,2366666.66,340800.00
R0012029,I000317-07,LN000317,2026-06-02,425000.00,61200.00
R0012030,I000400-08,LN000400,2026-06-02,2433333.33,350400.00
R0012031,I000405-12,LN000405,2026-06-02,2391666.66,344400.00
R0012032,I000724-11,LN000724,2026-06-02,1883333.33,271200.00
R0012033,I000791-05,LN000791,2026-06-02,1466666.67,211200.00
R0012034,I000811-02,LN000811,2026-06-02,550000.00,79200.00
R0012035,I000974-05,LN000974,2026-06-02,466666.67,100800.00
R0012036,I001006-12,LN001006,2026-06-02,1444444.44,312000.00
R0012037,I001217-02,LN001217,2026-06-02,855555.56,92400.00
R0012038,I001341-10,LN001341,2026-06-02,816666.66,117600.00
R0012039,I001400-07,LN001400,2026-06-02,2333333.33,336000.00
R0012040,I001477-08,LN001477,2026-06-02,1450000.00,208800.00
R0012041,I001515-03,LN001515,2026-06-02,4033333.33,290400.00
R0012042,I001527-12,LN001527,2026-06-02,2008333.33,289200.00
R0012043,I001861-01,LN001861,2026-06-02,137777.78,29760.00
R0012044,I001877-12,LN001877,2026-06-02,1227777.78,265200.00
R0012045,I000038-05,LN000038,2026-06-03,173333.33,18720.00
R0012046,I000210-03,LN000210,2026-06-03,3226666.66,232320.00
R0012047,I000290-05,LN000290,2026-06-03,1150000.00,165600.00
R0012048,I000298-03,LN000298,2026-06-03,4600000.00,331200.00
R0012049,I000577-06,LN000577,2026-06-03,3011111.11,325200.00
R0012050,I000660-07,LN000660,2026-06-03,1791666.67,258000.00
R0012051,I000731-06,LN000731,2026-06-03,1045833.33,150600.00
R0012052,I000760-02,LN000760,2026-06-03,1055555.56,114000.00
R0012053,I000970-03,LN000970,2026-06-03,4833333.33,174000.00
R0012054,I001166-02,LN001166,2026-06-03,141666.67,20400.00
R0012055,I001242-06,LN001242,2026-06-03,2375000.00,342000.00
R0012056,I001281-03,LN001281,2026-06-03,1050000.00,151200.00
R0012057,I001572-03,LN001572,2026-06-03,100000.00,14400.00
R0012058,I001691-04,LN001691,2026-06-03,675000.00,97200.00
R0012059,I001825-08,LN001825,2026-06-03,966666.66,104400.00
R0012060,I000253-16,LN000253,2026-06-04,1577777.77,340800.00
R0012061,I000284-01,LN000284,2026-06-04,2058333.34,296400.00
R0012062,I000438-01,LN000438,2026-06-04,1205555.56,260400.00
R0012063,I000778-06,LN000778,2026-06-04,1466666.67,316800.00
R0012064,I000905-02,LN000905,2026-06-04,1350000.00,97200.00
R0012065,I000990-03,LN000990,2026-06-04,250000.00,36000.00
R0012066,I001037-08,LN001037,2026-06-04,208333.33,30000.00
R0012067,I001297-06,LN001297,2026-06-04,2655555.55,286800.00
R0012068,I001735-04,LN001735,2026-06-04,966666.67,69600.00
R0012069,I001835-06,LN001835,2026-06-04,2141666.67,308400.00
R0012070,I001985-09,LN001985,2026-06-04,1488888.88,160800.00
R0012071,I000015-08,LN000015,2026-06-05,375000.00,54000.00
R0012072,I000086-15,LN000086,2026-06-05,1416666.66,306000.00
R0012073,I000118-03,LN000118,2026-06-05,2511111.11,271200.00
R0012074,I000143-01,LN000143,2026-06-05,1758333.34,253200.00
R0012075,I000199-11,LN000199,2026-06-05,2241666.66,322800.00
R0012076,I000313-05,LN000313,2026-06-05,593750.00,85500.00
R0012077,I000346-05,LN000346,2026-06-05,2933333.33,316800.00
R0012078,I000389-05,LN000389,2026-06-05,2988888.89,322800.00
R0012079,I000611-06,LN000611,2026-06-05,350000.00,50400.00
R0012080,I000627-03,LN000627,2026-06-05,600000.00,43200.00
R0012081,I000639-01,LN000639,2026-06-05,150000.00,21600.00
R0012082,I000784-01,LN000784,2026-06-05,1061111.12,229200.00
R0012083,I000809-01,LN000809,2026-06-05,366666.67,79200.00
R0012084,I000830-10,LN000830,2026-06-05,1500000.00,216000.00
R0012085,I000864-02,LN000864,2026-06-05,1100000.00,39600.00
R0012086,I001013-03,LN001013,2026-06-05,2633333.33,189600.00
R0012087,I001084-05,LN001084,2026-06-05,2233333.33,160800.00
R0012088,I001154-01,LN001154,2026-06-05,1566666.67,112800.00
R0012089,I001203-03,LN001203,2026-06-05,4350000.00,313200.00
R0012090,I001407-05,LN001407,2026-06-05,4400000.00,316800.00
R0012091,I001586-09,LN001586,2026-06-05,1516666.66,218400.00
R0012092,I001671-11,LN001671,2026-06-05,1316666.66,189600.00
R0012093,I001672-12,LN001672,2026-06-05,150000.00,21600.00
R0012094,I001706-02,LN001706,2026-06-05,233333.34,25200.00
R0012095,I001839-06,LN001839,2026-06-05,4883333.33,351600.00
R0012096,I001943-07,LN001943,2026-06-05,1516666.67,218400.00
R0012097,I001959-03,LN001959,2026-06-05,708333.34,102000.00
R0012098,I000460-11,LN000460,2026-06-06,333333.33,48000.00
R0012099,I000494-02,LN000494,2026-06-06,3233333.34,232800.00
R0012100,I000757-02,LN000757,2026-06-06,700000.00,151200.00
R0012101,I000853-06,LN000853,2026-06-06,3783333.33,272400.00
R0012102,I000892-06,LN000892,2026-06-06,916666.67,132000.00
R0012103,I000998-06,LN000998,2026-06-06,3100000.00,223200.00
R0012104,I001050-04,LN001050,2026-06-06,1550000.00,223200.00
R0012105,I001056-04,LN001056,2026-06-06,1148333.33,165360.00
R0012106,I001104-04,LN001104,2026-06-06,483333.34,69600.00
R0012107,I001375-06,LN001375,2026-06-06,1900000.00,205200.00
R0012108,I001804-08,LN001804,2026-06-06,183333.33,26400.00
R0012109,I001856-09,LN001856,2026-06-06,2955555.55,319200.00
R0012110,I001929-18,LN001929,2026-06-06,480277.77,103740.00
R0012111,I000048-03,LN000048,2026-06-07,450000.00,32400.00
R0012112,I000089-01,LN000089,2026-06-07,924444.44,99840.00
R0012113,I000100-05,LN000100,2026-06-07,166666.67,24000.00
R0012114,I000150-10,LN000150,2026-06-07,291666.66,42000.00
R0012115,I000422-03,LN000422,2026-06-07,4916666.67,354000.00
R0012116,I000608-10,LN000608,2026-06-07,633333.33,136800.00
R0012117,I000676-06,LN000676,2026-06-07,333333.33,24000.00
R0012118,I000895-04,LN000895,2026-06-07,2391666.67,344400.00
R0012119,I000914-05,LN000914,2026-06-07,1458333.33,210000.00
R0012120,I000916-02,LN000916,2026-06-07,383333.34,27600.00
R0012121,I001012-17,LN001012,2026-06-07,872222.22,188400.00
R0012122,I001620-12,LN001620,2026-06-07,1108333.33,159600.00
R0012123,I001828-11,LN001828,2026-06-07,1258333.33,181200.00
R0012124,I001837-01,LN001837,2026-06-07,1350000.00,97200.00
R0012125,I001875-08,LN001875,2026-06-07,1200000.00,172800.00
R0012126,I001956-06,LN001956,2026-06-07,1033333.33,111600.00
R0012127,I001999-16,LN001999,2026-06-07,1600000.00,345600.00
R0012128,I000008-08,LN000008,2026-06-08,575000.00,82800.00
R0012129,I000054-02,LN000054,2026-06-08,725833.33,52260.00
R0012130,I000157-05,LN000157,2026-06-08,500000.00,36000.00
R0012131,I000165-02,LN000165,2026-06-08,3550000.00,255600.00
R0012132,I000196-12,LN000196,2026-06-08,1000000.00,216000.00
R0012133,I000225-05,LN000225,2026-06-08,2008333.33,289200.00
R0012134,I000618-04,LN000618,2026-06-08,1422222.23,307200.00
R0012135,I000777-16,LN000777,2026-06-08,211111.11,45600.00
R0012136,I001067-04,LN001067,2026-06-08,2123333.33,152880.00
R0012137,I001343-11,LN001343,2026-06-08,83333.33,18000.00
R0012138,I001426-10,LN001426,2026-06-08,494444.44,106800.00
R0012139,I001430-18,LN001430,2026-06-08,488888.88,105600.00
R0012140,I001494-06,LN001494,2026-06-08,370833.33,53400.00
R0012141,I001549-02,LN001549,2026-06-08,1170833.33,84300.00
R0012142,I001969-04,LN001969,2026-06-08,1950000.00,280800.00
R0012143,I000144-04,LN000144,2026-06-09,2844444.45,307200.00
R0012144,I000551-06,LN000551,2026-06-09,1783333.33,256800.00
R0012145,I000769-13,LN000769,2026-06-09,388888.89,84000.00
R0012146,I000772-03,LN000772,2026-06-09,1650000.00,237600.00
R0012147,I000781-03,LN000781,2026-06-09,1158333.34,166800.00
R0012148,I000789-03,LN000789,2026-06-09,233333.34,50400.00
R0012149,I000799-03,LN000799,2026-06-09,325000.00,46800.00
R0012150,I000820-13,LN000820,2026-06-09,1188888.89,256800.00
R0012151,I000969-12,LN000969,2026-06-09,1841666.66,265200.00
R0012152,I001294-01,LN001294,2026-06-09,1188888.89,128400.00
R0012153,I001332-04,LN001332,2026-06-09,205555.56,44400.00
R0012154,I001390-03,LN001390,2026-06-09,233333.34,25200.00
R0012155,I001740-07,LN001740,2026-06-09,400000.00,57600.00
R0012156,I001814-05,LN001814,2026-06-09,3183333.33,229200.00
R0012157,I001838-02,LN001838,2026-06-09,625000.00,90000.00
R0012158,I001915-08,LN001915,2026-06-09,791666.67,114000.00
R0012159,I001923-02,LN001923,2026-06-09,591666.67,85200.00
R0012160,I001962-12,LN001962,2026-06-09,1294444.44,279600.00
R0012161,I000292-01,LN000292,2026-06-10,6026666.67,216960.00
R0012162,I000342-03,LN000342,2026-06-10,3366666.67,242400.00
R0012163,I000818-01,LN000818,2026-06-10,3483333.34,250800.00
R0012164,I000848-02,LN000848,2026-06-10,358333.34,51600.00
R0012165,I000963-03,LN000963,2026-06-10,550000.00,39600.00
R0012166,I001018-03,LN001018,2026-06-10,141666.67,20400.00
R0012167,I001082-14,LN001082,2026-06-10,633333.33,136800.00
R0012168,I001227-03,LN001227,2026-06-10,1546666.67,167040.00
R0012169,I001245-05,LN001245,2026-06-10,2383333.33,343200.00
R0012170,I001331-03,LN001331,2026-06-10,4816666.67,346800.00
R0012171,I001340-08,LN001340,2026-06-10,241666.67,34800.00
R0012172,I001361-04,LN001361,2026-06-10,1255555.56,271200.00
R0012173,I001375-05,LN001375,2026-06-10,1520000.00,164160.00
R0012174,I001423-05,LN001423,2026-06-10,879166.66,126600.00
R0012175,I001425-14,LN001425,2026-06-10,1661111.11,358800.00
R0012176,I001538-04,LN001538,2026-06-10,2500000.00,360000.00
R0012177,I001595-07,LN001595,2026-06-10,858333.33,123600.00
R0012178,I001693-09,LN001693,2026-06-10,500000.00,72000.00
R0012179,I001749-05,LN001749,2026-06-10,1408333.33,202800.00
R0012180,I001870-02,LN001870,2026-06-10,1941666.67,279600.00
R0012181,I001958-02,LN001958,2026-06-10,875000.00,126000.00
R0012182,I000312-11,LN000312,2026-06-11,291666.66,42000.00
R0012183,I000324-11,LN000324,2026-06-11,1322222.22,285600.00
R0012184,I000850-05,LN000850,2026-06-11,252777.78,54600.00
R0012185,I000879-01,LN000879,2026-06-11,2108333.34,303600.00
R0012186,I001219-12,LN001219,2026-06-11,1475000.00,212400.00
R0012187,I001232-04,LN001232,2026-06-11,3050000.00,219600.00
R0012188,I001353-08,LN001353,2026-06-11,1211111.11,261600.00
R0012189,I001529-03,LN001529,2026-06-11,1466666.67,211200.00
R0012190,I001621-03,LN001621,2026-06-11,533333.33,38400.00
R0012191,I001625-10,LN001625,2026-06-11,788888.89,170400.00
R0012192,I000074-05,LN000074,2026-06-12,1533333.33,110400.00
R0012193,I000199-12,LN000199,2026-06-12,2241666.66,322800.00
R0012194,I000254-02,LN000254,2026-06-12,1141666.67,164400.00
R0012195,I000308-01,LN000308,2026-06-12,1177777.78,254400.00
R0012196,I000385-06,LN000385,2026-06-12,4333333.33,312000.00
R0012197,I000396-03,LN000396,2026-06-12,2108333.34,303600.00
R0012198,I000677-16,LN000677,2026-06-12,416666.66,90000.00
R0012199,I000760-03,LN000760,2026-06-12,1055555.56,114000.00
R0012200,I001176-04,LN001176,2026-06-12,1655555.56,178800.00
R0012201,I001292-09,LN001292,2026-06-12,366666.66,52800.00
R0012202,I001333-03,LN001333,2026-06-12,877777.78,189600.00
R0012203,I001507-09,LN001507,2026-06-12,566666.66,81600.00
R0012204,I001591-18,LN001591,2026-06-12,566666.66,122400.00
R0012205,I001615-14,LN001615,2026-06-12,1255555.55,271200.00
R0012206,I001716-03,LN001716,2026-06-12,558333.34,80400.00
R0012207,I001893-02,LN001893,2026-06-12,6033333.33,217200.00
R0012208,I000004-07,LN000004,2026-06-13,1200000.00,259200.00
R0012209,I000072-18,LN000072,2026-06-13,1300000.00,280800.00
R0012210,I000095-18,LN000095,2026-06-13,58333.33,12600.00
R0012211,I000173-11,LN000173,2026-06-13,683333.33,98400.00
R0012212,I000426-10,LN000426,2026-06-13,1225000.00,176400.00
R0012213,I000471-09,LN000471,2026-06-13,1150000.00,248400.00
R0012214,I000473-09,LN000473,2026-06-13,1638888.89,354000.00
R0012215,I000595-05,LN000595,2026-06-13,488888.89,52800.00
R0012216,I001193-01,LN001193,2026-06-13,2350000.00,169200.00
R0012217,I001205-04,LN001205,2026-06-13,233333.34,50400.00
R0012218,I001240-02,LN001240,2026-06-13,4683333.34,337200.00
R0012219,I001442-08,LN001442,2026-06-13,455555.55,49200.00
R0012220,I001447-04,LN001447,2026-06-13,4500000.00,324000.00
R0012221,I001477-09,LN001477,2026-06-13,1450000.00,208800.00
R0012222,I001489-03,LN001489,2026-06-13,400000.00,28800.00
R0012223,I001632-07,LN001632,2026-06-13,2155555.55,232800.00
R0012224,I001762-17,LN001762,2026-06-13,700000.00,151200.00
R0012225,I001835-07,LN001835,2026-06-13,2141666.67,308400.00
R0012226,I000265-05,LN000265,2026-06-14,875000.00,126000.00
R0012227,I000266-06,LN000266,2026-06-14,1825000.00,262800.00
R0012228,I000318-07,LN000318,2026-06-14,1283333.33,277200.00
R0012229,I000345-08,LN000345,2026-06-14,608333.33,87600.00
R0012230,I000449-09,LN000449,2026-06-14,816666.66,117600.00
R0012231,I000528-01,LN000528,2026-06-14,7833333.34,282000.00
R0012232,I000537-01,LN000537,2026-06-14,1388888.89,300000.00
R0012233,I000652-03,LN000652,2026-06-14,3533333.33,254400.00
R0012234,I000875-01,LN000875,2026-06-14,200000.00,21600.00
R0012235,I000944-02,LN000944,2026-06-14,5466666.67,196800.00
R0012236,I000954-08,LN000954,2026-06-14,275000.00,39600.00
R0012237,I001262-09,LN001262,2026-06-14,400000.00,86400.00
R0012238,I001446-02,LN001446,2026-06-14,2777777.78,300000.00
R0012239,I001539-11,LN001539,2026-06-14,377777.78,81600.00
R0012240,I001631-09,LN001631,2026-06-14,1258333.33,181200.00
R0012241,I001757-06,LN001757,2026-06-14,2133333.33,307200.00
R0012242,I001822-02,LN001822,2026-06-14,841666.67,121200.00
R0012243,I000058-02,LN000058,2026-06-15,733333.34,105600.00
R0012244,I000080-01,LN000080,2026-06-15,3716666.67,267600.00
R0012245,I000081-03,LN000081,2026-06-15,3288888.89,355200.00
R0012246,I000482-09,LN000482,2026-06-15,925000.00,133200.00
R0012247,I000546-03,LN000546,2026-06-15,583333.34,84000.00
R0012248,I000634-02,LN000634,2026-06-15,1116666.67,160800.00
R0012249,I000733-01,LN000733,2026-06-15,5500000.00,198000.00
R0012250,I000874-09,LN000874,2026-06-15,350000.00,50400.00
R0012251,I001180-05,LN001180,2026-06-15,1133333.33,122400.00
R0012252,I001252-10,LN001252,2026-06-15,2133333.33,307200.00
R0012253,I001656-06,LN001656,2026-06-15,3044444.44,328800.00
R0012254,I001719-12,LN001719,2026-06-15,600000.00,86400.00
R0012255,I001777-10,LN001777,2026-06-15,1211111.11,261600.00
R0012256,I001908-07,LN001908,2026-06-15,1473333.32,159120.00
R0012257,I000024-03,LN000024,2026-06-16,1641666.67,236400.00
R0012258,I000113-04,LN000113,2026-06-16,586666.66,84480.00
R0012259,I000132-07,LN000132,2026-06-16,2125000.00,306000.00
R0012260,I000207-10,LN000207,2026-06-16,520833.33,75000.00
R0012261,I000330-08,LN000330,2026-06-16,700000.00,100800.00
R0012262,I000386-01,LN000386,2026-06-16,1200000.00,259200.00
R0012263,I001182-05,LN001182,2026-06-16,2116666.66,152400.00
R0012264,I001224-14,LN001224,2026-06-16,497777.77,107520.00
R0012265,I001445-03,LN001445,2026-06-16,2833333.33,102000.00
R0012266,I001460-16,LN001460,2026-06-16,1344444.44,290400.00
R0012267,I001636-03,LN001636,2026-06-16,633333.33,45600.00
R0012268,I001887-04,LN001887,2026-06-16,493750.00,71100.00
R0012269,I001892-05,LN001892,2026-06-16,1416666.67,306000.00
R0012270,I000008-09,LN000008,2026-06-17,575000.00,82800.00
R0012271,I000099-08,LN000099,2026-06-17,983333.33,141600.00
R0012272,I000108-08,LN000108,2026-06-17,1016666.67,146400.00
R0012273,I000138-09,LN000138,2026-06-17,2788888.88,301200.00
R0012274,I000165-03,LN000165,2026-06-17,3550000.00,255600.00
R0012275,I000228-17,LN000228,2026-06-17,1172222.22,253200.00
R0012276,I000413-09,LN000413,2026-06-17,125000.00,18000.00
R0012277,I000439-14,LN000439,2026-06-17,261111.11,56400.00
R0012278,I000562-03,LN000562,2026-06-17,4666666.67,336000.00
R0012279,I000698-06,LN000698,2026-06-17,355555.55,38400.00
R0012280,I000726-06,LN000726,2026-06-17,933333.33,134400.00
R0012281,I001051-12,LN001051,2026-06-17,1066666.67,230400.00
R0012282,I001192-04,LN001192,2026-06-17,533333.33,38400.00
R0012283,I001356-06,LN001356,2026-06-17,2308333.33,332400.00
R0012284,I001517-07,LN001517,2026-06-17,1077777.78,232800.00
R0012285,I001541-03,LN001541,2026-06-17,2450000.00,352800.00
R0012286,I001565-04,LN001565,2026-06-17,4883333.33,351600.00
R0012287,I001605-07,LN001605,2026-06-17,2266666.67,326400.00
R0012288,I001890-10,LN001890,2026-06-17,433333.33,62400.00
R0012289,I001983-04,LN001983,2026-06-17,1188888.89,128400.00
R0012290,I000063-06,LN000063,2026-06-18,1261111.11,272400.00
R0012291,I000123-06,LN000123,2026-06-18,3750000.00,270000.00
R0012292,I000195-05,LN000195,2026-06-18,905555.56,195600.00
R0012293,I000455-01,LN000455,2026-06-18,1316666.67,94800.00
R0012294,I000473-08,LN000473,2026-06-18,1638888.89,354000.00
R0012295,I001007-12,LN001007,2026-06-18,488888.89,105600.00
R0012296,I001334-06,LN001334,2026-06-18,683333.33,49200.00
R0012297,I001531-05,LN001531,2026-06-18,1650000.00,118800.00
R0012298,I000017-04,LN000017,2026-06-19,1543750.00,222300.00
R0012299,I000265-04,LN000265,2026-06-19,875000.00,126000.00
R0012300,I000304-05,LN000304,2026-06-19,1491666.67,214800.00
R0012301,I000406-09,LN000406,2026-06-19,300000.00,43200.00
R0012302,I000495-01,LN000495,2026-06-19,2720000.00,195840.00
R0012303,I000508-09,LN000508,2026-06-19,883333.33,127200.00
R0012304,I000767-04,LN000767,2026-06-19,2183333.33,157200.00
R0012305,I000899-09,LN000899,2026-06-19,1166666.66,168000.00
R0012306,I000995-04,LN000995,2026-06-19,1066666.67,76800.00
R0012307,I001113-02,LN001113,2026-06-19,991666.67,142800.00
R0012308,I001116-06,LN001116,2026-06-19,1855555.55,200400.00
R0012309,I001218-08,LN001218,2026-06-19,516666.67,74400.00
R0012310,I001306-03,LN001306,2026-06-19,127777.78,27600.00
R0012311,I001388-11,LN001388,2026-06-19,116666.67,25200.00
R0012312,I001500-03,LN001500,2026-06-19,4666666.67,336000.00
R0012313,I001676-02,LN001676,2026-06-19,266666.67,38400.00
R0012314,I001717-06,LN001717,2026-06-19,3300000.00,356400.00
R0012315,I001814-03,LN001814,2026-06-19,3183333.33,229200.00
R0012316,I001832-02,LN001832,2026-06-19,1166666.66,42000.00
R0012317,I001982-01,LN001982,2026-06-19,1522222.23,164400.00
R0012318,I000107-01,LN000107,2026-06-20,683333.34,49200.00
R0012319,I000312-12,LN000312,2026-06-20,291666.66,42000.00
R0012320,I000506-14,LN000506,2026-06-20,1077777.78,232800.00
R0012321,I000545-02,LN000545,2026-06-20,3833333.34,276000.00
R0012322,I000555-03,LN000555,2026-06-20,2750000.00,198000.00
R0012323,I000610-04,LN000610,2026-06-20,1316666.67,189600.00
R0012324,I000619-06,LN000619,2026-06-20,1944444.44,210000.00
R0012325,I000791-06,LN000791,2026-06-20,1466666.67,211200.00
R0012326,I000867-11,LN000867,2026-06-20,1800000.00,259200.00
R0012327,I000982-15,LN000982,2026-06-20,988888.89,213600.00
R0012328,I001061-10,LN001061,2026-06-20,633333.33,91200.00
R0012329,I001304-04,LN001304,2026-06-20,1625000.00,234000.00
R0012330,I001380-01,LN001380,2026-06-20,1083333.34,78000.00
R0012331,I001683-02,LN001683,2026-06-20,1511111.11,163200.00
R0012332,I001838-03,LN001838,2026-06-20,625000.00,90000.00
R0012333,I001861-02,LN001861,2026-06-20,344444.45,74400.00
R0012334,I000132-06,LN000132,2026-06-21,2125000.00,306000.00
R0012335,I000184-03,LN000184,2026-06-21,2183333.34,314400.00
R0012336,I000396-04,LN000396,2026-06-21,2108333.34,303600.00
R0012337,I000398-16,LN000398,2026-06-21,750000.00,162000.00
R0012338,I000684-08,LN000684,2026-06-21,2366666.67,340800.00
R0012339,I000739-18,LN000739,2026-06-21,1294444.44,279600.00
R0012340,I000994-12,LN000994,2026-06-21,888888.89,192000.00
R0012341,I001142-01,LN001142,2026-06-21,1408333.34,202800.00
R0012342,I001299-12,LN001299,2026-06-21,1183333.33,170400.00
R0012343,I001319-09,LN001319,2026-06-21,758333.33,109200.00
R0012344,I001510-12,LN001510,2026-06-21,2341666.66,337200.00
R0012345,I001680-02,LN001680,2026-06-21,657222.22,141960.00
R0012346,I001688-08,LN001688,2026-06-21,2344444.44,253200.00
R0012347,I001706-04,LN001706,2026-06-21,233333.33,25200.00
R0012348,I001728-09,LN001728,2026-06-21,261111.11,56400.00
R0012349,I001735-05,LN001735,2026-06-21,966666.66,69600.00
R0012350,I001741-02,LN001741,2026-06-21,1975000.00,284400.00
R0012351,I001773-04,LN001773,2026-06-21,450000.00,32400.00
R0012352,I000028-05,LN000028,2026-06-22,658333.33,94800.00
R0012353,I000070-08,LN000070,2026-06-22,1561111.11,337200.00
R0012354,I000109-06,LN000109,2026-06-22,4100000.00,295200.00
R0012355,I000297-10,LN000297,2026-06-22,2183333.33,314400.00
R0012356,I000305-04,LN000305,2026-06-22,1533333.34,220800.00
R0012357,I000345-07,LN000345,2026-06-22,152083.33,21900.00
R0012358,I000784-02,LN000784,2026-06-22,1061111.12,229200.00
R0012359,I001091-03,LN001091,2026-06-22,1941666.67,279600.00
R0012360,I001104-06,LN001104,2026-06-22,483333.33,69600.00
R0012361,I001110-03,LN001110,2026-06-22,3850000.00,277200.00
R0012362,I001210-01,LN001210,2026-06-22,3366666.67,121200.00
R0012363,I001220-09,LN001220,2026-06-22,2308333.33,332400.00
R0012364,I001243-06,LN001243,2026-06-22,933333.33,134400.00
R0012365,I001338-03,LN001338,2026-06-22,1250000.00,270000.00
R0012366,I001410-11,LN001410,2026-06-22,1316666.67,284400.00
R0012367,I001424-06,LN001424,2026-06-22,2700000.00,194400.00
R0012368,I001490-07,LN001490,2026-06-22,2322222.22,250800.00
R0012369,I001506-13,LN001506,2026-06-22,1172222.22,253200.00
R0012370,I001778-01,LN001778,2026-06-22,1458333.34,210000.00
R0012371,I001863-09,LN001863,2026-06-22,1800000.00,259200.00
R0012372,I001994-02,LN001994,2026-06-22,2433333.33,87600.00
R0012373,I001994-03,LN001994,2026-06-22,2433333.33,87600.00
R0012374,I000030-07,LN000030,2026-06-23,1311111.11,283200.00
R0012375,I000087-06,LN000087,2026-06-23,475000.00,68400.00
R0012376,I000150-12,LN000150,2026-06-23,291666.66,42000.00
R0012377,I000378-03,LN000378,2026-06-23,8866666.66,319200.00
R0012378,I000380-03,LN000380,2026-06-23,2244444.45,242400.00
R0012379,I000414-14,LN000414,2026-06-23,1238888.89,267600.00
R0012380,I000448-04,LN000448,2026-06-23,400000.00,28800.00
R0012381,I000717-04,LN000717,2026-06-23,1825000.00,262800.00
R0012382,I000906-04,LN000906,2026-06-23,1366666.67,147600.00
R0012383,I001017-06,LN001017,2026-06-23,3586666.66,258240.00
R0012384,I001025-03,LN001025,2026-06-23,1150000.00,165600.00
R0012385,I001054-03,LN001054,2026-06-23,2233333.34,321600.00
R0012386,I001066-07,LN001066,2026-06-23,944444.44,102000.00
R0012387,I001105-01,LN001105,2026-06-23,441666.67,63600.00
R0012388,I001125-05,LN001125,2026-06-23,2025000.00,291600.00
R0012389,I001189-06,LN001189,2026-06-23,620000.00,89280.00
R0012390,I001381-16,LN001381,2026-06-23,933333.33,201600.00
R0012391,I001458-09,LN001458,2026-06-23,2191666.66,315600.00
R0012392,I001487-02,LN001487,2026-06-23,1275000.00,183600.00
R0012393,I000054-03,LN000054,2026-06-24,1116666.67,80400.00
R0012394,I000066-01,LN000066,2026-06-24,138888.89,30000.00
R0012395,I000078-07,LN000078,2026-06-24,644444.45,139200.00
R0012396,I000168-01,LN000168,2026-06-24,1950000.00,280800.00
R0012397,I000214-09,LN000214,2026-06-24,1100000.00,158400.00
R0012398,I000217-05,LN000217,2026-06-24,4383333.33,315600.00
R0012399,I000259-14,LN000259,2026-06-24,288888.89,62400.00
R0012400,I000304-04,LN000304,2026-06-24,1491666.67,214800.00
R0012401,I000309-11,LN000309,2026-06-24,2308333.33,332400.00
R0012402,I000387-03,LN000387,2026-06-24,2375000.00,342000.00
R0012403,I000462-12,LN000462,2026-06-24,2050000.00,295200.00
R0012404,I000618-06,LN000618,2026-06-24,1137777.77,245760.00
R0012405,I000797-16,LN000797,2026-06-24,905555.55,195600.00
R0012406,I001236-01,LN001236,2026-06-24,1983333.34,142800.00
R0012407,I001268-12,LN001268,2026-06-24,2083333.33,300000.00
R0012408,I001344-01,LN001344,2026-06-24,1933333.34,139200.00
R0012409,I001549-03,LN001549,2026-06-24,4683333.33,337200.00
R0012410,I001680-03,LN001680,2026-06-24,1011111.11,218400.00
R0012411,I001732-10,LN001732,2026-06-24,2441666.66,351600.00
R0012412,I001871-01,LN001871,2026-06-24,3288888.89,355200.00
R0012413,I001949-11,LN001949,2026-06-24,322222.22,69600.00
R0012414,I000041-04,LN000041,2026-06-25,1975000.00,284400.00
R0012415,I000151-12,LN000151,2026-06-25,1241666.66,178800.00
R0012416,I000157-03,LN000157,2026-06-25,500000.00,36000.00
R0012417,I000169-07,LN000169,2026-06-25,227777.78,49200.00
R0012418,I000200-01,LN000200,2026-06-25,2750000.00,198000.00
R0012419,I000231-06,LN000231,2026-06-25,233333.33,33600.00
R0012420,I000291-12,LN000291,2026-06-25,1008333.33,145200.00
R0012421,I000345-09,LN000345,2026-06-25,608333.33,87600.00
R0012422,I000469-01,LN000469,2026-06-25,3516666.67,253200.00
R0012423,I000485-04,LN000485,2026-06-25,491666.67,70800.00
R0012424,I000658-09,LN000658,2026-06-25,566666.66,61200.00
R0012425,I000824-01,LN000824,2026-06-25,561111.12,121200.00
R0012426,I000825-01,LN000825,2026-06-25,3650000.00,262800.00
R0012427,I000839-14,LN000839,2026-06-25,1622222.22,350400.00
R0012428,I001010-07,LN001010,2026-06-25,666666.67,96000.00
R0012429,I001088-06,LN001088,2026-06-25,1800000.00,194400.00
R0012430,I001228-02,LN001228,2026-06-25,761111.11,82200.00
R0012431,I001336-06,LN001336,2026-06-25,3616666.66,260400.00
R0012432,I001450-01,LN001450,2026-06-25,533333.34,38400.00
R0012433,I001625-09,LN001625,2026-06-25,788888.89,170400.00
R0012434,I001823-09,LN001823,2026-06-25,1758333.33,253200.00
R0012435,I001908-09,LN001908,2026-06-25,2266666.66,244800.00
R0012436,I001999-17,LN001999,2026-06-25,1600000.00,345600.00
R0012437,I000166-06,LN000166,2026-06-26,4600000.00,331200.00
R0012438,I000338-06,LN000338,2026-06-26,2733333.33,196800.00
R0012439,I000656-03,LN000656,2026-06-26,2325000.00,334800.00
R0012440,I000794-15,LN000794,2026-06-26,94444.44,20400.00
R0012441,I000993-06,LN000993,2026-06-26,4416666.66,318000.00
R0012442,I001085-06,LN001085,2026-06-26,316666.66,22800.00
R0012443,I001239-07,LN001239,2026-06-26,1116666.66,120600.00
R0012444,I001305-18,LN001305,2026-06-26,1088888.88,235200.00
R0012445,I001448-09,LN001448,2026-06-26,983333.33,141600.00
R0012446,I001709-03,LN001709,2026-06-26,1083333.33,78000.00
R0012447,I001714-02,LN001714,2026-06-26,555555.56,120000.00
R0012448,I001905-01,LN001905,2026-06-26,1275000.00,183600.00
R0012449,I000036-05,LN000036,2026-06-27,3813333.32,274560.00
R0012450,I000046-10,LN000046,2026-06-27,1833333.33,264000.00
R0012451,I000132-09,LN000132,2026-06-27,2125000.00,306000.00
R0012452,I000216-03,LN000216,2026-06-27,1341666.67,193200.00
R0012453,I000225-03,LN000225,2026-06-27,2008333.34,289200.00
R0012454,I000245-11,LN000245,2026-06-27,2225000.00,320400.00
R0012455,I000259-15,LN000259,2026-06-27,288888.89,62400.00
R0012456,I000330-09,LN000330,2026-06-27,700000.00,100800.00
R0012457,I000426-09,LN000426,2026-06-27,1225000.00,176400.00
R0012458,I000638-05,LN000638,2026-06-27,1058333.33,76200.00
R0012459,I000661-07,LN000661,2026-06-27,1066666.66,115200.00
R0012460,I000814-01,LN000814,2026-06-27,466666.66,67200.00
R0012461,I000878-03,LN000878,2026-06-27,1050000.00,75600.00
R0012462,I000977-11,LN000977,2026-06-27,608333.33,87600.00
R0012463,I001067-02,LN001067,2026-06-27,3266666.67,235200.00
R0012464,I001222-04,LN001222,2026-06-27,833333.33,60000.00
R0012465,I001368-10,LN001368,2026-06-27,2125000.00,306000.00
R0012466,I001447-03,LN001447,2026-06-27,4500000.00,324000.00
R0012467,I001472-14,LN001472,2026-06-27,505555.55,109200.00
R0012468,I001609-04,LN001609,2026-06-27,2500000.00,360000.00
R0012469,I001747-02,LN001747,2026-06-27,933333.34,67200.00
R0012470,I001843-01,LN001843,2026-06-27,550000.00,79200.00
R0012471,I001850-07,LN001850,2026-06-27,1191666.66,128700.00
R0012472,I000003-09,LN000003,2026-06-28,933333.33,134400.00
R0012473,I000010-05,LN000010,2026-06-28,2477777.78,267600.00
R0012474,I000015-09,LN000015,2026-06-28,375000.00,54000.00
R0012475,I000036-06,LN000036,2026-06-28,4766666.66,343200.00
R0012476,I000094-04,LN000094,2026-06-28,1011111.11,218400.00
R0012477,I000146-08,LN000146,2026-06-28,1416666.67,204000.00
R0012478,I000161-03,LN000161,2026-06-28,166666.67,24000.00
R0012479,I000210-04,LN000210,2026-06-28,4033333.33,290400.00
R0012480,I000577-07,LN000577,2026-06-28,3011111.11,325200.00
R0012481,I000609-11,LN000609,2026-06-28,2075000.00,298800.00
R0012482,I000617-11,LN000617,2026-06-28,1658333.33,238800.00
R0012483,I000685-10,LN000685,2026-06-28,1193333.32,171840.00
R0012484,I000757-03,LN000757,2026-06-28,700000.00,151200.00
R0012485,I000783-10,LN000783,2026-06-28,458333.33,66000.00
R0012486,I000880-01,LN000880,2026-06-28,175000.00,25200.00
R0012487,I001262-08,LN001262,2026-06-28,400000.00,86400.00
R0012488,I001366-07,LN001366,2026-06-28,625000.00,90000.00
R0012489,I001474-09,LN001474,2026-06-28,1041666.66,150000.00
R0012490,I001717-07,LN001717,2026-06-28,3300000.00,356400.00
R0012491,I001801-06,LN001801,2026-06-28,733333.34,158400.00
R0012492,I001808-06,LN001808,2026-06-28,583333.33,84000.00
R0012493,I001962-11,LN001962,2026-06-28,1294444.44,279600.00
R0012494,I000100-06,LN000100,2026-06-29,166666.67,24000.00
R0012495,I000154-01,LN000154,2026-06-29,3066666.67,331200.00
R0012496,I000233-01,LN000233,2026-06-29,373333.33,53760.00
R0012497,I000256-01,LN000256,2026-06-29,277777.78,60000.00
R0012498,I000527-01,LN000527,2026-06-29,9900000.00,356400.00
R0012499,I000564-08,LN000564,2026-06-29,716666.67,103200.00
R0012500,I000686-04,LN000686,2026-06-29,2133333.33,230400.00
R0012501,I000834-10,LN000834,2026-06-29,583333.33,84000.00
R0012502,I000879-03,LN000879,2026-06-29,2108333.34,303600.00
R0012503,I000939-03,LN000939,2026-06-29,2450000.00,176400.00
R0012504,I000978-03,LN000978,2026-06-29,3683333.33,265200.00
R0012505,I001000-01,LN001000,2026-06-29,2783333.34,200400.00
R0012506,I001077-01,LN001077,2026-06-29,2296666.67,165360.00
R0012507,I001425-13,LN001425,2026-06-29,1661111.11,358800.00
R0012508,I001427-05,LN001427,2026-06-29,2400000.00,172800.00
R0012509,I001478-06,LN001478,2026-06-29,1066666.66,76800.00
R0012510,I001489-05,LN001489,2026-06-29,400000.00,28800.00
R0012511,I001505-12,LN001505,2026-06-29,291666.66,42000.00
R0012512,I001524-11,LN001524,2026-06-29,1575000.00,226800.00
R0012513,I001547-04,LN001547,2026-06-29,1451666.66,104520.00
R0012514,I000016-13,LN000016,2026-06-30,783333.33,169200.00
R0012515,I000039-02,LN000039,2026-06-30,666666.67,96000.00
R0012516,I000093-06,LN000093,2026-06-30,2677777.78,289200.00
R0012517,I000215-01,LN000215,2026-06-30,1600000.00,172800.00
R0012518,I000313-06,LN000313,2026-06-30,2375000.00,342000.00
R0012519,I000317-08,LN000317,2026-06-30,425000.00,61200.00
R0012520,I000346-06,LN000346,2026-06-30,2933333.33,316800.00
R0012521,I000814-03,LN000814,2026-06-30,1166666.67,168000.00
R0012522,I000830-12,LN000830,2026-06-30,1500000.00,216000.00
R0012523,I000841-13,LN000841,2026-06-30,788888.89,170400.00
R0012524,I000864-03,LN000864,2026-06-30,1100000.00,39600.00
R0012525,I001217-03,LN001217,2026-06-30,855555.56,92400.00
R0012526,I001264-03,LN001264,2026-06-30,2111111.11,228000.00
R0012527,I001306-04,LN001306,2026-06-30,127777.78,27600.00
R0012528,I001377-01,LN001377,2026-06-30,4333333.34,312000.00
R0012529,I001501-13,LN001501,2026-06-30,994444.44,214800.00
R0012530,I001699-07,LN001699,2026-06-30,775000.00,111600.00
R0012531,I001789-06,LN001789,2026-06-30,2291666.67,330000.00
R0012532,I001831-09,LN001831,2026-06-30,408333.33,58800.00
R0012533,I001946-10,LN001946,2026-06-30,2191666.66,315600.00
R0012534,I000071-01,LN000071,2026-07-01,1850000.00,133200.00
R0012535,I000236-06,LN000236,2026-07-01,2083333.33,300000.00
R0012536,I000319-03,LN000319,2026-07-01,1366666.67,98400.00
R0012537,I000320-05,LN000320,2026-07-01,711111.11,76800.00
R0012538,I000334-10,LN000334,2026-07-01,1383333.33,298800.00
R0012539,I000336-10,LN000336,2026-07-01,191666.66,27600.00
R0012540,I000410-02,LN000410,2026-07-01,511111.12,110400.00
R0012541,I000483-04,LN000483,2026-07-01,1616666.67,232800.00
R0012542,I000666-08,LN000666,2026-07-01,822222.22,177600.00
R0012543,I000760-01,LN000760,2026-07-01,1055555.56,114000.00
R0012544,I000881-09,LN000881,2026-07-01,700000.00,100800.00
R0012545,I001378-01,LN001378,2026-07-01,1533333.34,220800.00
R0012546,I001393-01,LN001393,2026-07-01,866666.67,187200.00
R0012547,I001408-09,LN001408,2026-07-01,1733333.33,187200.00
R0012548,I001548-11,LN001548,2026-07-01,537500.00,77400.00
R0012549,I001606-09,LN001606,2026-07-01,761111.11,164400.00
R0012550,I000133-07,LN000133,2026-07-02,2175000.00,313200.00
R0012551,I000144-05,LN000144,2026-07-02,2844444.44,307200.00
R0012552,I000154-02,LN000154,2026-07-02,3066666.67,331200.00
R0012553,I000457-07,LN000457,2026-07-02,2391666.67,344400.00
R0012554,I000811-03,LN000811,2026-07-02,550000.00,79200.00
R0012555,I000849-03,LN000849,2026-07-02,1005555.56,217200.00
R0012556,I000974-06,LN000974,2026-07-02,466666.67,100800.00
R0012557,I001190-04,LN001190,2026-07-02,933333.33,100800.00
R0012558,I001235-05,LN001235,2026-07-02,1758333.33,253200.00
R0012559,I001400-08,LN001400,2026-07-02,2333333.33,336000.00
R0012560,I001515-04,LN001515,2026-07-02,4033333.33,290400.00
R0012561,I001732-11,LN001732,2026-07-02,2441666.66,351600.00
R0012562,I001763-05,LN001763,2026-07-02,2750000.00,198000.00
R0012563,I001877-13,LN001877,2026-07-02,1227777.78,265200.00
R0012564,I000290-06,LN000290,2026-07-03,1150000.00,165600.00
R0012565,I000366-04,LN000366,2026-07-03,2383333.33,171600.00
R0012566,I000780-04,LN000780,2026-07-03,1875000.00,270000.00
R0012567,I001010-08,LN001010,2026-07-03,666666.67,96000.00
R0012568,I001058-09,LN001058,2026-07-03,533333.33,76800.00
R0012569,I001227-05,LN001227,2026-07-03,1933333.33,208800.00
R0012570,I001242-07,LN001242,2026-07-03,2375000.00,342000.00
R0012571,I001257-15,LN001257,2026-07-03,1316666.66,284400.00
R0012572,I001275-06,LN001275,2026-07-03,3233333.33,232800.00
R0012573,I001333-04,LN001333,2026-07-03,877777.78,189600.00
R0012574,I001440-06,LN001440,2026-07-03,3283333.33,236400.00
R0012575,I001793-01,LN001793,2026-07-03,341666.67,49200.00
R0012576,I001825-09,LN001825,2026-07-03,966666.66,104400.00
R0012577,I001847-11,LN001847,2026-07-03,2000000.00,288000.00
R0012578,I001939-05,LN001939,2026-07-03,1700000.00,244800.00
R0012579,I000038-07,LN000038,2026-07-04,433333.33,46800.00
R0012580,I000173-12,LN000173,2026-07-04,683333.33,98400.00
R0012581,I000743-08,LN000743,2026-07-04,1250000.00,180000.00
R0012582,I000764-11,LN000764,2026-07-04,216666.66,31200.00
R0012583,I000905-03,LN000905,2026-07-04,1350000.00,97200.00
R0012584,I000932-11,LN000932,2026-07-04,1483333.33,213600.00
R0012585,I001193-02,LN001193,2026-07-04,587500.00,42300.00
R0012586,I001254-09,LN001254,2026-07-04,2722222.22,294000.00
R0012587,I001297-07,LN001297,2026-07-04,2655555.55,286800.00
R0012588,I001332-06,LN001332,2026-07-04,205555.56,44400.00
R0012589,I001592-01,LN001592,2026-07-04,8600000.00,309600.00
R0012590,I001707-01,LN001707,2026-07-04,1033333.34,111600.00
R0012591,I000086-16,LN000086,2026-07-05,708333.33,153000.00
R0012592,I000298-04,LN000298,2026-07-05,4600000.00,331200.00
R0012593,I000389-06,LN000389,2026-07-05,2988888.89,322800.00
R0012594,I000392-13,LN000392,2026-07-05,150000.00,32400.00
R0012595,I000411-12,LN000411,2026-07-05,1277777.78,276000.00
R0012596,I000422-04,LN000422,2026-07-05,4916666.67,354000.00
R0012597,I000449-10,LN000449,2026-07-05,816666.66,117600.00
R0012598,I000510-03,LN000510,2026-07-05,200000.00,28800.00
R0012599,I000521-01,LN000521,2026-07-05,2783333.34,200400.00
R0012600,I000579-05,LN000579,2026-07-05,1266666.67,273600.00
R0012601,I000627-04,LN000627,2026-07-05,600000.00,43200.00
R0012602,I000731-07,LN000731,2026-07-05,2091666.67,301200.00
R0012603,I000809-02,LN000809,2026-07-05,366666.67,79200.00
R0012604,I001281-04,LN001281,2026-07-05,1050000.00,151200.00
R0012605,I001460-14,LN001460,2026-07-05,1344444.44,290400.00
R0012606,I001676-03,LN001676,2026-07-05,266666.67,38400.00
R0012607,I001775-03,LN001775,2026-07-05,1577777.78,170400.00
R0012608,I001828-12,LN001828,2026-07-05,817916.66,117780.00
R0012609,I000131-01,LN000131,2026-07-06,1486666.67,214080.00
R0012610,I000131-02,LN000131,2026-07-06,1858333.34,267600.00
R0012611,I000157-06,LN000157,2026-07-06,500000.00,36000.00
R0012612,I000200-04,LN000200,2026-07-06,2750000.00,198000.00
R0012613,I000358-01,LN000358,2026-07-06,850000.00,61200.00
R0012614,I000484-02,LN000484,2026-07-06,2066666.67,297600.00
R0012615,I000494-03,LN000494,2026-07-06,3233333.33,232800.00
R0012616,I000655-04,LN000655,2026-07-06,950000.00,205200.00
R0012617,I000791-07,LN000791,2026-07-06,1466666.67,211200.00
R0012618,I001109-02,LN001109,2026-07-06,1133333.34,81600.00
R0012619,I001227-06,LN001227,2026-07-06,1933333.33,208800.00
R0012620,I001578-02,LN001578,2026-07-06,1366666.67,196800.00
R0012621,I001621-04,LN001621,2026-07-06,533333.33,38400.00
R0012622,I001777-11,LN001777,2026-07-06,1211111.11,261600.00
R0012623,I000048-04,LN000048,2026-07-07,450000.00,32400.00
R0012624,I000090-04,LN000090,2026-07-07,2141666.67,308400.00
R0012625,I000118-04,LN000118,2026-07-07,2511111.11,271200.00
R0012626,I000143-02,LN000143,2026-07-07,1758333.34,253200.00
R0012627,I000212-01,LN000212,2026-07-07,208333.34,30000.00
R0012628,I000265-06,LN000265,2026-07-07,875000.00,126000.00
R0012629,I000280-07,LN000280,2026-07-07,416666.67,90000.00
R0012630,I000712-05,LN000712,2026-07-07,2233333.33,321600.00
R0012631,I000741-06,LN000741,2026-07-07,1283333.33,184800.00
R0012632,I000755-05,LN000755,2026-07-07,415277.77,89700.00
R0012633,I000839-13,LN000839,2026-07-07,1622222.22,350400.00
R0012634,I000871-06,LN000871,2026-07-07,891666.67,128400.00
R0012635,I000895-05,LN000895,2026-07-07,2391666.67,344400.00
R0012636,I001266-12,LN001266,2026-07-07,1675000.00,241200.00
R0012637,I001623-12,LN001623,2026-07-07,766666.66,110400.00
R0012638,I001893-03,LN001893,2026-07-07,6033333.33,217200.00
R0012639,I000064-01,LN000064,2026-07-08,2610833.33,187980.00
R0012640,I000267-03,LN000267,2026-07-08,1658333.34,238800.00
R0012641,I000440-05,LN000440,2026-07-08,308333.33,44400.00
R0012642,I000460-12,LN000460,2026-07-08,333333.33,48000.00
R0012643,I001002-03,LN001002,2026-07-08,225000.00,32400.00
R0012644,I001067-05,LN001067,2026-07-08,3266666.66,235200.00
R0012645,I001189-07,LN001189,2026-07-08,775000.00,111600.00
R0012646,I001220-11,LN001220,2026-07-08,2308333.33,332400.00
R0012647,I001305-17,LN001305,2026-07-08,1088888.88,235200.00
R0012648,I001331-04,LN001331,2026-07-08,4816666.67,346800.00
R0012649,I001343-12,LN001343,2026-07-08,83333.33,18000.00
R0012650,I001426-11,LN001426,2026-07-08,494444.44,106800.00
R0012651,I001447-05,LN001447,2026-07-08,4500000.00,324000.00
R0012652,I001541-04,LN001541,2026-07-08,2450000.00,352800.00
R0012653,I001693-10,LN001693,2026-07-08,500000.00,72000.00
R0012654,I001831-10,LN001831,2026-07-08,408333.33,58800.00
R0012655,I000064-03,LN000064,2026-07-09,4016666.67,289200.00
R0012656,I000253-17,LN000253,2026-07-09,1577777.77,340800.00
R0012657,I000386-02,LN000386,2026-07-09,1200000.00,259200.00
R0012658,I000575-01,LN000575,2026-07-09,3666666.67,264000.00
R0012659,I000727-01,LN000727,2026-07-09,244444.44,26400.00
R0012660,I000914-06,LN000914,2026-07-09,1458333.33,210000.00
R0012661,I001043-03,LN001043,2026-07-09,125000.00,18000.00
R0012662,I001330-06,LN001330,2026-07-09,188888.89,20400.00
R0012663,I001390-04,LN001390,2026-07-09,233333.33,25200.00
R0012664,I001636-04,LN001636,2026-07-09,633333.33,45600.00
R0012665,I001740-08,LN001740,2026-07-09,400000.00,57600.00
R0012666,I001837-02,LN001837,2026-07-09,1350000.00,97200.00
R0012667,I001900-05,LN001900,2026-07-09,841666.67,121200.00
R0012668,I001923-03,LN001923,2026-07-09,591666.67,85200.00
R0012669,I000191-01,LN000191,2026-07-10,1088888.89,117600.00
R0012670,I000225-06,LN000225,2026-07-10,2008333.33,289200.00
R0012671,I000292-02,LN000292,2026-07-10,7533333.33,271200.00
R0012672,I000392-12,LN000392,2026-07-10,150000.00,32400.00
R0012673,I000546-04,LN000546,2026-07-10,583333.34,84000.00
R0012674,I000733-02,LN000733,2026-07-10,5500000.00,198000.00
R0012675,I000818-02,LN000818,2026-07-10,3483333.34,250800.00
R0012676,I000848-03,LN000848,2026-07-10,358333.34,51600.00
R0012677,I000955-16,LN000955,2026-07-10,1433333.33,309600.00
R0012678,I000972-09,LN000972,2026-07-10,1808333.33,260400.00
R0012679,I001005-07,LN001005,2026-07-10,377777.78,40800.00
R0012680,I001013-04,LN001013,2026-07-10,2633333.33,189600.00
R0012681,I001082-15,LN001082,2026-07-10,633333.33,136800.00
R0012682,I001190-05,LN001190,2026-07-10,933333.33,100800.00
R0012683,I001245-06,LN001245,2026-07-10,2383333.33,343200.00
R0012684,I001340-09,LN001340,2026-07-10,241666.66,34800.00
R0012685,I001344-02,LN001344,2026-07-10,1933333.34,139200.00
R0012686,I001507-10,LN001507,2026-07-10,566666.66,81600.00
R0012687,I001538-05,LN001538,2026-07-10,2500000.00,360000.00
R0012688,I001604-03,LN001604,2026-07-10,2150000.00,309600.00
R0012689,I001946-11,LN001946,2026-07-10,2191666.66,315600.00
R0012690,I001958-03,LN001958,2026-07-10,875000.00,126000.00
R0012691,I001969-05,LN001969,2026-07-10,1950000.00,280800.00
R0012692,I000081-04,LN000081,2026-07-11,1315555.55,142080.00
R0012693,I000113-05,LN000113,2026-07-11,1466666.67,211200.00
R0012694,I000135-03,LN000135,2026-07-11,1075000.00,154800.00
R0012695,I000545-03,LN000545,2026-07-11,958333.33,69000.00
R0012696,I000595-06,LN000595,2026-07-11,488888.89,52800.00
R0012697,I000619-07,LN000619,2026-07-11,1944444.44,210000.00
R0012698,I000679-12,LN000679,2026-07-11,925000.00,133200.00
R0012699,I000771-04,LN000771,2026-07-11,1133333.34,163200.00
R0012700,I000772-04,LN000772,2026-07-11,1650000.00,237600.00
R0012701,I000833-01,LN000833,2026-07-11,525000.00,75600.00
R0012702,I000879-02,LN000879,2026-07-11,2108333.34,303600.00
R0012703,I001037-09,LN001037,2026-07-11,208333.33,30000.00
R0012704,I001232-05,LN001232,2026-07-11,2440000.00,175680.00
R0012705,I001239-08,LN001239,2026-07-11,2233333.33,241200.00
R0012706,I001257-16,LN001257,2026-07-11,1316666.66,284400.00
R0012707,I001341-11,LN001341,2026-07-11,653333.32,94080.00
R0012708,I001346-01,LN001346,2026-07-11,1633333.34,176400.00
R0012709,I001353-09,LN001353,2026-07-11,1211111.11,261600.00
R0012710,I001423-08,LN001423,2026-07-11,1758333.33,253200.00
R0012711,I001442-09,LN001442,2026-07-11,455555.55,49200.00
R0012712,I001529-04,LN001529,2026-07-11,1466666.67,211200.00
R0012713,I001625-11,LN001625,2026-07-11,788888.89,170400.00
R0012714,I000254-03,LN000254,2026-07-12,1141666.67,164400.00
R0012715,I000271-12,LN000271,2026-07-12,144444.44,31200.00
R0012716,I000308-02,LN000308,2026-07-12,1177777.78,254400.00
R0012717,I000471-08,LN000471,2026-07-12,575000.00,124200.00
R0012718,I000652-04,LN000652,2026-07-12,3533333.33,254400.00
R0012719,I000660-08,LN000660,2026-07-12,1791666.67,258000.00
R0012720,I000760-04,LN000760,2026-07-12,1055555.56,114000.00
R0012721,I000850-07,LN000850,2026-07-12,505555.56,109200.00
R0012722,I000903-05,LN000903,2026-07-12,1683333.33,242400.00
R0012723,I000990-05,LN000990,2026-07-12,250000.00,36000.00
R0012724,I001113-03,LN001113,2026-07-12,991666.67,142800.00
R0012725,I001292-10,LN001292,2026-07-12,366666.66,52800.00
R0012726,I001361-05,LN001361,2026-07-12,1255555.56,271200.00
R0012727,I001480-03,LN001480,2026-07-12,2316666.67,333600.00
R0012728,I001520-10,LN001520,2026-07-12,650000.00,140400.00
R0012729,I001572-04,LN001572,2026-07-12,125000.00,18000.00
R0012730,I001716-04,LN001716,2026-07-12,558333.34,80400.00
R0012731,I001763-03,LN001763,2026-07-12,2750000.00,198000.00
R0012732,I001998-01,LN001998,2026-07-12,1466666.67,316800.00
R0012733,I000107-02,LN000107,2026-07-13,683333.34,49200.00
R0012734,I000426-11,LN000426,2026-07-13,1225000.00,176400.00
R0012735,I000473-10,LN000473,2026-07-13,1638888.89,354000.00
R0012736,I000482-10,LN000482,2026-07-13,925000.00,133200.00
R0012737,I000555-04,LN000555,2026-07-13,2750000.00,198000.00
R0012738,I000778-07,LN000778,2026-07-13,1466666.67,316800.00
R0012739,I000892-07,LN000892,2026-07-13,916666.67,132000.00
R0012740,I000993-04,LN000993,2026-07-13,4416666.67,318000.00
R0012741,I001050-05,LN001050,2026-07-13,1550000.00,223200.00
R0012742,I001260-06,LN001260,2026-07-13,395833.33,28500.00
R0012743,I001320-14,LN001320,2026-07-13,1405555.55,303600.00
R0012744,I001341-12,LN001341,2026-07-13,816666.66,117600.00
R0012745,I001371-07,LN001371,2026-07-13,188888.89,40800.00
R0012746,I001375-07,LN001375,2026-07-13,1900000.00,205200.00
R0012747,I001513-03,LN001513,2026-07-13,2411111.11,260400.00
R0012748,I001531-06,LN001531,2026-07-13,1650000.00,118800.00
R0012749,I001762-18,LN001762,2026-07-13,700000.00,151200.00
R0012750,I001775-04,LN001775,2026-07-13,1577777.78,170400.00
R0012751,I001939-06,LN001939,2026-07-13,1700000.00,244800.00
R0012752,I000152-01,LN000152,2026-07-14,3983333.34,286800.00
R0012753,I000216-04,LN000216,2026-07-14,1341666.67,193200.00
R0012754,I000492-02,LN000492,2026-07-14,783333.34,112800.00
R0012755,I000528-02,LN000528,2026-07-14,7833333.33,282000.00
R0012756,I000820-14,LN000820,2026-07-14,1188888.89,256800.00
R0012757,I001012-18,LN001012,2026-07-14,872222.22,188400.00
R0012758,I001029-11,LN001029,2026-07-14,866666.66,124800.00
R0012759,I001154-02,LN001154,2026-07-14,1566666.67,112800.00
R0012760,I001296-05,LN001296,2026-07-14,575000.00,82800.00
R0012761,I001323-04,LN001323,2026-07-14,458333.34,66000.00
R0012762,I001381-17,LN001381,2026-07-14,933333.33,201600.00
R0012763,I001446-03,LN001446,2026-07-14,2777777.78,300000.00
R0012764,I001631-10,LN001631,2026-07-14,1258333.33,181200.00
R0012765,I001642-18,LN001642,2026-07-14,450000.00,97200.00
R0012766,I001796-04,LN001796,2026-07-14,2316666.67,166800.00
R0012767,I001822-03,LN001822,2026-07-14,841666.67,121200.00
R0012768,I000049-12,LN000049,2026-07-15,2266666.66,326400.00
R0012769,I000080-02,LN000080,2026-07-15,3716666.67,267600.00
R0012770,I000196-13,LN000196,2026-07-15,1000000.00,216000.00
R0012771,I000197-01,LN000197,2026-07-15,1958333.34,282000.00
R0012772,I000297-11,LN000297,2026-07-15,2183333.33,314400.00
R0012773,I000315-02,LN000315,2026-07-15,1708333.34,246000.00
R0012774,I000608-12,LN000608,2026-07-15,633333.33,136800.00
R0012775,I000650-01,LN000650,2026-07-15,2600000.00,187200.00
R0012776,I000658-08,LN000658,2026-07-15,141666.66,15300.00
R0012777,I000874-10,LN000874,2026-07-15,350000.00,50400.00
R0012778,I001180-06,LN001180,2026-07-15,1133333.33,122400.00
R0012779,I001236-02,LN001236,2026-07-15,1983333.34,142800.00
R0012780,I001544-16,LN001544,2026-07-15,305555.55,66000.00
R0012781,I001565-05,LN001565,2026-07-15,4883333.33,351600.00
R0012782,I001759-06,LN001759,2026-07-15,500000.00,108000.00
R0012783,I000169-08,LN000169,2026-07-16,227777.78,49200.00
R0012784,I000400-09,LN000400,2026-07-16,2433333.33,350400.00
R0012785,I000539-01,LN000539,2026-07-16,1600000.00,345600.00
R0012786,I000944-03,LN000944,2026-07-16,5466666.66,196800.00
R0012787,I000954-09,LN000954,2026-07-16,275000.00,39600.00
R0012788,I001156-02,LN001156,2026-07-16,450000.00,64800.00
R0012789,I001203-05,LN001203,2026-07-16,4350000.00,313200.00
R0012790,I001262-10,LN001262,2026-07-16,400000.00,86400.00
R0012791,I001431-01,LN001431,2026-07-16,2744444.45,296400.00
R0012792,I001539-12,LN001539,2026-07-16,377777.78,81600.00
R0012793,I001543-02,LN001543,2026-07-16,1425000.00,205200.00
R0012794,I001789-07,LN001789,2026-07-16,2291666.67,330000.00
R0012795,I001831-11,LN001831,2026-07-16,102083.33,14700.00
R0012796,I001862-01,LN001862,2026-07-16,5133333.34,184800.00
R0012797,I000066-02,LN000066,2026-07-17,138888.89,30000.00
R0012798,I000099-09,LN000099,2026-07-17,491666.66,70800.00
R0012799,I000339-09,LN000339,2026-07-17,933333.33,100800.00
R0012800,I000406-10,LN000406,2026-07-17,300000.00,43200.00
R0012801,I000509-05,LN000509,2026-07-17,2366666.66,170400.00
R0012802,I000589-01,LN000589,2026-07-17,466666.67,33600.00
R0012803,I000677-17,LN000677,2026-07-17,270833.32,58500.00
R0012804,I000698-07,LN000698,2026-07-17,355555.55,38400.00
R0012805,I000881-10,LN000881,2026-07-17,700000.00,100800.00
R0012806,I000999-03,LN000999,2026-07-17,1000000.00,216000.00
R0012807,I001110-04,LN001110,2026-07-17,3850000.00,277200.00
R0012808,I001176-05,LN001176,2026-07-17,827777.78,89400.00
R0012809,I001210-02,LN001210,2026-07-17,3366666.67,121200.00
R0012810,I001356-07,LN001356,2026-07-17,2308333.33,332400.00
R0012811,I001523-03,LN001523,2026-07-17,2291666.67,330000.00
R0012812,I001605-08,LN001605,2026-07-17,1133333.33,163200.00
R0012813,I001615-15,LN001615,2026-07-17,1255555.55,271200.00
R0012814,I001749-06,LN001749,2026-07-17,1408333.33,202800.00
R0012815,I001986-10,LN001986,2026-07-17,480000.00,69120.00
R0012816,I001986-11,LN001986,2026-07-17,600000.00,86400.00
R0012817,I000139-03,LN000139,2026-07-18,1275000.00,183600.00
R0012818,I000160-01,LN000160,2026-07-18,7633333.34,274800.00
R0012819,I000350-11,LN000350,2026-07-18,1600000.00,345600.00
R0012820,I000366-03,LN000366,2026-07-18,2383333.33,171600.00
R0012821,I000438-02,LN000438,2026-07-18,1205555.56,260400.00
R0012822,I000610-05,LN000610,2026-07-18,1316666.67,189600.00
R0012823,I000685-11,LN000685,2026-07-18,1491666.66,214800.00
R0012824,I000840-01,LN000840,2026-07-18,2033333.34,292800.00
R0012825,I001005-08,LN001005,2026-07-18,377777.77,40800.00
R0012826,I001205-05,LN001205,2026-07-18,233333.34,50400.00
R0012827,I001209-01,LN001209,2026-07-18,4933333.34,177600.00
R0012828,I001224-15,LN001224,2026-07-18,622222.22,134400.00
R0012829,I001275-05,LN001275,2026-07-18,3233333.33,232800.00
R0012830,I001294-02,LN001294,2026-07-18,1188888.89,128400.00
R0012831,I001368-11,LN001368,2026-07-18,2125000.00,306000.00
R0012832,I001373-10,LN001373,2026-07-18,1958333.33,282000.00
R0012833,I001838-04,LN001838,2026-07-18,625000.00,90000.00
R0012834,I001972-01,LN001972,2026-07-18,9033333.34,325200.00
R0012835,I000108-09,LN000108,2026-07-19,1016666.66,146400.00
R0012836,I000178-01,LN000178,2026-07-19,877777.78,189600.00
R0012837,I000184-04,LN000184,2026-07-19,2183333.34,314400.00
R0012838,I000318-08,LN000318,2026-07-19,1283333.33,277200.00
R0012839,I000537-02,LN000537,2026-07-19,1388888.89,300000.00
R0012840,I000764-10,LN000764,2026-07-19,216666.66,31200.00
R0012841,I000767-05,LN000767,2026-07-19,2183333.33,157200.00
R0012842,I000880-02,LN000880,2026-07-19,175000.00,25200.00
R0012843,I001051-13,LN001051,2026-07-19,1066666.66,230400.00
R0012844,I001319-10,LN001319,2026-07-19,758333.33,109200.00
R0012845,I001407-06,LN001407,2026-07-19,4400000.00,316800.00
R0012846,I001741-03,LN001741,2026-07-19,1975000.00,284400.00
R0012847,I001773-05,LN001773,2026-07-19,450000.00,32400.00
R0012848,I001892-06,LN001892,2026-07-19,354166.66,76500.00
R0012849,I001900-06,LN001900,2026-07-19,841666.67,121200.00
R0012850,I001982-02,LN001982,2026-07-19,1522222.23,164400.00
R0012851,I000195-06,LN000195,2026-07-20,905555.56,195600.00
R0012852,I000256-02,LN000256,2026-07-20,277777.78,60000.00
R0012853,I000305-05,LN000305,2026-07-20,1533333.33,220800.00
R0012854,I000324-12,LN000324,2026-07-20,1322222.22,285600.00
R0012855,I000367-03,LN000367,2026-07-20,3083333.33,222000.00
R0012856,I000469-02,LN000469,2026-07-20,3516666.67,253200.00
R0012857,I000552-02,LN000552,2026-07-20,253333.33,36480.00
R0012858,I000787-02,LN000787,2026-07-20,2458333.34,354000.00
R0012859,I000915-10,LN000915,2026-07-20,2050000.00,295200.00
R0012860,I001323-03,LN001323,2026-07-20,458333.34,66000.00
R0012861,I001467-03,LN001467,2026-07-20,4516666.67,325200.00
R0012862,I001468-04,LN001468,2026-07-20,2466666.67,355200.00
R0012863,I001632-08,LN001632,2026-07-20,2155555.55,232800.00
R0012864,I001973-07,LN001973,2026-07-20,1711111.11,184800.00
R0012865,I000024-04,LN000024,2026-07-21,1641666.67,236400.00
R0012866,I000030-08,LN000030,2026-07-21,1311111.11,283200.00
R0012867,I000074-06,LN000074,2026-07-21,1533333.33,110400.00
R0012868,I000210-05,LN000210,2026-07-21,4033333.33,290400.00
R0012869,I000392-14,LN000392,2026-07-21,150000.00,32400.00
R0012870,I000413-11,LN000413,2026-07-21,125000.00,18000.00
R0012871,I000461-01,LN000461,2026-07-21,3000000.00,216000.00
R0012872,I000495-02,LN000495,2026-07-21,3400000.00,244800.00
R0012873,I000508-10,LN000508,2026-07-21,883333.33,127200.00
R0012874,I000726-08,LN000726,2026-07-21,933333.33,134400.00
R0012875,I000873-08,LN000873,2026-07-21,491666.67,70800.00
R0012876,I000899-10,LN000899,2026-07-21,1166666.66,168000.00
R0012877,I001037-07,LN001037,2026-07-21,208333.33,30000.00
R0012878,I001142-02,LN001142,2026-07-21,1408333.34,202800.00
R0012879,I001500-04,LN001500,2026-07-21,4666666.67,336000.00
R0012880,I001501-14,LN001501,2026-07-21,994444.44,214800.00
R0012881,I001688-09,LN001688,2026-07-21,2344444.44,253200.00
R0012882,I001691-06,LN001691,2026-07-21,675000.00,97200.00
R0012883,I001709-04,LN001709,2026-07-21,1083333.33,78000.00
R0012884,I001731-16,LN001731,2026-07-21,1316666.66,284400.00
R0012885,I000028-06,LN000028,2026-07-22,658333.33,94800.00
R0012886,I000071-02,LN000071,2026-07-22,1850000.00,133200.00
R0012887,I000168-02,LN000168,2026-07-22,1950000.00,280800.00
R0012888,I000198-01,LN000198,2026-07-22,2733333.34,295200.00
R0012889,I000443-04,LN000443,2026-07-22,461111.11,99600.00
R0012890,I000634-03,LN000634,2026-07-22,1116666.67,160800.00
R0012891,I000732-01,LN000732,2026-07-22,291666.67,42000.00
R0012892,I000784-03,LN000784,2026-07-22,1061111.11,229200.00
R0012893,I000797-17,LN000797,2026-07-22,905555.55,195600.00
R0012894,I000982-16,LN000982,2026-07-22,988888.89,213600.00
R0012895,I000990-06,LN000990,2026-07-22,250000.00,36000.00
R0012896,I001010-06,LN001010,2026-07-22,666666.67,96000.00
R0012897,I001036-12,LN001036,2026-07-22,566666.66,81600.00
R0012898,I001061-11,LN001061,2026-07-22,633333.33,91200.00
R0012899,I001091-04,LN001091,2026-07-22,1941666.67,279600.00
R0012900,I001104-07,LN001104,2026-07-22,483333.33,69600.00
R0012901,I001410-12,LN001410,2026-07-22,1316666.67,284400.00
R0012902,I001680-04,LN001680,2026-07-22,1011111.11,218400.00
R0012903,I001683-03,LN001683,2026-07-22,1511111.11,163200.00
R0012904,I001727-01,LN001727,2026-07-22,2511111.12,271200.00
R0012905,I001778-02,LN001778,2026-07-22,1458333.34,210000.00
R0012906,I001802-01,LN001802,2026-07-22,2900000.00,208800.00
R0012907,I001850-08,LN001850,2026-07-22,1833333.33,198000.00
R0012908,I001863-10,LN001863,2026-07-22,1800000.00,259200.00
R0012909,I000010-06,LN000010,2026-07-23,2477777.78,267600.00
R0012910,I000161-05,LN000161,2026-07-23,166666.67,24000.00
R0012911,I000345-10,LN000345,2026-07-23,608333.33,87600.00
R0012912,I000380-04,LN000380,2026-07-23,2244444.45,242400.00
R0012913,I000448-05,LN000448,2026-07-23,400000.00,28800.00
R0012914,I000608-13,LN000608,2026-07-23,633333.33,136800.00
R0012915,I000684-09,LN000684,2026-07-23,2366666.66,340800.00
R0012916,I000717-05,LN000717,2026-07-23,1825000.00,262800.00
R0012917,I000764-09,LN000764,2026-07-23,216666.66,31200.00
R0012918,I000783-11,LN000783,2026-07-23,458333.33,66000.00
R0012919,I000787-03,LN000787,2026-07-23,2458333.34,354000.00
R0012920,I000839-15,LN000839,2026-07-23,1622222.22,350400.00
R0012921,I000983-03,LN000983,2026-07-23,2366666.67,340800.00
R0012922,I000994-13,LN000994,2026-07-23,888888.89,192000.00
R0012923,I001066-08,LN001066,2026-07-23,944444.44,102000.00
R0012924,I001088-07,LN001088,2026-07-23,1800000.00,194400.00
R0012925,I001220-10,LN001220,2026-07-23,2308333.33,332400.00
R0012926,I001306-05,LN001306,2026-07-23,127777.78,27600.00
R0012927,I001422-02,LN001422,2026-07-23,3283333.34,236400.00
R0012928,I001450-02,LN001450,2026-07-23,533333.34,38400.00
R0012929,I001544-17,LN001544,2026-07-23,305555.55,66000.00
R0012930,I001547-05,LN001547,2026-07-23,2233333.33,160800.00
R0012931,I001973-08,LN001973,2026-07-23,1711111.11,184800.00
R0012932,I000070-09,LN000070,2026-07-24,1561111.11,337200.00
R0012933,I000100-07,LN000100,2026-07-24,166666.67,24000.00
R0012934,I000135-02,LN000135,2026-07-24,1075000.00,154800.00
R0012935,I000309-12,LN000309,2026-07-24,2308333.33,332400.00
R0012936,I000387-04,LN000387,2026-07-24,2375000.00,342000.00
R0012937,I000461-02,LN000461,2026-07-24,3000000.00,216000.00
R0012938,I000618-07,LN000618,2026-07-24,1422222.22,307200.00
R0012939,I000887-11,LN000887,2026-07-24,413333.32,59520.00
R0012940,I001016-06,LN001016,2026-07-24,822222.22,88800.00
R0012941,I001212-10,LN001212,2026-07-24,2258333.33,325200.00
R0012942,I001405-01,LN001405,2026-07-24,3033333.34,109200.00
R0012943,I001425-15,LN001425,2026-07-24,1661111.11,358800.00
R0012944,I001489-06,LN001489,2026-07-24,400000.00,28800.00
R0012945,I001490-08,LN001490,2026-07-24,2322222.22,250800.00
R0012946,I001518-05,LN001518,2026-07-24,2200000.00,158400.00
R0012947,I001949-12,LN001949,2026-07-24,322222.22,69600.00
R0012948,I000183-01,LN000183,2026-07-25,1683333.34,121200.00
R0012949,I000218-04,LN000218,2026-07-25,150000.00,32400.00
R0012950,I000271-11,LN000271,2026-07-25,144444.44,31200.00
R0012951,I000551-09,LN000551,2026-07-25,1783333.33,256800.00
R0012952,I000825-02,LN000825,2026-07-25,3650000.00,262800.00
R0012953,I000946-05,LN000946,2026-07-25,975000.00,140400.00
R0012954,I001105-02,LN001105,2026-07-25,441666.67,63600.00
R0012955,I001166-03,LN001166,2026-07-25,141666.67,20400.00
R0012956,I001228-03,LN001228,2026-07-25,3044444.45,328800.00
R0012957,I001304-05,LN001304,2026-07-25,1625000.00,234000.00
R0012958,I001330-07,LN001330,2026-07-25,188888.89,20400.00
R0012959,I001380-02,LN001380,2026-07-25,1083333.34,78000.00
R0012960,I001494-07,LN001494,2026-07-25,1483333.33,213600.00
R0012961,I001638-01,LN001638,2026-07-25,916666.67,132000.00
R0012962,I001823-10,LN001823,2026-07-25,1758333.33,253200.00
R0012963,I001836-05,LN001836,2026-07-25,1058333.33,152400.00
R0012964,I001999-18,LN001999,2026-07-25,1600000.00,345600.00
R0012965,I000054-04,LN000054,2026-07-26,1116666.67,80400.00
R0012966,I000146-09,LN000146,2026-07-26,1416666.66,204000.00
R0012967,I000439-15,LN000439,2026-07-26,261111.11,56400.00
R0012968,I000562-04,LN000562,2026-07-26,4666666.67,336000.00
R0012969,I000863-01,LN000863,2026-07-26,900000.00,64800.00
R0012970,I001086-01,LN001086,2026-07-26,650000.00,46800.00
R0012971,I001192-05,LN001192,2026-07-26,533333.33,38400.00
R0012972,I001218-09,LN001218,2026-07-26,516666.66,74400.00
R0012973,I001300-02,LN001300,2026-07-26,657222.22,70980.00
R0012974,I001335-17,LN001335,2026-07-26,404166.66,87300.00
R0012975,I001423-07,LN001423,2026-07-26,1758333.33,253200.00
R0012976,I001497-04,LN001497,2026-07-26,1633333.34,235200.00
R0012977,I001517-08,LN001517,2026-07-26,1077777.78,232800.00
R0012978,I001548-12,LN001548,2026-07-26,2150000.00,309600.00
R0012979,I001549-04,LN001549,2026-07-26,4683333.33,337200.00
R0012980,I001573-01,LN001573,2026-07-26,4866666.67,350400.00
R0012981,I001654-05,LN001654,2026-07-26,2341666.66,168600.00
R0012982,I001723-06,LN001723,2026-07-26,2277777.78,246000.00
R0012983,I001808-07,LN001808,2026-07-26,583333.33,84000.00
R0012984,I001820-07,LN001820,2026-07-26,2208333.33,318000.00
R0012985,I001847-12,LN001847,2026-07-26,2000000.00,288000.00
R0012986,I001872-13,LN001872,2026-07-26,761111.11,164400.00
R0012987,I001983-05,LN001983,2026-07-26,1188888.89,128400.00
R0012988,I000229-07,LN000229,2026-07-27,522222.22,56400.00
R0012989,I000245-12,LN000245,2026-07-27,2225000.00,320400.00
R0012990,I000455-02,LN000455,2026-07-27,658333.33,47400.00
R0012991,I000485-05,LN000485,2026-07-27,491666.67,70800.00
R0012992,I000823-12,LN000823,2026-07-27,1544444.44,333600.00
R0012993,I000878-04,LN000878,2026-07-27,1050000.00,75600.00
R0012994,I000897-04,LN000897,2026-07-27,2833333.33,204000.00
R0012995,I000977-12,LN000977,2026-07-27,608333.33,87600.00
R0012996,I001222-05,LN001222,2026-07-27,833333.33,60000.00
R0012997,I001420-01,LN001420,2026-07-27,2050000.00,147600.00
R0012998,I001523-04,LN001523,2026-07-27,2291666.67,330000.00
R0012999,I001586-10,LN001586,2026-07-27,1516666.66,218400.00
R0013000,I001592-02,LN001592,2026-07-27,8600000.00,309600.00
R0013001,I001785-01,LN001785,2026-07-27,3022222.23,326400.00
R0013002,I001959-04,LN001959,2026-07-27,708333.34,102000.00
R0013003,I000003-10,LN000003,2026-07-28,933333.33,134400.00
R0013004,I000115-01,LN000115,2026-07-28,2650000.00,190800.00
R0013005,I000121-05,LN000121,2026-07-28,273333.33,19680.00
R0013006,I000121-06,LN000121,2026-07-28,683333.33,49200.00
R0013007,I000334-09,LN000334,2026-07-28,899166.66,194220.00
R0013008,I000609-12,LN000609,2026-07-28,2075000.00,298800.00
R0013009,I000656-04,LN000656,2026-07-28,2325000.00,334800.00
R0013010,I000794-16,LN000794,2026-07-28,94444.44,20400.00
R0013011,I001025-04,LN001025,2026-07-28,460000.00,66240.00
R0013012,I001125-06,LN001125,2026-07-28,2025000.00,291600.00
R0013013,I001212-08,LN001212,2026-07-28,1467916.66,211380.00
R0013014,I001264-04,LN001264,2026-07-28,2111111.11,228000.00
R0013015,I001300-03,LN001300,2026-07-28,1011111.11,109200.00
R0013016,I001366-08,LN001366,2026-07-28,625000.00,90000.00
R0013017,I001458-10,LN001458,2026-07-28,2191666.66,315600.00
R0013018,I001761-01,LN001761,2026-07-28,3400000.00,244800.00
R0013019,I001774-02,LN001774,2026-07-28,1377777.78,297600.00
R0013020,I001835-08,LN001835,2026-07-28,1392083.33,200460.00
R0013021,I001905-02,LN001905,2026-07-28,1275000.00,183600.00
R0013022,I001913-04,LN001913,2026-07-28,466666.67,67200.00
R0013023,I000046-11,LN000046,2026-07-29,1833333.33,264000.00
R0013024,I000161-04,LN000161,2026-07-29,166666.67,24000.00
R0013025,I000267-04,LN000267,2026-07-29,1658333.34,238800.00
R0013026,I000390-06,LN000390,2026-07-29,283333.33,20400.00
R0013027,I000527-02,LN000527,2026-07-29,9900000.00,356400.00
R0013028,I000686-05,LN000686,2026-07-29,2133333.33,230400.00
R0013029,I000749-01,LN000749,2026-07-29,3088888.89,333600.00
R0013030,I000939-04,LN000939,2026-07-29,2450000.00,176400.00
R0013031,I000942-01,LN000942,2026-07-29,4983333.34,358800.00
R0013032,I001109-03,LN001109,2026-07-29,1133333.33,81600.00
R0013033,I001427-06,LN001427,2026-07-29,2400000.00,172800.00
R0013034,I001506-14,LN001506,2026-07-29,1172222.22,253200.00
R0013035,I001609-05,LN001609,2026-07-29,2500000.00,360000.00
R0013036,I001619-01,LN001619,2026-07-29,1466666.67,105600.00
R0013037,I001746-11,LN001746,2026-07-29,166666.66,24000.00
R0013038,I001747-03,LN001747,2026-07-29,933333.33,67200.00
R0013039,I001796-03,LN001796,2026-07-29,2316666.67,166800.00
R0013040,I001875-09,LN001875,2026-07-29,1200000.00,172800.00
R0013041,I000133-08,LN000133,2026-07-30,2175000.00,313200.00
R0013042,I000396-05,LN000396,2026-07-30,2108333.33,303600.00
R0013043,I000408-01,LN000408,2026-07-30,5866666.67,211200.00
R0013044,I000491-04,LN000491,2026-07-30,716666.67,51600.00
R0013045,I000558-06,LN000558,2026-07-30,727777.78,157200.00
R0013046,I000659-02,LN000659,2026-07-30,1633333.34,352800.00
R0013047,I000922-02,LN000922,2026-07-30,1077916.67,155220.00
R0013048,I000963-04,LN000963,2026-07-30,550000.00,39600.00
R0013049,I000984-09,LN000984,2026-07-30,506666.66,72960.00
R0013050,I001723-04,LN001723,2026-07-30,911111.11,98400.00
R0013051,I001723-05,LN001723,2026-07-30,1822222.22,196800.00
R0013052,I001801-07,LN001801,2026-07-30,733333.33,158400.00
R0013053,I001834-01,LN001834,2026-07-30,7666666.67,276000.00
R0013054,I000144-06,LN000144,2026-07-31,2844444.44,307200.00
R0013055,I000207-11,LN000207,2026-07-31,677083.32,97500.00
R0013056,I000214-10,LN000214,2026-07-31,1100000.00,158400.00
R0013057,I000313-07,LN000313,2026-07-31,2375000.00,342000.00
R0013058,I000317-09,LN000317,2026-07-31,425000.00,61200.00
R0013059,I000564-09,LN000564,2026-07-31,716666.66,103200.00
R0013060,I000652-02,LN000652,2026-07-31,3533333.34,254400.00
R0013061,I000873-09,LN000873,2026-07-31,491666.66,70800.00
R0013062,I001196-01,LN001196,2026-07-31,1266666.67,91200.00
R0013063,I001378-02,LN001378,2026-07-31,1533333.34,220800.00
R0013064,I001663-11,LN001663,2026-07-31,533333.33,76800.00
R0013065,I001714-03,LN001714,2026-07-31,222222.22,48000.00
R0013066,I000093-07,LN000093,2026-08-01,2677777.78,289200.00
R0013067,I000167-09,LN000167,2026-08-01,2000000.00,288000.00
R0013068,I000233-03,LN000233,2026-08-01,466666.67,67200.00
R0013069,I000319-04,LN000319,2026-08-01,1366666.67,98400.00
R0013070,I000342-04,LN000342,2026-08-01,3366666.67,242400.00
R0013071,I000414-15,LN000414,2026-08-01,1238888.89,267600.00
R0013072,I000446-01,LN000446,2026-08-01,288888.89,62400.00
R0013073,I000457-06,LN000457,2026-08-01,956666.66,137760.00
R0013074,I000494-04,LN000494,2026-08-01,3233333.33,232800.00
R0013075,I000780-05,LN000780,2026-08-01,1875000.00,270000.00
R0013076,I000984-10,LN000984,2026-08-01,1266666.66,182400.00
R0013077,I001211-01,LN001211,2026-08-01,2111111.12,228000.00
R0013078,I001377-02,LN001377,2026-08-01,4333333.34,312000.00
R0013079,I001393-02,LN001393,2026-08-01,866666.67,187200.00
R0013080,I001520-09,LN001520,2026-08-01,650000.00,140400.00
R0013081,I001699-08,LN001699,2026-08-01,775000.00,111600.00
R0013082,I001763-06,LN001763,2026-08-01,2750000.00,198000.00
R0013083,I000089-03,LN000089,2026-08-02,1422222.22,153600.00
R0013084,I000235-04,LN000235,2026-08-02,991666.67,142800.00
R0013085,I000259-16,LN000259,2026-08-02,288888.89,62400.00
R0013086,I000457-08,LN000457,2026-08-02,2391666.67,344400.00
R0013087,I000480-09,LN000480,2026-08-02,516666.67,111600.00
R0013088,I000743-09,LN000743,2026-08-02,1250000.00,180000.00
R0013089,I000914-07,LN000914,2026-08-02,1458333.33,210000.00
R0013090,I000991-09,LN000991,2026-08-02,1033333.33,111600.00
R0013091,I001037-10,LN001037,2026-08-02,208333.33,30000.00
R0013092,I001217-04,LN001217,2026-08-02,855555.56,92400.00
R0013093,I001363-03,LN001363,2026-08-02,716666.67,103200.00
R0013094,I001477-10,LN001477,2026-08-02,1450000.00,208800.00
R0013095,I001528-01,LN001528,2026-08-02,216666.66,15600.00
R0013096,I001887-05,LN001887,2026-08-02,1975000.00,284400.00
R0013097,I000038-06,LN000038,2026-08-03,281666.66,30420.00
R0013098,I000158-06,LN000158,2026-08-03,2533333.33,182400.00
R0013099,I000225-07,LN000225,2026-08-03,2008333.33,289200.00
R0013100,I000231-07,LN000231,2026-08-03,233333.33,33600.00
R0013101,I000330-10,LN000330,2026-08-03,700000.00,100800.00
R0013102,I000639-03,LN000639,2026-08-03,150000.00,21600.00
R0013103,I000731-08,LN000731,2026-08-03,2091666.67,301200.00
R0013104,I000867-12,LN000867,2026-08-03,1800000.00,259200.00
R0013105,I000916-03,LN000916,2026-08-03,383333.33,27600.00
R0013106,I000955-17,LN000955,2026-08-03,1433333.33,309600.00
R0013107,I001116-07,LN001116,2026-08-03,1206111.10,130260.00
R0013108,I001242-08,LN001242,2026-08-03,2375000.00,342000.00
R0013109,I001281-05,LN001281,2026-08-03,1050000.00,151200.00
R0013110,I001418-09,LN001418,2026-08-03,533333.33,57600.00
R0013111,I001441-10,LN001441,2026-08-03,408333.33,58800.00
R0013112,I001528-02,LN001528,2026-08-03,866666.67,62400.00
R0013113,I001555-01,LN001555,2026-08-03,2833333.34,204000.00
R0013114,I001583-01,LN001583,2026-08-03,1866666.67,134400.00
R0013115,I001716-05,LN001716,2026-08-03,558333.33,80400.00
R0013116,I001757-07,LN001757,2026-08-03,2133333.33,307200.00
R0013117,I001953-01,LN001953,2026-08-03,942500.00,203580.00
R0013118,I000014-01,LN000014,2026-08-04,1255555.56,135600.00
R0013119,I000017-06,LN000017,2026-08-04,2375000.00,342000.00
R0013120,I000038-08,LN000038,2026-08-04,433333.33,46800.00
R0013121,I000049-11,LN000049,2026-08-04,2266666.66,326400.00
R0013122,I000471-10,LN000471,2026-08-04,1150000.00,248400.00
R0013123,I000473-11,LN000473,2026-08-04,1638888.89,354000.00
R0013124,I000705-03,LN000705,2026-08-04,8966666.66,322800.00
R0013125,I000905-04,LN000905,2026-08-04,1350000.00,97200.00
R0013126,I000922-03,LN000922,2026-08-04,1326666.67,191040.00
R0013127,I000932-12,LN000932,2026-08-04,1483333.33,213600.00
R0013128,I001474-10,LN001474,2026-08-04,1041666.66,150000.00
R0013129,I001513-04,LN001513,2026-08-04,2411111.11,260400.00
R0013130,I001569-01,LN001569,2026-08-04,1622222.23,175200.00
R0013131,I001581-12,LN001581,2026-08-04,138888.89,30000.00
R0013132,I000015-10,LN000015,2026-08-05,375000.00,54000.00
R0013133,I000052-02,LN000052,2026-08-05,933333.34,100800.00
R0013134,I000118-05,LN000118,2026-08-05,2511111.11,271200.00
R0013135,I000292-03,LN000292,2026-08-05,7533333.33,271200.00
R0013136,I000346-07,LN000346,2026-08-05,2933333.33,316800.00
R0013137,I000521-02,LN000521,2026-08-05,2783333.34,200400.00
R0013138,I000577-08,LN000577,2026-08-05,3011111.11,325200.00
R0013139,I000579-06,LN000579,2026-08-05,1266666.67,273600.00
R0013140,I000655-05,LN000655,2026-08-05,950000.00,205200.00
R0013141,I000661-08,LN000661,2026-08-05,2133333.33,230400.00
R0013142,I000834-11,LN000834,2026-08-05,583333.33,84000.00
R0013143,I000923-09,LN000923,2026-08-05,2033333.33,292800.00
R0013144,I000967-02,LN000967,2026-08-05,966666.67,139200.00
R0013145,I001154-03,LN001154,2026-08-05,1566666.67,112800.00
R0013146,I001182-06,LN001182,2026-08-05,2116666.66,152400.00
R0013147,I001361-06,LN001361,2026-08-05,1255555.56,271200.00
R0013148,I001480-04,LN001480,2026-08-05,2316666.67,333600.00
R0013149,I001959-05,LN001959,2026-08-05,708333.33,102000.00
R0013150,I000200-05,LN000200,2026-08-06,2750000.00,198000.00
R0013151,I000358-02,LN000358,2026-08-06,850000.00,61200.00
R0013152,I000484-03,LN000484,2026-08-06,2066666.67,297600.00
R0013153,I000712-06,LN000712,2026-08-06,2233333.33,321600.00
R0013154,I000770-01,LN000770,2026-08-06,1016666.67,73200.00
R0013155,I000778-08,LN000778,2026-08-06,1466666.67,316800.00
R0013156,I000791-08,LN000791,2026-08-06,1466666.67,211200.00
R0013157,I001056-06,LN001056,2026-08-06,1766666.67,254400.00
R0013158,I001193-03,LN001193,2026-08-06,2350000.00,169200.00
R0013159,I001266-11,LN001266,2026-08-06,1340000.00,192960.00
R0013160,I001297-08,LN001297,2026-08-06,2655555.55,286800.00
R0013161,I001353-10,LN001353,2026-08-06,1211111.11,261600.00
R0013162,I001423-09,LN001423,2026-08-06,1758333.33,253200.00
R0013163,I001497-05,LN001497,2026-08-06,1633333.33,235200.00
R0013164,I001634-01,LN001634,2026-08-06,2116666.67,304800.00
R0013165,I000086-17,LN000086,2026-08-07,1416666.66,306000.00
R0013166,I000143-03,LN000143,2026-08-07,1758333.34,253200.00
R0013167,I000212-02,LN000212,2026-08-07,208333.34,30000.00
R0013168,I000265-07,LN000265,2026-08-07,875000.00,126000.00
R0013169,I000344-02,LN000344,2026-08-07,2933333.33,105600.00
R0013170,I000386-03,LN000386,2026-08-07,1200000.00,259200.00
R0013171,I000389-07,LN000389,2026-08-07,2988888.89,322800.00
R0013172,I000400-10,LN000400,2026-08-07,2433333.33,350400.00
R0013173,I000506-16,LN000506,2026-08-07,1077777.77,232800.00
R0013174,I000760-05,LN000760,2026-08-07,1055555.56,114000.00
R0013175,I000781-05,LN000781,2026-08-07,1158333.33,166800.00
R0013176,I000799-05,LN000799,2026-08-07,325000.00,46800.00
R0013177,I000811-04,LN000811,2026-08-07,550000.00,79200.00
R0013178,I000895-06,LN000895,2026-08-07,2391666.67,344400.00
R0013179,I000978-05,LN000978,2026-08-07,3683333.33,265200.00
R0013180,I001586-11,LN001586,2026-08-07,1516666.66,218400.00
R0013181,I001691-07,LN001691,2026-08-07,675000.00,97200.00
R0013182,I001837-03,LN001837,2026-08-07,1350000.00,97200.00
R0013183,I001901-01,LN001901,2026-08-07,4566666.67,328800.00
R0013184,I001923-04,LN001923,2026-08-07,384583.33,55380.00
R0013185,I001943-09,LN001943,2026-08-07,1516666.66,218400.00
R0013186,I001956-08,LN001956,2026-08-07,1033333.33,111600.00
R0013187,I000008-10,LN000008,2026-08-08,575000.00,82800.00
R0013188,I000094-06,LN000094,2026-08-08,1011111.11,218400.00
R0013189,I000190-01,LN000190,2026-08-08,1883333.34,271200.00
R0013190,I000362-01,LN000362,2026-08-08,1455555.56,157200.00
R0013191,I000411-13,LN000411,2026-08-08,511111.11,110400.00
R0013192,I000440-06,LN000440,2026-08-08,308333.33,44400.00
R0013193,I000841-14,LN000841,2026-08-08,788888.89,170400.00
R0013194,I001067-06,LN001067,2026-08-08,3266666.66,235200.00
R0013195,I001245-07,LN001245,2026-08-08,2383333.33,343200.00
R0013196,I001428-01,LN001428,2026-08-08,1158333.34,166800.00
R0013197,I001541-05,LN001541,2026-08-08,2450000.00,352800.00
R0013198,I001603-01,LN001603,2026-08-08,555555.56,60000.00
R0013199,I001693-11,LN001693,2026-08-08,500000.00,72000.00
R0013200,I001745-01,LN001745,2026-08-08,1233333.34,177600.00
R0013201,I001942-02,LN001942,2026-08-08,2050000.00,295200.00
R0013202,I000001-01,LN000001,2026-08-09,2358333.34,339600.00
R0013203,I000016-14,LN000016,2026-08-09,783333.33,169200.00
R0013204,I000090-05,LN000090,2026-08-09,2141666.67,308400.00
R0013205,I000154-03,LN000154,2026-08-09,3066666.67,331200.00
R0013206,I000388-01,LN000388,2026-08-09,4000000.00,288000.00
R0013207,I000416-16,LN000416,2026-08-09,800000.00,172800.00
R0013208,I000590-01,LN000590,2026-08-09,458333.34,66000.00
R0013209,I000690-01,LN000690,2026-08-09,1275000.00,183600.00
R0013210,I000824-02,LN000824,2026-08-09,561111.12,121200.00
R0013211,I000840-02,LN000840,2026-08-09,2033333.34,292800.00
R0013212,I000887-12,LN000887,2026-08-09,516666.66,74400.00
R0013213,I000971-01,LN000971,2026-08-09,2133333.34,76800.00
R0013214,I001029-12,LN001029,2026-08-09,866666.66,124800.00
R0013215,I001707-02,LN001707,2026-08-09,1033333.34,111600.00
R0013216,I001822-04,LN001822,2026-08-09,841666.67,121200.00
R0013217,I001861-03,LN001861,2026-08-09,344444.45,74400.00
R0013218,I001875-10,LN001875,2026-08-09,1200000.00,172800.00
R0013219,I000191-02,LN000191,2026-08-10,1088888.89,117600.00
R0013220,I000236-07,LN000236,2026-08-10,2083333.33,300000.00
R0013221,I000546-05,LN000546,2026-08-10,583333.33,84000.00
R0013222,I000726-07,LN000726,2026-08-10,933333.33,134400.00
R0013223,I000972-10,LN000972,2026-08-10,1808333.33,260400.00
R0013224,I000995-05,LN000995,2026-08-10,1066666.66,76800.00
R0013225,I000999-04,LN000999,2026-08-10,1000000.00,216000.00
R0013226,I001082-16,LN001082,2026-08-10,633333.33,136800.00
R0013227,I001190-06,LN001190,2026-08-10,933333.33,100800.00
R0013228,I001340-10,LN001340,2026-08-10,241666.66,34800.00
R0013229,I001388-12,LN001388,2026-08-10,116666.67,25200.00
R0013230,I001595-09,LN001595,2026-08-10,858333.33,123600.00
R0013231,I001604-05,LN001604,2026-08-10,860000.00,123840.00
R0013232,I001606-10,LN001606,2026-08-10,761111.11,164400.00
R0013233,I001771-02,LN001771,2026-08-10,300000.00,43200.00
R0013234,I001872-12,LN001872,2026-08-10,761111.11,164400.00
R0013235,I001946-12,LN001946,2026-08-10,2191666.66,315600.00
R0013236,I000131-03,LN000131,2026-08-11,743333.33,107040.00
R0013237,I000132-10,LN000132,2026-08-11,2125000.00,306000.00
R0013238,I000253-18,LN000253,2026-08-11,1577777.77,340800.00
R0013239,I000263-01,LN000263,2026-08-11,566666.67,40800.00
R0013240,I000443-03,LN000443,2026-08-11,461111.11,99600.00
R0013241,I000497-11,LN000497,2026-08-11,1758333.33,253200.00
R0013242,I000552-03,LN000552,2026-08-11,316666.67,45600.00
R0013243,I000595-07,LN000595,2026-08-11,244444.44,26400.00
R0013244,I000892-08,LN000892,2026-08-11,916666.67,132000.00
R0013245,I001083-01,LN001083,2026-08-11,2458333.34,354000.00
R0013246,I001140-12,LN001140,2026-08-11,875000.00,126000.00
R0013247,I001227-07,LN001227,2026-08-11,1933333.33,208800.00
R0013248,I001239-09,LN001239,2026-08-11,1116666.66,120600.00
R0013249,I001320-15,LN001320,2026-08-11,1405555.55,303600.00
R0013250,I001477-11,LN001477,2026-08-11,1450000.00,208800.00
R0013251,I001515-05,LN001515,2026-08-11,4033333.33,290400.00
R0013252,I001529-05,LN001529,2026-08-11,1466666.67,211200.00
R0013253,I001543-03,LN001543,2026-08-11,1425000.00,205200.00
R0013254,I001625-12,LN001625,2026-08-11,788888.89,170400.00
R0013255,I001632-09,LN001632,2026-08-11,2155555.55,232800.00
R0013256,I001782-06,LN001782,2026-08-11,900000.00,64800.00
R0013257,I001843-02,LN001843,2026-08-11,550000.00,79200.00
R0013258,I001887-06,LN001887,2026-08-11,1975000.00,284400.00
R0013259,I001939-07,LN001939,2026-08-11,1700000.00,244800.00
R0013260,I000008-11,LN000008,2026-08-12,575000.00,82800.00
R0013261,I000165-05,LN000165,2026-08-12,3550000.00,255600.00
R0013262,I000298-05,LN000298,2026-08-12,4600000.00,331200.00
R0013263,I000341-01,LN000341,2026-08-12,7933333.34,285600.00
R0013264,I000366-05,LN000366,2026-08-12,2383333.33,171600.00
R0013265,I000652-05,LN000652,2026-08-12,3533333.33,254400.00
R0013266,I000848-04,LN000848,2026-08-12,358333.34,51600.00
R0013267,I000946-06,LN000946,2026-08-12,975000.00,140400.00
R0013268,I001013-05,LN001013,2026-08-12,2633333.33,189600.00
R0013269,I001113-04,LN001113,2026-08-12,991666.67,142800.00
R0013270,I001166-04,LN001166,2026-08-12,141666.67,20400.00
R0013271,I001292-11,LN001292,2026-08-12,366666.66,52800.00
R0013272,I001494-08,LN001494,2026-08-12,1483333.33,213600.00
R0013273,I001706-05,LN001706,2026-08-12,233333.33,25200.00
R0013274,I001774-01,LN001774,2026-08-12,1377777.78,297600.00
R0013275,I001924-04,LN001924,2026-08-12,1175000.00,169200.00
R0013276,I000004-09,LN000004,2026-08-13,1200000.00,259200.00
R0013277,I000058-04,LN000058,2026-08-13,733333.34,105600.00
R0013278,I000196-14,LN000196,2026-08-13,1000000.00,216000.00
R0013279,I000324-13,LN000324,2026-08-13,1322222.22,285600.00
R0013280,I000410-03,LN000410,2026-08-13,204444.44,44160.00
R0013281,I000478-06,LN000478,2026-08-13,4416666.66,318000.00
R0013282,I000482-11,LN000482,2026-08-13,925000.00,133200.00
R0013283,I000863-02,LN000863,2026-08-13,900000.00,64800.00
R0013284,I001000-02,LN001000,2026-08-13,2783333.34,200400.00
R0013285,I001180-07,LN001180,2026-08-13,1133333.33,122400.00
R0013286,I001232-06,LN001232,2026-08-13,3050000.00,219600.00
R0013287,I001252-12,LN001252,2026-08-13,2133333.33,307200.00
R0013288,I001296-04,LN001296,2026-08-13,460000.00,66240.00
R0013289,I001426-12,LN001426,2026-08-13,494444.44,106800.00
R0013290,I001447-06,LN001447,2026-08-13,4500000.00,324000.00
R0013291,I001663-10,LN001663,2026-08-13,533333.33,76800.00
R0013292,I001749-07,LN001749,2026-08-13,915416.66,131820.00
R0013293,I001838-05,LN001838,2026-08-13,625000.00,90000.00
R0013294,I001861-04,LN001861,2026-08-13,344444.45,74400.00
R0013295,I001989-02,LN001989,2026-08-13,977777.78,105600.00
R0013296,I000063-07,LN000063,2026-08-14,1261111.11,272400.00
R0013297,I000087-08,LN000087,2026-08-14,475000.00,68400.00
R0013298,I000152-02,LN000152,2026-08-14,3983333.34,286800.00
R0013299,I000161-06,LN000161,2026-08-14,166666.67,24000.00
R0013300,I000178-02,LN000178,2026-08-14,877777.78,189600.00
R0013301,I000210-06,LN000210,2026-08-14,4033333.33,290400.00
R0013302,I000216-05,LN000216,2026-08-14,1341666.67,193200.00
R0013303,I000233-02,LN000233,2026-08-14,466666.67,67200.00
R0013304,I000254-04,LN000254,2026-08-14,1141666.67,164400.00
R0013305,I000509-04,LN000509,2026-08-14,1893333.33,136320.00
R0013306,I000586-01,LN000586,2026-08-14,1350000.00,291600.00
R0013307,I000655-06,LN000655,2026-08-14,950000.00,205200.00
R0013308,I000769-15,LN000769,2026-08-14,388888.89,84000.00
R0013309,I000809-03,LN000809,2026-08-14,366666.67,79200.00
R0013310,I000899-11,LN000899,2026-08-14,1166666.66,168000.00
R0013311,I000983-04,LN000983,2026-08-14,946666.66,136320.00
R0013312,I001296-06,LN001296,2026-08-14,575000.00,82800.00
R0013313,I001319-11,LN001319,2026-08-14,758333.33,109200.00
R0013314,I001381-18,LN001381,2026-08-14,933333.33,201600.00
R0013315,I001390-05,LN001390,2026-08-14,233333.33,25200.00
R0013316,I001446-04,LN001446,2026-08-14,2777777.78,300000.00
R0013317,I001631-11,LN001631,2026-08-14,1258333.33,181200.00
R0013318,I001636-05,LN001636,2026-08-14,633333.33,45600.00
R0013319,I001768-10,LN001768,2026-08-14,1116666.66,160800.00
R0013320,I001771-01,LN001771,2026-08-14,150000.00,21600.00
R0013321,I001796-05,LN001796,2026-08-14,2316666.66,166800.00
R0013322,I001814-06,LN001814,2026-08-14,3183333.33,229200.00
R0013323,I000198-02,LN000198,2026-08-15,2733333.34,295200.00
R0013324,I000229-06,LN000229,2026-08-15,522222.22,56400.00
R0013325,I000315-03,LN000315,2026-08-15,1708333.34,246000.00
R0013326,I000443-02,LN000443,2026-08-15,461111.12,99600.00
R0013327,I000733-03,LN000733,2026-08-15,5500000.00,198000.00
R0013328,I000774-01,LN000774,2026-08-15,2425000.00,349200.00
R0013329,I000834-09,LN000834,2026-08-15,583333.33,84000.00
R0013330,I000874-11,LN000874,2026-08-15,350000.00,50400.00
R0013331,I001058-10,LN001058,2026-08-15,533333.33,76800.00
R0013332,I001061-12,LN001061,2026-08-15,633333.33,91200.00
R0013333,I001109-01,LN001109,2026-08-15,1133333.34,81600.00
R0013334,I001344-03,LN001344,2026-08-15,1933333.33,139200.00
R0013335,I001356-08,LN001356,2026-08-15,2308333.33,332400.00
R0013336,I001425-16,LN001425,2026-08-15,1661111.11,358800.00
R0013337,I001538-06,LN001538,2026-08-15,2500000.00,360000.00
R0013338,I001578-03,LN001578,2026-08-15,1366666.67,196800.00
R0013339,I001759-07,LN001759,2026-08-15,500000.00,108000.00
R0013340,I001804-10,LN001804,2026-08-15,183333.33,26400.00
R0013341,I001835-09,LN001835,2026-08-15,2141666.66,308400.00
R0013342,I001871-02,LN001871,2026-08-15,3288888.89,355200.00
R0013343,I000041-05,LN000041,2026-08-16,1975000.00,284400.00
R0013344,I000558-07,LN000558,2026-08-16,727777.78,157200.00
R0013345,I000789-05,LN000789,2026-08-16,233333.34,50400.00
R0013346,I000820-15,LN000820,2026-08-16,1188888.89,256800.00
R0013347,I001007-14,LN001007,2026-08-16,488888.89,105600.00
R0013348,I001209-02,LN001209,2026-08-16,4933333.33,177600.00
R0013349,I001231-04,LN001231,2026-08-16,1341666.67,193200.00
R0013350,I001325-02,LN001325,2026-08-16,1591666.67,229200.00
R0013351,I001431-02,LN001431,2026-08-16,2744444.45,296400.00
R0013352,I001460-18,LN001460,2026-08-16,1344444.44,290400.00
R0013353,I001638-02,LN001638,2026-08-16,916666.67,132000.00
R0013354,I001862-02,LN001862,2026-08-16,5133333.33,184800.00
R0013355,I001892-07,LN001892,2026-08-16,1416666.67,306000.00
R0013356,I001915-10,LN001915,2026-08-16,791666.66,114000.00
R0013357,I000080-03,LN000080,2026-08-17,3716666.67,267600.00
R0013358,I000509-06,LN000509,2026-08-17,2366666.66,170400.00
R0013359,I000562-05,LN000562,2026-08-17,4666666.66,336000.00
R0013360,I000589-02,LN000589,2026-08-17,466666.67,33600.00
R0013361,I000650-02,LN000650,2026-08-17,2600000.00,187200.00
R0013362,I000698-08,LN000698,2026-08-17,355555.55,38400.00
R0013363,I000873-07,LN000873,2026-08-17,491666.67,70800.00
R0013364,I000963-05,LN000963,2026-08-17,550000.00,39600.00
R0013365,I001104-08,LN001104,2026-08-17,483333.33,69600.00
R0013366,I001189-08,LN001189,2026-08-17,775000.00,111600.00
R0013367,I001331-05,LN001331,2026-08-17,4816666.66,346800.00
R0013368,I001520-11,LN001520,2026-08-17,650000.00,140400.00
R0013369,I001605-09,LN001605,2026-08-17,2266666.66,326400.00
R0013370,I001615-16,LN001615,2026-08-17,1255555.55,271200.00
R0013371,I001735-06,LN001735,2026-08-17,966666.66,69600.00
R0013372,I001778-03,LN001778,2026-08-17,1458333.34,210000.00
R0013373,I001863-11,LN001863,2026-08-17,1800000.00,259200.00
R0013374,I001969-06,LN001969,2026-08-17,1950000.00,280800.00
R0013375,I000017-05,LN000017,2026-08-18,2375000.00,342000.00
R0013376,I000142-01,LN000142,2026-08-18,3366666.67,242400.00
R0013377,I000151-11,LN000151,2026-08-18,1241666.66,178800.00
R0013378,I000350-12,LN000350,2026-08-18,1600000.00,345600.00
R0013379,I000438-03,LN000438,2026-08-18,1205555.56,260400.00
R0013380,I000610-06,LN000610,2026-08-18,1316666.67,189600.00
R0013381,I000772-05,LN000772,2026-08-18,1650000.00,237600.00
R0013382,I000841-12,LN000841,2026-08-18,788888.89,170400.00
R0013383,I000904-01,LN000904,2026-08-18,316666.67,22800.00
R0013384,I000910-01,LN000910,2026-08-18,300000.00,43200.00
R0013385,I000915-11,LN000915,2026-08-18,2050000.00,295200.00
R0013386,I001159-02,LN001159,2026-08-18,1741666.67,250800.00
R0013387,I001205-06,LN001205,2026-08-18,233333.34,50400.00
R0013388,I001338-04,LN001338,2026-08-18,1250000.00,270000.00
R0013389,I001368-12,LN001368,2026-08-18,2125000.00,306000.00
R0013390,I001373-11,LN001373,2026-08-18,1958333.33,282000.00
R0013391,I001398-02,LN001398,2026-08-18,2008333.34,289200.00
R0013392,I001487-04,LN001487,2026-08-18,1275000.00,183600.00
R0013393,I001544-18,LN001544,2026-08-18,305555.55,66000.00
R0013394,I001740-09,LN001740,2026-08-18,400000.00,57600.00
R0013395,I001909-01,LN001909,2026-08-18,2233333.34,321600.00
R0013396,I001972-02,LN001972,2026-08-18,9033333.33,325200.00
R0013397,I000406-11,LN000406,2026-08-19,300000.00,43200.00
R0013398,I000439-16,LN000439,2026-08-19,261111.11,56400.00
R0013399,I000550-01,LN000550,2026-08-19,858333.34,123600.00
R0013400,I000706-01,LN000706,2026-08-19,3966666.67,285600.00
R0013401,I000757-04,LN000757,2026-08-19,700000.00,151200.00
R0013402,I000880-03,LN000880,2026-08-19,175000.00,25200.00
R0013403,I000995-06,LN000995,2026-08-19,1066666.66,76800.00
R0013404,I001031-01,LN001031,2026-08-19,4850000.00,349200.00
R0013405,I001467-04,LN001467,2026-08-19,4516666.67,325200.00
R0013406,I001656-07,LN001656,2026-08-19,761111.11,82200.00
R0013407,I001662-01,LN001662,2026-08-19,2150000.00,154800.00
R0013408,I001773-06,LN001773,2026-08-19,450000.00,32400.00
R0013409,I001900-07,LN001900,2026-08-19,841666.67,121200.00
R0013410,I000330-11,LN000330,2026-08-20,700000.00,100800.00
R0013411,I000367-04,LN000367,2026-08-20,3083333.33,222000.00
R0013412,I000469-03,LN000469,2026-08-20,3516666.67,253200.00
R0013413,I000552-04,LN000552,2026-08-20,316666.67,45600.00
R0013414,I000587-01,LN000587,2026-08-20,1305555.56,282000.00
R0013415,I000686-06,LN000686,2026-08-20,2133333.33,230400.00
R0013416,I000732-02,LN000732,2026-08-20,291666.67,42000.00
R0013417,I000926-01,LN000926,2026-08-20,325000.00,46800.00
R0013418,I001337-09,LN001337,2026-08-20,2151111.10,232320.00
R0013419,I001656-08,LN001656,2026-08-20,3044444.44,328800.00
R0013420,I001683-04,LN001683,2026-08-20,1511111.11,163200.00
R0013421,I001785-02,LN001785,2026-08-20,3022222.23,326400.00
R0013422,I001804-09,LN001804,2026-08-20,183333.33,26400.00
R0013423,I001816-12,LN001816,2026-08-20,1600000.00,230400.00
R0013424,I000024-05,LN000024,2026-08-21,1641666.67,236400.00
R0013425,I000030-09,LN000030,2026-08-21,1311111.11,283200.00
R0013426,I000052-04,LN000052,2026-08-21,933333.33,100800.00
R0013427,I000146-10,LN000146,2026-08-21,1416666.66,204000.00
R0013428,I000308-03,LN000308,2026-08-21,1177777.78,254400.00
R0013429,I000399-01,LN000399,2026-08-21,216666.67,31200.00
R0013430,I000508-11,LN000508,2026-08-21,883333.33,127200.00
R0013431,I000575-02,LN000575,2026-08-21,3666666.67,264000.00
R0013432,I000684-10,LN000684,2026-08-21,2366666.66,340800.00
R0013433,I000767-06,LN000767,2026-08-21,2183333.33,157200.00
R0013434,I000903-06,LN000903,2026-08-21,1683333.33,242400.00
R0013435,I000916-04,LN000916,2026-08-21,383333.33,27600.00
R0013436,I000927-01,LN000927,2026-08-21,4116666.67,296400.00
R0013437,I001269-01,LN001269,2026-08-21,283333.34,20400.00
R0013438,I001300-04,LN001300,2026-08-21,1011111.11,109200.00
R0013439,I001354-01,LN001354,2026-08-21,2922222.23,315600.00
R0013440,I001366-09,LN001366,2026-08-21,625000.00,90000.00
R0013441,I001498-02,LN001498,2026-08-21,1100000.00,158400.00
R0013442,I001500-05,LN001500,2026-08-21,4666666.66,336000.00
R0013443,I001741-04,LN001741,2026-08-21,1975000.00,284400.00
R0013444,I001768-11,LN001768,2026-08-21,1116666.66,160800.00
R0013445,I001870-05,LN001870,2026-08-21,1553333.33,223680.00
R0013446,I000046-12,LN000046,2026-08-22,1833333.33,264000.00
R0013447,I000071-03,LN000071,2026-08-22,1850000.00,133200.00
R0013448,I000168-03,LN000168,2026-08-22,1950000.00,280800.00
R0013449,I000256-03,LN000256,2026-08-22,277777.78,60000.00
R0013450,I000426-12,LN000426,2026-08-22,1225000.00,176400.00
R0013451,I000634-04,LN000634,2026-08-22,1116666.67,160800.00
R0013452,I000651-01,LN000651,2026-08-22,395416.67,56940.00
R0013453,I000777-17,LN000777,2026-08-22,211111.11,45600.00
R0013454,I001018-04,LN001018,2026-08-22,141666.67,20400.00
R0013455,I001043-04,LN001043,2026-08-22,125000.00,18000.00
R0013456,I001091-05,LN001091,2026-08-22,1941666.67,279600.00
R0013457,I001110-05,LN001110,2026-08-22,3850000.00,277200.00
R0013458,I001210-03,LN001210,2026-08-22,3366666.66,121200.00
R0013459,I001243-08,LN001243,2026-08-22,233333.33,33600.00
R0013460,I001400-09,LN001400,2026-08-22,583333.33,84000.00
R0013461,I001441-09,LN001441,2026-08-22,408333.33,58800.00
R0013462,I001490-09,LN001490,2026-08-22,2322222.22,250800.00
R0013463,I001680-05,LN001680,2026-08-22,1011111.11,218400.00
R0013464,I001775-05,LN001775,2026-08-22,1577777.78,170400.00
R0013465,I001791-01,LN001791,2026-08-22,550000.00,79200.00
R0013466,I001802-02,LN001802,2026-08-22,2900000.00,208800.00
R0013467,I001870-07,LN001870,2026-08-22,1941666.67,279600.00
R0013468,I000115-02,LN000115,2026-08-23,2650000.00,190800.00
R0013469,I000280-10,LN000280,2026-08-23,270833.33,58500.00
R0013470,I000345-11,LN000345,2026-08-23,608333.33,87600.00
R0013471,I000414-16,LN000414,2026-08-23,805277.77,173940.00
R0013472,I000483-05,LN000483,2026-08-23,1616666.67,232800.00
R0013473,I000608-14,LN000608,2026-08-23,633333.33,136800.00
R0013474,I000685-12,LN000685,2026-08-23,1491666.66,214800.00
R0013475,I000994-14,LN000994,2026-08-23,888888.89,192000.00
R0013476,I001088-08,LN001088,2026-08-23,1800000.00,194400.00
R0013477,I001120-02,LN001120,2026-08-23,666666.67,144000.00
R0013478,I001203-06,LN001203,2026-08-23,4350000.00,313200.00
R0013479,I001254-08,LN001254,2026-08-23,2722222.22,294000.00
R0013480,I001501-15,LN001501,2026-08-23,994444.44,214800.00
R0013481,I001513-02,LN001513,2026-08-23,2411111.11,260400.00
R0013482,I001539-13,LN001539,2026-08-23,377777.78,81600.00
R0013483,I001706-06,LN001706,2026-08-23,233333.33,25200.00
R0013484,I001717-09,LN001717,2026-08-23,3300000.00,356400.00
R0013485,I001942-03,LN001942,2026-08-23,1025000.00,147600.00
R0013486,I000028-07,LN000028,2026-08-24,658333.33,94800.00
R0013487,I000066-03,LN000066,2026-08-24,138888.89,30000.00
R0013488,I000078-09,LN000078,2026-08-24,644444.44,139200.00
R0013489,I000197-02,LN000197,2026-08-24,1958333.34,282000.00
R0013490,I000218-03,LN000218,2026-08-24,75000.00,16200.00
R0013491,I000235-05,LN000235,2026-08-24,991666.67,142800.00
R0013492,I000335-01,LN000335,2026-08-24,830555.55,89700.00
R0013493,I000419-01,LN000419,2026-08-24,1850000.00,266400.00
R0013494,I000564-10,LN000564,2026-08-24,716666.66,103200.00
R0013495,I000584-01,LN000584,2026-08-24,1758333.34,253200.00
R0013496,I000712-07,LN000712,2026-08-24,2233333.33,321600.00
R0013497,I000751-01,LN000751,2026-08-24,3600000.00,129600.00
R0013498,I000770-02,LN000770,2026-08-24,1016666.67,73200.00
R0013499,I000881-11,LN000881,2026-08-24,700000.00,100800.00
R0013500,I000967-01,LN000967,2026-08-24,966666.67,139200.00
R0013501,I001006-14,LN001006,2026-08-24,1444444.44,312000.00
R0013502,I001016-07,LN001016,2026-08-24,822222.22,88800.00
R0013503,I001156-04,LN001156,2026-08-24,450000.00,64800.00
R0013504,I001378-03,LN001378,2026-08-24,1533333.34,220800.00
R0013505,I001549-05,LN001549,2026-08-24,4683333.33,337200.00
R0013506,I001619-02,LN001619,2026-08-24,1466666.67,105600.00
R0013507,I001769-09,LN001769,2026-08-24,672222.22,145200.00
R0013508,I001836-04,LN001836,2026-08-24,687916.67,99060.00
R0013509,I001917-01,LN001917,2026-08-24,1600000.00,230400.00
R0013510,I001942-04,LN001942,2026-08-24,2050000.00,295200.00
R0013511,I000041-06,LN000041,2026-08-25,1975000.00,284400.00
R0013512,I000160-02,LN000160,2026-08-25,7633333.33,274800.00
R0013513,I000183-02,LN000183,2026-08-25,1683333.34,121200.00
R0013514,I000218-05,LN000218,2026-08-25,150000.00,32400.00
R0013515,I000485-06,LN000485,2026-08-25,491666.67,70800.00
R0013516,I000551-10,LN000551,2026-08-25,1783333.33,256800.00
R0013517,I000839-16,LN000839,2026-08-25,1622222.22,350400.00
R0013518,I000877-01,LN000877,2026-08-25,2375000.00,342000.00
R0013519,I000922-04,LN000922,2026-08-25,1658333.34,238800.00
R0013520,I001010-09,LN001010,2026-08-25,666666.66,96000.00
R0013521,I001066-09,LN001066,2026-08-25,944444.44,102000.00
R0013522,I001138-01,LN001138,2026-08-25,1408333.34,202800.00
R0013523,I001332-08,LN001332,2026-08-25,205555.56,44400.00
R0013524,I001380-03,LN001380,2026-08-25,704166.66,50700.00
R0013525,I001450-03,LN001450,2026-08-25,533333.33,38400.00
R0013526,I001468-05,LN001468,2026-08-25,2466666.67,355200.00
R0013527,I001578-01,LN001578,2026-08-25,1366666.67,196800.00
R0013528,I001592-03,LN001592,2026-08-25,8600000.00,309600.00
R0013529,I001654-06,LN001654,2026-08-25,1873333.33,134880.00
R0013530,I001836-06,LN001836,2026-08-25,1058333.33,152400.00
R0013531,I000062-01,LN000062,2026-08-26,3250000.00,234000.00
R0013532,I000108-10,LN000108,2026-08-26,1016666.66,146400.00
R0013533,I000480-10,LN000480,2026-08-26,516666.67,111600.00
R0013534,I000618-08,LN000618,2026-08-26,1422222.22,307200.00
R0013535,I000656-05,LN000656,2026-08-26,2325000.00,334800.00
R0013536,I000688-01,LN000688,2026-08-26,811111.12,87600.00
R0013537,I000726-09,LN000726,2026-08-26,933333.33,134400.00
R0013538,I001050-06,LN001050,2026-08-26,1550000.00,223200.00
R0013539,I001192-06,LN001192,2026-08-26,533333.33,38400.00
R0013540,I001218-10,LN001218,2026-08-26,516666.66,74400.00
R0013541,I001363-04,LN001363,2026-08-26,573333.33,82560.00
R0013542,I001379-01,LN001379,2026-08-26,945833.33,136200.00
R0013543,I001517-09,LN001517,2026-08-26,1077777.78,232800.00
R0013544,I001518-06,LN001518,2026-08-26,2200000.00,158400.00
R0013545,I001694-12,LN001694,2026-08-26,1216666.66,175200.00
R0013546,I001709-05,LN001709,2026-08-26,1083333.33,78000.00
R0013547,I001714-04,LN001714,2026-08-26,555555.56,120000.00
R0013548,I001723-07,LN001723,2026-08-26,2277777.78,246000.00
R0013549,I001753-01,LN001753,2026-08-26,2616666.67,188400.00
R0013550,I001872-14,LN001872,2026-08-26,761111.11,164400.00
R0013551,I001905-03,LN001905,2026-08-26,1275000.00,183600.00
R0013552,I000354-01,LN000354,2026-08-27,850000.00,122400.00
R0013553,I000443-05,LN000443,2026-08-27,461111.11,99600.00
R0013554,I000661-09,LN000661,2026-08-27,2133333.33,230400.00
R0013555,I000871-07,LN000871,2026-08-27,445833.33,64200.00
R0013556,I001005-09,LN001005,2026-08-27,377777.77,40800.00
R0013557,I001109-04,LN001109,2026-08-27,1133333.33,81600.00
R0013558,I001142-03,LN001142,2026-08-27,1126666.67,162240.00
R0013559,I001222-06,LN001222,2026-08-27,833333.33,60000.00
R0013560,I001252-11,LN001252,2026-08-27,2133333.33,307200.00
R0013561,I001323-05,LN001323,2026-08-27,458333.33,66000.00
R0013562,I001338-05,LN001338,2026-08-27,1250000.00,270000.00
R0013563,I001410-13,LN001410,2026-08-27,1316666.66,284400.00
R0013564,I001422-01,LN001422,2026-08-27,2134166.67,153660.00
R0013565,I001506-15,LN001506,2026-08-27,1172222.22,253200.00
R0013566,I001523-05,LN001523,2026-08-27,2291666.67,330000.00
R0013567,I001689-07,LN001689,2026-08-27,2137777.77,230880.00
R0013568,I001747-04,LN001747,2026-08-27,933333.33,67200.00
R0013569,I000003-11,LN000003,2026-08-28,933333.33,134400.00
R0013570,I000010-07,LN000010,2026-08-28,2477777.78,267600.00
R0013571,I000039-04,LN000039,2026-08-28,666666.67,96000.00
R0013572,I000081-05,LN000081,2026-08-28,3288888.89,355200.00
R0013573,I000184-05,LN000184,2026-08-28,2183333.33,314400.00
R0013574,I000318-09,LN000318,2026-08-28,1283333.33,277200.00
R0013575,I000392-15,LN000392,2026-08-28,150000.00,32400.00
R0013576,I000787-04,LN000787,2026-08-28,2458333.34,354000.00
R0013577,I000814-05,LN000814,2026-08-28,1166666.67,168000.00
R0013578,I000875-02,LN000875,2026-08-28,200000.00,21600.00
R0013579,I001025-05,LN001025,2026-08-28,460000.00,66240.00
R0013580,I001208-01,LN001208,2026-08-28,3966666.67,142800.00
R0013581,I001573-02,LN001573,2026-08-28,4866666.67,350400.00
R0013582,I001604-06,LN001604,2026-08-28,2150000.00,309600.00
R0013583,I001689-09,LN001689,2026-08-28,3288888.88,355200.00
R0013584,I001761-02,LN001761,2026-08-28,3400000.00,244800.00
R0013585,I001774-03,LN001774,2026-08-28,1377777.78,297600.00
R0013586,I001777-12,LN001777,2026-08-28,1211111.11,261600.00
R0013587,I001808-08,LN001808,2026-08-28,583333.33,84000.00
R0013588,I001820-08,LN001820,2026-08-28,2208333.33,318000.00
R0013589,I001913-05,LN001913,2026-08-28,466666.67,67200.00
R0013590,I001924-06,LN001924,2026-08-28,1175000.00,169200.00
R0013591,I001973-09,LN001973,2026-08-28,1711111.11,184800.00
R0013592,I000215-02,LN000215,2026-08-29,1280000.00,138240.00
R0013593,I000267-05,LN000267,2026-08-29,1658333.33,238800.00
R0013594,I000297-12,LN000297,2026-08-29,2183333.33,314400.00
R0013595,I000305-06,LN000305,2026-08-29,1533333.33,220800.00
R0013596,I000334-12,LN000334,2026-08-29,1383333.33,298800.00
R0013597,I000410-04,LN000410,2026-08-29,511111.11,110400.00
R0013598,I000455-04,LN000455,2026-08-29,1316666.67,94800.00
R0013599,I000527-03,LN000527,2026-08-29,9900000.00,356400.00
R0013600,I000699-01,LN000699,2026-08-29,1622222.23,175200.00
R0013601,I000878-05,LN000878,2026-08-29,1050000.00,75600.00
R0013602,I000879-05,LN000879,2026-08-29,2108333.33,303600.00
R0013603,I001212-11,LN001212,2026-08-29,2258333.33,325200.00
R0013604,I001622-01,LN001622,2026-08-29,7200000.00,259200.00
R0013605,I001746-12,LN001746,2026-08-29,166666.66,24000.00
R0013606,I000093-08,LN000093,2026-08-30,2677777.77,289200.00
R0013607,I000133-09,LN000133,2026-08-30,2175000.00,313200.00
R0013608,I000335-02,LN000335,2026-08-30,830555.55,89700.00
R0013609,I000398-18,LN000398,2026-08-30,750000.00,162000.00
R0013610,I000399-02,LN000399,2026-08-30,216666.67,31200.00
R0013611,I000408-02,LN000408,2026-08-30,5866666.67,211200.00
R0013612,I000575-03,LN000575,2026-08-30,3666666.67,264000.00
R0013613,I000659-03,LN000659,2026-08-30,1633333.34,352800.00
R0013614,I000771-03,LN000771,2026-08-30,1133333.34,163200.00
R0013615,I000785-01,LN000785,2026-08-30,1283333.34,92400.00
R0013616,I000849-05,LN000849,2026-08-30,1005555.56,217200.00
R0013617,I000871-08,LN000871,2026-08-30,891666.67,128400.00
R0013618,I000984-11,LN000984,2026-08-30,1266666.66,182400.00
R0013619,I001018-05,LN001018,2026-08-30,141666.67,20400.00
R0013620,I001125-07,LN001125,2026-08-30,2025000.00,291600.00
R0013621,I001140-11,LN001140,2026-08-30,875000.00,126000.00
R0013622,I001422-03,LN001422,2026-08-30,3283333.33,236400.00
R0013623,I001768-12,LN001768,2026-08-30,1116666.66,160800.00
R0013624,I001801-08,LN001801,2026-08-30,733333.33,158400.00
R0013625,I001834-02,LN001834,2026-08-30,7666666.67,276000.00
R0013626,I000031-03,LN000031,2026-08-31,2877777.78,310800.00
R0013627,I000100-08,LN000100,2026-08-31,166666.67,24000.00
R0013628,I000144-07,LN000144,2026-08-31,2844444.44,307200.00
R0013629,I000214-11,LN000214,2026-08-31,1100000.00,158400.00
R0013630,I000290-07,LN000290,2026-08-31,575000.00,82800.00
R0013631,I000461-03,LN000461,2026-08-31,3000000.00,216000.00
R0013632,I000538-01,LN000538,2026-08-31,1666666.67,60000.00
R0013633,I000727-02,LN000727,2026-08-31,611111.11,66000.00
R0013634,I000755-07,LN000755,2026-08-31,638888.89,138000.00
R0013635,I000833-02,LN000833,2026-08-31,525000.00,75600.00
R0013636,I000873-10,LN000873,2026-08-31,491666.66,70800.00
R0013637,I000939-05,LN000939,2026-08-31,2450000.00,176400.00
R0013638,I001217-05,LN001217,2026-08-31,855555.56,92400.00
R0013639,I001294-03,LN001294,2026-08-31,1188888.89,128400.00
R0013640,I001691-05,LN001691,2026-08-31,675000.00,97200.00
R0013641,I001898-01,LN001898,2026-08-31,4633333.34,333600.00
